/*******************************************************************************
 * Size: 36 px
 * Bpp: 4
 * Generated with scripts/generate_tab5_fonts.py; source: LXGW WenKai, SIL OFL 1.1.
 ******************************************************************************/

#ifdef LV_LVGL_H_INCLUDE_SIMPLE
#include "lvgl.h"
#else
#include "lvgl.h"
#endif

#ifndef QD_FONT_LXGW_36
#define QD_FONT_LXGW_36 1
#endif

#if QD_FONT_LXGW_36

/*-----------------
 *    BITMAPS
 *----------------*/

/*Store the image of the glyphs*/
static LV_ATTRIBUTE_LARGE_CONST const uint8_t glyph_bitmap[] = {
    /* U+0020 " " */

    /* U+0021 "!" */
    0xe, 0xe3, 0x80, 0x4, 0x50, 0x0, 0x10, 0x20,
    0xc, 0x20, 0x1f, 0x18, 0x38, 0x7, 0xf0, 0x80,
    0x7c, 0x20, 0x60, 0x1f, 0xc2, 0x1, 0xf3, 0x87,
    0x80, 0x7f, 0x8, 0x7, 0xc2, 0x6, 0x0, 0x10,
    0xd, 0xc, 0xc0, 0x1, 0xc9, 0x80, 0x78, 0xbb,
    0xd4, 0x28, 0x42, 0x83, 0x80, 0x22, 0x65, 0x5,
    0x20,

    /* U+0022 "\"" */
    0x3e, 0xe1, 0x4, 0x7d, 0xb0, 0x89, 0x80, 0xc1,
    0x44, 0x3, 0xff, 0x80, 0x20, 0x6e, 0x0, 0x70,
    0xf, 0xe3, 0x1, 0x10, 0x0, 0x40, 0x3f, 0x84,
    0x1c, 0xc0, 0x6, 0x1e, 0x0, 0x1e, 0xd1, 0x7,
    0xda,

    /* U+0023 "#" */
    0x0, 0xf2, 0x7e, 0x0, 0x75, 0x74, 0x0, 0x7f,
    0x18, 0x8, 0x7, 0x38, 0xf8, 0x7, 0xf7, 0x3,
    0x80, 0x71, 0x1, 0x80, 0x7f, 0x28, 0x68, 0x6,
    0x20, 0x2, 0x80, 0x7f, 0x10, 0x10, 0x6, 0x60,
    0x0, 0x80, 0x7e, 0x11, 0x3, 0x80, 0x63, 0x3,
    0x0, 0xe9, 0xff, 0xb8, 0x1, 0xbf, 0xfa, 0x0,
    0xff, 0xe7, 0x0, 0xff, 0xe3, 0xe8, 0x4e, 0x64,
    0xc0, 0x79, 0x9c, 0x21, 0x19, 0x95, 0x0, 0xc,
    0xe0, 0x2, 0x99, 0xf0, 0x81, 0x9e, 0x0, 0xf1,
    0x7, 0x0, 0x61, 0x0, 0x30, 0x7, 0xf3, 0x1,
    0x0, 0x62, 0x0, 0x10, 0x7, 0xf1, 0x3, 0x0,
    0x66, 0x1, 0x0, 0xfe, 0x20, 0x1, 0x0, 0x62,
    0x2, 0x0, 0xfe, 0x60, 0x0, 0x80, 0x6e, 0x6,
    0x0, 0xf1, 0x14, 0x60, 0x24, 0x5c, 0xa0, 0x64,
    0x50, 0x2, 0x77, 0x68, 0x1, 0xdd, 0xe3, 0x6,
    0xdd, 0xa4, 0x3c, 0x3, 0xff, 0x8e, 0xdf, 0xf1,
    0x84, 0x7f, 0xed, 0x0, 0x77, 0xfd, 0x20, 0x1c,
    0x40, 0x40, 0x19, 0x80, 0x2, 0x1, 0xfc, 0x20,
    0xc0, 0x18, 0x80, 0x80, 0x3f, 0x88, 0x0, 0x40,
    0x1b, 0x81, 0x80, 0x3f, 0x98, 0x0, 0x20, 0x18,
    0x80, 0x80, 0x3f, 0x8c, 0x8, 0x3, 0x98, 0x38,
    0x3, 0xfb, 0x40, 0x40, 0x38, 0xc0, 0x40, 0x3f,
    0x84, 0x10, 0x3, 0x10, 0xa, 0x80, 0x78,

    /* U+0024 "$" */
    0x0, 0xfc, 0xbf, 0x60, 0x1f, 0xfc, 0x64, 0x20,
    0xf, 0xfe, 0xa, 0x44, 0x80, 0x3a, 0x54, 0x3,
    0xf8, 0xf2, 0xdc, 0xc0, 0x6, 0xd5, 0xce, 0x1,
    0xe6, 0xc3, 0x2, 0x40, 0x3, 0x18, 0xc, 0x68,
    0x80, 0x4b, 0x20, 0x37, 0xbe, 0x0, 0x8c, 0xd4,
    0x2, 0x60, 0xa, 0xc0, 0x7d, 0x0, 0x3c, 0x56,
    0xc0, 0x20, 0x5, 0x10, 0x81, 0x0, 0xfe, 0x9a,
    0x60, 0x1, 0x0, 0x1c, 0x3, 0xfe, 0x50, 0xb,
    0xc0, 0x3f, 0xf8, 0xda, 0x0, 0x70, 0xf, 0xfe,
    0x1a, 0x88, 0x4c, 0x8, 0x7, 0xff, 0xb, 0x44,
    0x1f, 0xaf, 0x40, 0x3f, 0xf8, 0x7, 0xea, 0x0,
    0x46, 0x0, 0x5a, 0x0, 0x7f, 0xd, 0x74, 0x20,
    0x4, 0xb7, 0xd0, 0x1, 0xfc, 0x2f, 0x76, 0x0,
    0x8, 0xb, 0xf1, 0x80, 0x7f, 0xf0, 0x7f, 0x14,
    0x7, 0xc, 0x3, 0xff, 0x82, 0x75, 0x60, 0xe,
    0x0, 0xff, 0xe1, 0xa4, 0x1, 0x28, 0x7, 0xff,
    0xd, 0xc0, 0x1e, 0x1, 0xff, 0xc4, 0x30, 0x60,
    0xf, 0xfe, 0x23, 0x80, 0x4c, 0x1, 0xff, 0xc2,
    0x60, 0x77, 0x4c, 0x0, 0x7f, 0xf0, 0x8, 0x81,
    0x98, 0x7, 0x60, 0xf, 0xfa, 0x40, 0xd, 0x2,
    0x13, 0x42, 0x1, 0xf0, 0xda, 0x3, 0x89, 0xe0,
    0x82, 0xf5, 0x29, 0x80, 0x1e, 0x79, 0x1, 0x20,
    0x0, 0x5e, 0xc0, 0x5, 0xa8, 0x0, 0x4b, 0x0,
    0x1e, 0xc0, 0x30, 0xce, 0xc1, 0x88, 0x6, 0x37,
    0xe8, 0x0, 0xf8, 0x9f, 0x3a, 0xc0, 0x1b, 0x90,
    0x20, 0x1f, 0xfc, 0x1, 0x0, 0xff, 0xe4, 0x88,
    0x7, 0xff, 0xd, 0xcc, 0x4, 0x3, 0xe0,

    /* U+0025 "%" */
    0x0, 0xff, 0xe4, 0x5b, 0x0, 0x7f, 0xf2, 0xd1,
    0x10, 0x1, 0xe5, 0xee, 0x7f, 0xba, 0x88, 0x3,
    0xfa, 0x40, 0x50, 0x3, 0xd, 0x8, 0x80, 0x2,
    0xba, 0x60, 0x1f, 0x39, 0x0, 0x7d, 0x20, 0x2,
    0xbe, 0xd3, 0xd, 0x0, 0xf0, 0xc0, 0x1, 0x90,
    0x3, 0x20, 0x16, 0xa0, 0x96, 0x80, 0xb0, 0x7,
    0x58, 0x0, 0xa4, 0x3, 0x8c, 0x2c, 0x3, 0xb,
    0x6, 0x0, 0x64, 0x50, 0x7, 0x0, 0x7e, 0x50,
    0xe, 0xe0, 0x60, 0xd, 0x20, 0x7, 0x30, 0xf,
    0xfe, 0x10, 0x80, 0x74, 0x10, 0x14, 0x0, 0x7c,
    0x40, 0xc0, 0x1d, 0xe0, 0xc0, 0x2, 0x70, 0x4,
    0x80, 0x7e, 0x40, 0xe0, 0xe, 0x70, 0xc0, 0x4,
    0x80, 0x19, 0x0, 0x3f, 0x58, 0x25, 0x18, 0x9e,
    0x8, 0x98, 0x15, 0x0, 0x64, 0x3, 0xf8, 0xa4,
    0x17, 0x3b, 0xc, 0x28, 0x1, 0x60, 0xa, 0x0,
    0xff, 0x9a, 0xd0, 0x40, 0x57, 0x50, 0x24, 0x41,
    0x50, 0x3, 0xff, 0x80, 0x97, 0xdf, 0xd4, 0x40,
    0x6c, 0x3, 0x60, 0x1f, 0xfc, 0x9f, 0x0, 0x58,
    0x80, 0x1f, 0x7f, 0xa8, 0x80, 0x3f, 0xf8, 0xc,
    0x60, 0x8a, 0xb, 0xf0, 0x40, 0x2b, 0xa6, 0x1,
    0xfe, 0x18, 0x0, 0x50, 0xd, 0x1, 0x5f, 0xe9,
    0x87, 0x0, 0x7f, 0xac, 0x42, 0x44, 0x18, 0x7,
    0x10, 0xb, 0x40, 0x94, 0x3, 0xf2, 0x28, 0x1b,
    0x0, 0x2c, 0x18, 0x40, 0x21, 0x50, 0xf0, 0xf,
    0xd2, 0x0, 0xe0, 0x8, 0x83, 0x0, 0x3b, 0x41,
    0x80, 0x3e, 0x72, 0x8, 0x20, 0x8, 0x41, 0xc0,
    0x38, 0x80, 0x40, 0x3c, 0x30, 0x4, 0xe0, 0x1e,
    0x70, 0xe, 0x30, 0x10, 0xf, 0x50, 0x3, 0x80,
    0x38, 0xc0, 0xc0, 0x3b, 0xc1, 0x40, 0x39, 0x10,
    0xe, 0x60, 0x1c, 0x81, 0x40, 0x18, 0x5c, 0x30,
    0x3, 0xd, 0x1, 0x40, 0x7, 0xa8, 0xa, 0xcc,
    0x4f, 0x44, 0x94, 0x3, 0x58, 0x84, 0x80, 0x7c,
    0x52, 0x9, 0x9d, 0x86, 0x1c, 0x1, 0xc8, 0xa,
    0x80, 0x1f, 0x9b, 0x14, 0x40, 0x57, 0x4c, 0x3,
    0xac, 0xac, 0x3, 0xfc, 0x75, 0xdf, 0xd4, 0x40,
    0x0,

    /* U+0026 "&" */
    0x0, 0xf9, 0xb3, 0xbf, 0xa4, 0x40, 0x3f, 0xf8,
    0x83, 0x92, 0x62, 0x2, 0xde, 0x20, 0x1f, 0xfc,
    0x3d, 0x30, 0x9f, 0xf5, 0x80, 0xc0, 0x7, 0xff,
    0x9, 0x4c, 0x29, 0x80, 0x8, 0xa0, 0x80, 0x1f,
    0xfc, 0x2c, 0x2, 0x50, 0xc, 0x40, 0x60, 0x1f,
    0xfc, 0x22, 0x7, 0x0, 0xe3, 0x5, 0x0, 0xff,
    0xe1, 0x8, 0x8, 0x6, 0x34, 0xd, 0x0, 0xff,
    0xe1, 0x60, 0x28, 0x4, 0x3c, 0x4, 0xc0, 0x1f,
    0xfc, 0x27, 0x1, 0x50, 0x1c, 0x20, 0xf0, 0xf,
    0xfe, 0x18, 0xb0, 0x5a, 0xf9, 0x6, 0x10, 0x7,
    0xff, 0x12, 0x4, 0x54, 0x22, 0xd3, 0x0, 0xff,
    0xe3, 0x18, 0x0, 0xbc, 0x80, 0x3e, 0x3e, 0x50,
    0xf, 0x8f, 0xc8, 0x0, 0x48, 0x1, 0xfa, 0xc6,
    0x80, 0x3c, 0x78, 0x25, 0xaa, 0x14, 0x60, 0x1f,
    0x28, 0x10, 0x7, 0x16, 0x81, 0xe9, 0x51, 0x86,
    0x90, 0x7, 0x11, 0x2, 0x80, 0x3b, 0xc4, 0xb4,
    0x2, 0xd2, 0x1f, 0x10, 0xd, 0x40, 0x6, 0x0,
    0xcc, 0x41, 0xe2, 0x1, 0xf, 0x89, 0x68, 0x6,
    0x60, 0x71, 0x0, 0xd4, 0xa, 0x40, 0x1c, 0x5a,
    0x7, 0x60, 0x7, 0x10, 0x90, 0xe, 0x30, 0xf0,
    0xf, 0x8e, 0xc1, 0x28, 0xa0, 0x1c, 0x40, 0x30,
    0x80, 0x4, 0x3, 0xf2, 0x50, 0x2e, 0x81, 0x40,
    0x7, 0xe1, 0x0, 0xfe, 0x59, 0x0, 0xa4, 0x3,
    0xc2, 0x20, 0xf0, 0xf, 0xf7, 0x0, 0x5c, 0x1,
    0xf3, 0x82, 0xa8, 0x3, 0xe3, 0xc7, 0x3, 0x5,
    0xa0, 0xf, 0x40, 0x85, 0x51, 0x4, 0x44, 0xd7,
    0x86, 0xf, 0x92, 0xb, 0x84, 0x1, 0x87, 0x44,
    0x16, 0xfb, 0x9b, 0x28, 0x5, 0x70, 0xd, 0x40,
    0x7b, 0x2, 0x1, 0x1f, 0x4a, 0x10, 0x0, 0x4d,
    0xf3, 0x50, 0x2, 0x5e, 0x83, 0x5c, 0x20,

    /* U+0027 "'" */
    0xc, 0xf7, 0x3, 0xe, 0x0, 0xf8, 0x40, 0x40,
    0x3e, 0x30, 0xf0, 0xe, 0x10, 0x10, 0xdc, 0x60,

    /* U+0028 "(" */
    0x0, 0xfa, 0xdc, 0x3, 0xd6, 0x88, 0x0, 0xe7,
    0x48, 0x30, 0xc, 0x50, 0x4e, 0x1, 0xd0, 0x10,
    0x1, 0xc6, 0xa2, 0xa0, 0x1d, 0x20, 0xc0, 0x1c,
    0x2a, 0x16, 0x1, 0xd2, 0x2, 0x60, 0x1c, 0xa0,
    0xe0, 0x1c, 0x64, 0x18, 0x1, 0xc8, 0x0, 0x70,
    0xe, 0xc0, 0x12, 0x0, 0xe4, 0x5, 0x0, 0xe1,
    0x0, 0x10, 0x7, 0x10, 0x3, 0x80, 0x39, 0x80,
    0x2, 0x1, 0xf8, 0xc0, 0x38, 0xc0, 0x2, 0x1,
    0xc6, 0x0, 0x10, 0xe, 0x10, 0x1, 0x80, 0x73,
    0x80, 0x4, 0x3, 0x8c, 0x1, 0xc0, 0x1e, 0x10,
    0x50, 0xf, 0x20, 0x18, 0x7, 0xbc, 0x0, 0x60,
    0x1c, 0x80, 0x4, 0x0, 0xe1, 0x60, 0xb0, 0xf,
    0x58, 0x18, 0x80, 0x71, 0x28, 0x48, 0x7, 0xa0,
    0x18, 0x3, 0xc4, 0xe3, 0x0, 0x1e, 0x83, 0x72,
    0x0, 0xf7, 0xe, 0x8, 0x7, 0x16, 0x19, 0x0,

    /* U+0029 ")" */
    0xe, 0x60, 0xf, 0x9e, 0x54, 0x3, 0xd2, 0x54,
    0x20, 0x1e, 0x80, 0xa0, 0xf, 0x29, 0xa2, 0x0,
    0x3d, 0x41, 0x0, 0x1e, 0x60, 0x34, 0x0, 0xf2,
    0x87, 0x80, 0x7b, 0xc1, 0x4, 0x3, 0x94, 0x0,
    0xe0, 0x1e, 0x30, 0xa0, 0xf, 0x28, 0x18, 0x7,
    0xb0, 0x0, 0x80, 0x1c, 0xc0, 0x3, 0x0, 0xe3,
    0x0, 0x68, 0x7, 0x84, 0x18, 0x3, 0xc6, 0x2,
    0x1, 0xe1, 0x3, 0x0, 0xf3, 0x80, 0x80, 0x79,
    0xc0, 0x40, 0x3c, 0x20, 0x60, 0x1e, 0x20, 0x10,
    0xf, 0xcc, 0x1, 0xc6, 0x0, 0xd0, 0xe, 0x50,
    0x2, 0x0, 0x76, 0x0, 0xc, 0x3, 0x90, 0x18,
    0x3, 0x8c, 0x42, 0x80, 0x3a, 0xc0, 0xcc, 0x1,
    0xcc, 0x10, 0x1, 0xcc, 0x28, 0x80, 0xe, 0x80,
    0x90, 0xe, 0x91, 0x92, 0x0, 0xcc, 0xd8, 0x3,
    0xb1, 0xa4, 0x3, 0x80,

    /* U+002A "*" */
    0x0, 0xcb, 0xfc, 0x1, 0xfe, 0x20, 0x11, 0x0,
    0x7f, 0x10, 0x0, 0x40, 0x3f, 0x9c, 0x3, 0x9d,
    0x42, 0x75, 0xc4, 0x80, 0x81, 0xba, 0x2c, 0x1c,
    0xa3, 0xa8, 0xf, 0xa4, 0x40, 0x24, 0x21, 0x5,
    0x1, 0x4, 0x8b, 0xe0, 0xad, 0xef, 0x20, 0x2,
    0xdb, 0xa0, 0x7, 0x51, 0x22, 0x52, 0x1, 0xe8,
    0x50, 0x99, 0x3, 0x38, 0x6, 0x27, 0x5, 0x22,
    0x28, 0x41, 0x80, 0x44, 0xa1, 0x0, 0x8, 0x15,
    0x30, 0x0,

    /* U+002B "+" */
    0x0, 0xfc, 0x7d, 0x40, 0x1f, 0xfc, 0x47, 0x14,
    0x0, 0xff, 0xec, 0x98, 0x7, 0xff, 0xd8, 0x8c,
    0xfc, 0x40, 0x67, 0xf8, 0x7, 0x73, 0x3d, 0x20,
    0x39, 0x9f, 0x48, 0x90, 0x7, 0xff, 0x1b, 0x7f,
    0xfd, 0x60, 0x5f, 0xff, 0x48, 0x7, 0xff, 0xfc,
    0x3, 0xff, 0xa0, 0x20, 0x1f, 0xfc, 0x66, 0x16,
    0x0, 0xfc,

    /* U+002C "," */
    0x0, 0x2b, 0x8, 0x2, 0x2a, 0x74, 0x0, 0x60,
    0x3, 0x30, 0x70, 0x4, 0xe0, 0xb2, 0x0, 0x40,
    0x6, 0x4, 0x80, 0x21, 0x59, 0x80, 0x8d, 0x32,
    0x0, 0x0,

    /* U+002D "-" */
    0x2, 0x33, 0xfe, 0x12, 0xdc, 0xcf, 0xea, 0x21,
    0x0, 0xfe, 0x70,

    /* U+002E "." */
    0x4, 0x82, 0x4, 0xb7, 0xd1, 0xc0, 0x9, 0xb4,
    0x2, 0x15, 0x60, 0x56,

    /* U+002F "/" */
    0x0, 0xff, 0x30, 0x80, 0x7f, 0x8a, 0x74, 0x3,
    0xfc, 0xa0, 0x40, 0x1f, 0xeb, 0x9, 0x0, 0xfe,
    0x13, 0x6, 0x0, 0xfe, 0x60, 0x41, 0x0, 0xfe,
    0xb0, 0xe0, 0xf, 0xe2, 0x30, 0x50, 0xf, 0xea,
    0x5, 0x0, 0xff, 0x28, 0x70, 0x7, 0xf1, 0x90,
    0xa0, 0x7, 0xf5, 0x3, 0x80, 0x7f, 0x9c, 0x28,
    0x3, 0xf9, 0x4, 0x46, 0x1, 0xfd, 0xa0, 0xc0,
    0x1f, 0xe6, 0xa, 0x0, 0xfe, 0x50, 0x22, 0x0,
    0x7f, 0x78, 0x50, 0x7, 0xf9, 0x41, 0x40, 0x3f,
    0x98, 0xc, 0x80, 0x3f, 0xb4, 0x28, 0x3, 0xf8,
    0x50, 0x1c, 0x3, 0xf9, 0xc1, 0x4, 0x3, 0xfa,
    0x83, 0x80, 0x3f, 0x88, 0xc1, 0x40, 0x3f, 0x94,
    0x14, 0x3, 0xfd, 0x41, 0xc0, 0x1f, 0xca, 0x42,
    0x80, 0x1f, 0xde, 0xe, 0x1, 0xfe, 0xe1, 0xd0,
    0xf, 0xf0,

    /* U+0030 "0" */
    0x0, 0xf0, 0xc6, 0xff, 0x49, 0x0, 0x7f, 0x8b,
    0xdc, 0x80, 0x5b, 0x54, 0x3, 0xe7, 0xdc, 0x11,
    0x3c, 0xb0, 0x2, 0x90, 0x3, 0x8a, 0x8, 0x53,
    0xa1, 0xa7, 0x48, 0x28, 0x40, 0x34, 0x0, 0xe,
    0xc0, 0x31, 0x70, 0xc, 0x80, 0x65, 0x0, 0x70,
    0x7, 0x8d, 0x41, 0x80, 0x25, 0x0, 0x39, 0x0,
    0x7d, 0xc0, 0x28, 0x0, 0xf0, 0x5, 0x0, 0x7e,
    0x40, 0x6, 0x0, 0x1c, 0xc, 0x80, 0x3f, 0x88,
    0xc, 0x0, 0x40, 0xa0, 0x1f, 0xe6, 0x6, 0x2,
    0x0, 0x78, 0x7, 0xf8, 0x40, 0xc1, 0x80, 0x4,
    0x1, 0xfe, 0x30, 0x10, 0x10, 0xf, 0xfe, 0x43,
    0x80, 0x7f, 0xf1, 0x5c, 0x3, 0xfc, 0x60, 0x20,
    0x20, 0x1f, 0xfc, 0x11, 0x3, 0x7, 0x0, 0x10,
    0x7, 0xf9, 0x81, 0x80, 0x80, 0x2, 0x1, 0xfe,
    0x20, 0x30, 0x11, 0x6, 0x80, 0x7f, 0x20, 0x3,
    0x40, 0x8, 0x8, 0x1, 0xfd, 0xa0, 0x5, 0x0,
    0x78, 0xa, 0x0, 0x7e, 0x70, 0x50, 0x9, 0x44,
    0x20, 0x3, 0xe8, 0x10, 0x90, 0xd, 0x60, 0x72,
    0x1, 0xcc, 0xe0, 0xa6, 0x1, 0x95, 0x40, 0xdb,
    0xc, 0xcb, 0x90, 0x2a, 0x0, 0xf5, 0x30, 0x13,
    0xcc, 0x90, 0xf, 0x0, 0x3f, 0x4d, 0xa9, 0x0,
    0xa5, 0x60, 0x80, 0x60,

    /* U+0031 "1" */
    0x0, 0xf5, 0x72, 0x0, 0x61, 0xb5, 0x19, 0x0,
    0x9b, 0xd0, 0x0, 0x20, 0xdb, 0x22, 0x1, 0x38,
    0xd1, 0x1c, 0x70, 0x0, 0x45, 0x9f, 0x8e, 0x20,
    0x1f, 0xff, 0xf0, 0xf, 0xff, 0xf8, 0x7, 0xff,
    0x8, 0x40, 0x3f, 0xf8, 0x6c, 0x22,

    /* U+0032 "2" */
    0x0, 0xe1, 0x7c, 0xef, 0xf6, 0xca, 0x0, 0x7e,
    0x7e, 0x83, 0x10, 0x1, 0x35, 0xd8, 0x3, 0xd7,
    0x0, 0x3, 0x79, 0x93, 0x8, 0x25, 0x80, 0x6a,
    0x40, 0x2c, 0xc4, 0x33, 0x27, 0xcc, 0x11, 0x40,
    0x6, 0xa0, 0x38, 0x60, 0x1c, 0x3c, 0x0, 0xe0,
    0x3, 0x0, 0x2c, 0x40, 0x3e, 0x22, 0x3, 0x0,
    0x15, 0x9d, 0x40, 0x3f, 0xe1, 0x0, 0xa6, 0x0,
    0x3f, 0xc4, 0xc, 0x1, 0xff, 0xc2, 0x60, 0x7,
    0x80, 0x7f, 0xf0, 0xa0, 0x9, 0x40, 0x3f, 0xf8,
    0x34, 0x21, 0xc0, 0x1f, 0xfc, 0x18, 0x50, 0x83,
    0x0, 0xff, 0xe0, 0x43, 0x83, 0xb8, 0x3, 0xff,
    0x81, 0x4e, 0xf, 0x0, 0x1f, 0xfc, 0xb, 0x50,
    0x98, 0x0, 0xff, 0x87, 0x50, 0x2d, 0x80, 0x3f,
    0xe1, 0xc2, 0x1c, 0x40, 0xf, 0xf8, 0x70, 0x89,
    0xe6, 0x1, 0xff, 0xc0, 0xd2, 0x26, 0x8, 0x7,
    0xff, 0x2, 0xcc, 0x70, 0x40, 0x3f, 0xf8, 0x10,
    0x81, 0xa2, 0x1, 0xff, 0xc0, 0x47, 0xa, 0x30,
    0xf, 0xfe, 0xc, 0x82, 0xa8, 0x3, 0xff, 0x83,
    0x24, 0x9, 0xdf, 0xff, 0xf6, 0x3, 0x80, 0x4,
    0x40, 0x1f, 0xf1, 0xa4, 0x1, 0x34, 0xd5, 0xdf,
    0xd5, 0x8, 0x20,

    /* U+0033 "3" */
    0x0, 0xe4, 0x9d, 0xef, 0xec, 0x81, 0x0, 0xf9,
    0x32, 0xd8, 0x84, 0x4, 0xdf, 0x98, 0x3, 0x9e,
    0xcc, 0x5, 0xa6, 0xa5, 0x80, 0x12, 0xa0, 0x13,
    0x40, 0xc, 0xf4, 0xb2, 0xb4, 0xe8, 0x85, 0x80,
    0x71, 0x63, 0x0, 0x78, 0x98, 0x4, 0x80, 0xd,
    0x78, 0x40, 0x1f, 0xb4, 0x3, 0xc8, 0x20, 0x1f,
    0xc4, 0x0, 0x20, 0xf, 0xfe, 0x8, 0xc8, 0x20,
    0x7, 0xff, 0x4, 0xf0, 0x42, 0x40, 0x3f, 0xe3,
    0xac, 0x22, 0x69, 0x0, 0x7c, 0xb3, 0x7d, 0x8a,
    0x33, 0xa4, 0x1, 0xfb, 0x99, 0x4, 0x0, 0x33,
    0x66, 0x1, 0xfa, 0x5a, 0x26, 0xa1, 0x1, 0x31,
    0x80, 0x3e, 0x29, 0x76, 0x57, 0xbc, 0x20, 0x94,
    0x0, 0xff, 0xe0, 0x9f, 0x80, 0x20, 0x3, 0xff,
    0x84, 0x4e, 0x6, 0x20, 0x1f, 0xfc, 0x2c, 0x0,
    0x10, 0x7, 0xff, 0x15, 0xc0, 0x3f, 0xf8, 0x42,
    0x0, 0x70, 0xf, 0xfe, 0x16, 0x0, 0x8, 0xe0,
    0x3, 0xfe, 0x17, 0x3, 0x18, 0x7a, 0x0, 0xff,
    0x58, 0x84, 0x83, 0x82, 0xe1, 0x0, 0x78, 0x6d,
    0x41, 0x14, 0x38, 0x80, 0xf6, 0xdd, 0x98, 0xf7,
    0xc8, 0x5, 0x40, 0x2, 0xc6, 0x0, 0x24, 0x4c,
    0xa1, 0x0, 0xd, 0xa2, 0x1, 0xc, 0xeb, 0x98,
    0x80, 0x4, 0xdf, 0x64, 0x3, 0x0,

    /* U+0034 "4" */
    0x0, 0xff, 0x8f, 0x90, 0x3, 0xff, 0x8b, 0x23,
    0x60, 0x1f, 0xfc, 0x42, 0x50, 0x20, 0xf, 0xfe,
    0x24, 0x0, 0x38, 0x3, 0xff, 0x86, 0x6a, 0xe,
    0x60, 0x1f, 0xfc, 0x3f, 0x2, 0x80, 0xf, 0xfe,
    0x1b, 0x18, 0x4a, 0x4a, 0x0, 0x7f, 0xf0, 0x6,
    0x1, 0x50, 0xda, 0xc4, 0x3, 0xfe, 0xb1, 0x15,
    0x80, 0x63, 0x0, 0xff, 0x22, 0x85, 0x88, 0x8,
    0x0, 0xc0, 0x3f, 0xd2, 0x8, 0xa0, 0x1f, 0xfc,
    0x38, 0x20, 0xa0, 0xf, 0xfe, 0x19, 0x38, 0x48,
    0x80, 0x7f, 0xf0, 0xf8, 0xd, 0x80, 0x3f, 0xf8,
    0x6e, 0x61, 0xc0, 0x1f, 0xfc, 0x31, 0x80, 0x92,
    0x0, 0xff, 0xe1, 0xd0, 0x23, 0x0, 0x7f, 0xf0,
    0xdd, 0x3, 0x8c, 0xfe, 0xe0, 0x2, 0x24, 0x60,
    0x30, 0x0, 0xac, 0xcf, 0x9c, 0x1, 0x57, 0x6c,
    0x31, 0x10, 0x7, 0xff, 0x15, 0x3, 0x27, 0x7f,
    0xff, 0x48, 0x3, 0xbf, 0xe7, 0x2, 0x62, 0x0,
    0xff, 0xf3, 0x98, 0x7, 0xff, 0x10, 0x40, 0x2,
    0x1, 0xff, 0xc4, 0x43, 0x1, 0x0, 0xc0,

    /* U+0035 "5" */
    0x0, 0xff, 0xe4, 0xee, 0xaa, 0xf3, 0x1b, 0xdf,
    0xfb, 0x0, 0x38, 0xc9, 0x50, 0xcc, 0x42, 0x1,
    0x8c, 0x80, 0x30, 0x82, 0x34, 0x4d, 0x5e, 0x77,
    0xfc, 0x40, 0x11, 0x80, 0x26, 0x4e, 0xca, 0x86,
    0x20, 0x1f, 0x30, 0x0, 0x80, 0x3f, 0xf8, 0x5a,
    0x4, 0x1, 0xff, 0xc3, 0x20, 0x70, 0xf, 0xfe,
    0x1b, 0x86, 0x80, 0x7f, 0xf0, 0xc8, 0x8, 0x3,
    0xff, 0x84, 0x40, 0x7, 0x28, 0xdf, 0xf7, 0x5b,
    0x0, 0x79, 0x80, 0x17, 0xae, 0x40, 0x1, 0x49,
    0xe3, 0x0, 0xd8, 0x0, 0x60, 0x59, 0xbc, 0xa5,
    0x1, 0xc4, 0x0, 0x88, 0x0, 0x7d, 0x4c, 0x86,
    0xb5, 0x82, 0x14, 0x40, 0xf, 0x6, 0xc1, 0x0,
    0xf1, 0xe0, 0xc, 0x0, 0x17, 0xa4, 0x3, 0xf8,
    0x98, 0x14, 0x2, 0x10, 0xf, 0xfb, 0x0, 0x6,
    0x1, 0xff, 0xc2, 0x60, 0x3, 0x80, 0x7f, 0xf5,
    0x18, 0x0, 0xc0, 0x40, 0x1f, 0xfc, 0xc, 0x0,
    0x12, 0x6a, 0x80, 0x7f, 0x85, 0x81, 0x43, 0x42,
    0x90, 0x3, 0xfa, 0x80, 0x1c, 0x1e, 0x0, 0xb6,
    0x0, 0xf1, 0x62, 0x2, 0x20, 0x1a, 0x40, 0x13,
    0xb0, 0xcc, 0x8b, 0xd3, 0x3, 0xa0, 0x9, 0xb0,
    0xc0, 0x9e, 0x64, 0xe8, 0x0, 0x6c, 0x10, 0xc,
    0x79, 0x6c, 0x42, 0x0, 0x37, 0xd9, 0x0, 0xc0,

    /* U+0036 "6" */
    0x0, 0xfc, 0xbf, 0xc8, 0x1, 0xff, 0xc1, 0x1b,
    0x1, 0x70, 0xf, 0xfe, 0xc, 0x8, 0x59, 0x80,
    0x7f, 0xf0, 0x11, 0x82, 0x90, 0x3, 0xff, 0x83,
    0x40, 0xea, 0x1, 0xff, 0xc1, 0x91, 0x48, 0x0,
    0xff, 0xe0, 0x9b, 0xd, 0x0, 0x7f, 0xf0, 0xbc,
    0x28, 0x40, 0x3f, 0xf8, 0x2a, 0x6a, 0x80, 0x1f,
    0xfc, 0x2b, 0x8, 0x6b, 0xef, 0xec, 0x60, 0xf,
    0x9c, 0x53, 0x25, 0x4, 0x4, 0xe7, 0x90, 0x3,
    0xa4, 0x10, 0x4a, 0x2a, 0xe9, 0x40, 0x6d, 0x40,
    0x25, 0x10, 0x4, 0xeb, 0xaa, 0x2d, 0x60, 0x85,
    0x10, 0x2, 0x40, 0x14, 0xc0, 0x1e, 0x3d, 0x0,
    0x48, 0x9, 0x82, 0xa8, 0x3, 0xf1, 0xb0, 0x20,
    0xa0, 0x3, 0x80, 0x3f, 0xda, 0x0, 0x4d, 0x0,
    0x20, 0x7, 0xf9, 0x80, 0x4, 0x40, 0x10, 0xf,
    0xf8, 0xc0, 0x2, 0x20, 0x30, 0xf, 0xf8, 0x80,
    0x4, 0x20, 0x40, 0x1f, 0xf2, 0x0, 0x1b, 0x0,
    0xa, 0x1, 0xfe, 0xa0, 0x32, 0x70, 0x4, 0x0,
    0x7f, 0x31, 0x5, 0x0, 0xc0, 0x16, 0x8, 0x7,
    0x96, 0x40, 0xd8, 0x0, 0xec, 0x7, 0xd2, 0xc8,
    0x87, 0xca, 0x1, 0xe0, 0xd, 0x32, 0x0, 0x34,
    0xdd, 0xa0, 0xc0, 0xfc, 0x80, 0x39, 0xba, 0x10,
    0x40, 0x2, 0xb5, 0x82, 0x1, 0x0,

    /* U+0037 "7" */
    0x17, 0x74, 0x42, 0x6a, 0x97, 0x6c, 0xc6, 0xeb,
    0xbe, 0x40, 0x11, 0x7, 0x73, 0x2a, 0x91, 0x6,
    0x62, 0x20, 0x83, 0x80, 0xc0, 0x9, 0xab, 0x3c,
    0xd6, 0x6f, 0xd0, 0x2, 0x0, 0xf, 0xfd, 0x95,
    0x30, 0xca, 0x64, 0x10, 0x4, 0xc0, 0x1f, 0xfc,
    0x14, 0x20, 0xb0, 0xf, 0xfe, 0x14, 0x0, 0xb0,
    0x7, 0xff, 0x4, 0xcc, 0x12, 0x1, 0xff, 0xc2,
    0x90, 0x17, 0x0, 0xff, 0xe0, 0x92, 0x83, 0x0,
    0x7f, 0xf0, 0xac, 0x1, 0x20, 0x1f, 0xfc, 0x26,
    0x5, 0x10, 0xf, 0xfe, 0xb, 0x80, 0x24, 0x3,
    0xff, 0x85, 0x40, 0x66, 0x0, 0xff, 0xe0, 0xa1,
    0x4, 0x80, 0x7f, 0xf0, 0xbc, 0x5, 0x40, 0x3f,
    0xf8, 0x24, 0x80, 0xc0, 0x1f, 0xfc, 0x2a, 0x0,
    0x50, 0x7, 0xff, 0x9, 0x81, 0x8, 0x3, 0xff,
    0x82, 0xa2, 0x1c, 0x1, 0xff, 0xc2, 0xe0, 0x2,
    0x80, 0x7f, 0xf0, 0x45, 0x1, 0x40, 0x3f, 0xf8,
    0x4c, 0x0, 0xf0, 0xf, 0xfe, 0x15, 0x0, 0x14,
    0x3, 0xff, 0x82, 0x64, 0xa, 0x1, 0xff, 0xc2,
    0xb0, 0x6, 0x0, 0x7f, 0xf0, 0xb0, 0x5, 0xc0,
    0x3f, 0xc0,

    /* U+0038 "8" */
    0x0, 0xe6, 0xbe, 0xfe, 0xd9, 0x20, 0xf, 0xc9,
    0xd2, 0x82, 0x2, 0x4d, 0xb2, 0x1, 0xe5, 0xb1,
    0x6, 0xac, 0xb9, 0x30, 0x6b, 0x0, 0xc3, 0x40,
    0x39, 0x2a, 0x68, 0xd9, 0x0, 0x8e, 0x1, 0x30,
    0x3, 0x4c, 0x3, 0xce, 0xe0, 0xad, 0x20, 0xd0,
    0x23, 0x0, 0xfd, 0x8, 0x4c, 0x40, 0x1f, 0xfc,
    0x1a, 0x43, 0xb0, 0x6, 0x1, 0x10, 0x3, 0xc5,
    0xaa, 0xac, 0x0, 0x98, 0x83, 0xc4, 0x3, 0x2e,
    0x93, 0xd0, 0x7, 0x61, 0x13, 0xd8, 0x6, 0xa8,
    0x15, 0x0, 0x1e, 0x1d, 0x61, 0x9d, 0xf5, 0x3d,
    0x50, 0xf, 0xe9, 0x90, 0x10, 0x80, 0x1c, 0x3,
    0xfc, 0xf2, 0xd, 0x8a, 0x75, 0x86, 0x1, 0xf5,
    0x40, 0x54, 0x9d, 0x6a, 0x1e, 0x38, 0x7, 0x5a,
    0x8e, 0x28, 0x4, 0x57, 0x21, 0xe, 0x1, 0x42,
    0xe, 0x18, 0x7, 0x9a, 0x2, 0x8, 0xd, 0xc2,
    0x88, 0x3, 0xf3, 0x88, 0x58, 0x48, 0x12, 0x0,
    0x7f, 0x94, 0x1c, 0x10, 0x1c, 0x3, 0xfe, 0x20,
    0x10, 0xf, 0xfe, 0x39, 0x2, 0x0, 0x7f, 0xc8,
    0x2, 0x16, 0x2, 0xc0, 0x1f, 0xcc, 0x40, 0xe0,
    0xc0, 0x9, 0x50, 0xf, 0x9e, 0x40, 0x10, 0x3,
    0x60, 0xa, 0xc7, 0x65, 0x69, 0xe8, 0x0, 0x58,
    0x80, 0x13, 0x8, 0xe, 0x26, 0xa5, 0x84, 0xb,
    0x10, 0x3, 0x1e, 0xd2, 0x90, 0x0, 0x4d, 0xaf,
    0x4c, 0x2,

    /* U+0039 "9" */
    0x0, 0xe1, 0x7c, 0xef, 0xea, 0x40, 0xf, 0xe6,
    0xe8, 0x31, 0x1, 0x5b, 0xa0, 0x9c, 0x20, 0xa,
    0x64, 0x0, 0x59, 0xa9, 0x40, 0x5b, 0x43, 0xe0,
    0x4, 0x30, 0x26, 0xd3, 0x2b, 0x5d, 0x2, 0x10,
    0x20, 0x23, 0x82, 0x59, 0x0, 0x72, 0xb8, 0x5,
    0x61, 0x20, 0x56, 0x1, 0xfa, 0x1c, 0x0, 0x68,
    0x41, 0x0, 0x1f, 0xe3, 0x4, 0xd, 0x1, 0x50,
    0xf, 0xe2, 0x40, 0xc0, 0x50, 0x40, 0xf, 0xf4,
    0x0, 0xc, 0x4, 0x3, 0xfe, 0x25, 0x0, 0x28,
    0x8, 0x8, 0x7, 0xf7, 0x80, 0x8, 0x41, 0x41,
    0x0, 0x3f, 0x59, 0x0, 0x1c, 0x1, 0xa0, 0x9,
    0x0, 0xe3, 0xd4, 0x10, 0x6, 0x80, 0x11, 0x0,
    0xd8, 0xee, 0x8c, 0xc1, 0xd, 0x0, 0xc, 0x2,
    0xb4, 0x3, 0x88, 0x39, 0x82, 0x78, 0x4, 0xa0,
    0x1a, 0xe9, 0x4, 0x9, 0xb2, 0xc4, 0xc0, 0x44,
    0x1, 0xcb, 0x7d, 0xfb, 0x26, 0x0, 0xd0, 0x50,
    0xf, 0xfe, 0x1b, 0x81, 0x0, 0x7f, 0xf0, 0xc8,
    0x3c, 0x3, 0xff, 0x84, 0x80, 0x5, 0x0, 0xff,
    0xe1, 0x18, 0x0, 0xc0, 0x3f, 0xf8, 0x5a, 0x2,
    0x1, 0xff, 0xc3, 0x70, 0x20, 0xf, 0xfe, 0x10,
    0x90, 0x28, 0x7, 0xff, 0x9, 0x40, 0x1c, 0x1,
    0xff, 0xc2, 0x70, 0x14, 0x0, 0xc0,

    /* U+003A ":" */
    0x1c, 0xe6, 0x6, 0x31, 0x91, 0x30, 0x8, 0x91,
    0x81, 0xc, 0x27, 0xec, 0x3, 0xff, 0xc4, 0x39,
    0xcc, 0xc, 0x63, 0x22, 0x60, 0x11, 0x23, 0x2,
    0x18,

    /* U+003B ";" */
    0x1, 0xce, 0x60, 0x3, 0x18, 0xc8, 0x81, 0x80,
    0x44, 0x8, 0xc0, 0x86, 0x0, 0x9f, 0xb0, 0xf,
    0xff, 0x38, 0x90, 0x4, 0x7d, 0xae, 0x0, 0xb0,
    0x4, 0x0, 0x30, 0x2, 0x20, 0x4b, 0x1, 0x20,
    0x1, 0x84, 0x0, 0x16, 0x1d, 0x80, 0x6e, 0x60,
    0x0,

    /* U+003C "<" */
    0x0, 0xff, 0xe0, 0xb6, 0x80, 0x7f, 0xf0, 0x6,
    0xe4, 0x8c, 0x3, 0xfc, 0xdc, 0x80, 0x86, 0x1,
    0xf8, 0xf6, 0x40, 0xaa, 0xc0, 0x3e, 0x2a, 0xc2,
    0x8, 0xd5, 0x0, 0xf0, 0xce, 0xa8, 0x2f, 0x38,
    0x7, 0x86, 0x39, 0x80, 0xf2, 0x84, 0x3, 0x86,
    0x39, 0xc0, 0xef, 0xc, 0x3, 0xe8, 0x70, 0x3b,
    0xc4, 0x0, 0xfe, 0xe0, 0x3, 0x30, 0x3, 0xfe,
    0x76, 0x5, 0xd9, 0x20, 0xf, 0xf4, 0xf3, 0x83,
    0x6c, 0x88, 0x7, 0xf0, 0xc7, 0x30, 0x37, 0x40,
    0x7, 0xf8, 0x67, 0x50, 0x1f, 0x98, 0x3, 0xfc,
    0x57, 0x62, 0x19, 0xd4, 0x0, 0xff, 0x26, 0xc0,
    0x15, 0xd8, 0x3, 0xfe, 0x7d, 0x40, 0x40, 0xf,
    0xfe, 0x1, 0x5c, 0x18, 0x0,

    /* U+003D "=" */
    0x13, 0x3f, 0xfe, 0x20, 0x6e, 0x67, 0xff, 0x11,
    0x14, 0x3, 0xff, 0x88, 0x33, 0xff, 0xff, 0xc4,
    0x50, 0xf, 0xff, 0x50, 0x99, 0xff, 0xf1, 0x3,
    0x73, 0x3f, 0xf8, 0x88, 0xa0, 0x1f, 0xfc, 0x41,

    /* U+003E ">" */
    0x1d, 0x30, 0xf, 0xfe, 0xa, 0x96, 0x40, 0x7,
    0xff, 0x1, 0x48, 0x1f, 0x50, 0x3, 0xfc, 0x3b,
    0x0, 0x57, 0x44, 0x1, 0xfe, 0x7e, 0x50, 0x5d,
    0x80, 0xf, 0xf0, 0xd6, 0xa0, 0x3f, 0x30, 0x7,
    0xf8, 0xaf, 0x10, 0x67, 0x54, 0x3, 0xfc, 0x77,
    0x86, 0x55, 0xae, 0x1, 0xfe, 0x3c, 0xb3, 0x28,
    0x30, 0xf, 0xf8, 0x88, 0x0, 0x60, 0xf, 0xe6,
    0xe9, 0x12, 0x95, 0x0, 0xf9, 0x76, 0x44, 0xab,
    0x58, 0x3, 0xc7, 0x94, 0x43, 0x3a, 0xa0, 0x1e,
    0x1a, 0xc3, 0x7, 0xe6, 0x0, 0xf9, 0xf9, 0x41,
    0x36, 0x0, 0x3e, 0x3e, 0x80, 0x2b, 0xb1, 0x0,
    0x7e, 0x41, 0x7, 0xd4, 0x0, 0xff, 0x21, 0x64,
    0x0, 0x7f, 0xf0, 0x0,

    /* U+003F "?" */
    0x0, 0xe3, 0x9c, 0xef, 0xf6, 0x41, 0x0, 0x71,
    0x66, 0x18, 0xc4, 0x0, 0x6f, 0xaa, 0x1, 0x26,
    0x98, 0x13, 0xde, 0x5b, 0x0, 0x28, 0x80, 0xec,
    0x6, 0xb6, 0x10, 0xd2, 0x64, 0x0, 0xb1, 0xd0,
    0x1c, 0x50, 0xf, 0x30, 0x1, 0x60, 0x42, 0x88,
    0x3, 0xf0, 0x83, 0x80, 0xd, 0x0, 0x3f, 0x84,
    0xa, 0x6b, 0x80, 0x3f, 0x94, 0x1, 0x80, 0xa4,
    0x1, 0xfd, 0x60, 0x4a, 0x1, 0xff, 0x60, 0x87,
    0x0, 0x7f, 0x87, 0xc, 0x2c, 0xc0, 0x3f, 0x8b,
    0xcc, 0x71, 0x0, 0x3f, 0x8b, 0x4, 0xb0, 0xc0,
    0x3f, 0xde, 0x25, 0x84, 0x1, 0xfe, 0x62, 0xf,
    0x10, 0xf, 0xfb, 0x41, 0x48, 0x3, 0xff, 0x80,
    0xc0, 0x40, 0x1f, 0xfc, 0x31, 0x0, 0xff, 0xe0,
    0xb0, 0x28, 0x7, 0xff, 0x6, 0x5e, 0x40, 0x3f,
    0xf8, 0x25, 0xa, 0x1, 0xff, 0xd0, 0x1d, 0xf7,
    0x0, 0xff, 0xe0, 0x39, 0x4, 0x10, 0x7, 0xfc,
    0x40, 0x13, 0x0, 0x7f, 0xc8, 0xc0, 0x88, 0x0,
    0xf0,

    /* U+0040 "@" */
    0x0, 0xfe, 0x27, 0xbd, 0xff, 0xb6, 0x98, 0x40,
    0x3f, 0xf8, 0x25, 0x7b, 0x8, 0x40, 0x11, 0x2c,
    0xf5, 0x8, 0x7, 0xfa, 0x75, 0x1, 0x27, 0x3b,
    0xf7, 0x20, 0xc1, 0x79, 0x40, 0x3f, 0x5b, 0x1,
    0xe5, 0xb1, 0x88, 0x11, 0xbe, 0x60, 0x82, 0x9c,
    0x3, 0xd8, 0x81, 0x18, 0x60, 0x18, 0x40, 0x31,
    0xea, 0x84, 0x20, 0x6, 0x93, 0x9, 0x70, 0x0,
    0xc6, 0xff, 0x72, 0xe, 0x90, 0x29, 0x2, 0x40,
    0x25, 0x60, 0x76, 0x0, 0x1f, 0xb9, 0x0, 0x5,
    0xf9, 0x6d, 0x2, 0x80, 0x94, 0x1, 0x0, 0x70,
    0x0, 0x3d, 0x10, 0x7d, 0xfb, 0x12, 0x0, 0x38,
    0xa, 0x87, 0x83, 0x10, 0x78, 0x5, 0xc2, 0x19,
    0x4, 0x9, 0x60, 0x1, 0x30, 0x6, 0x3, 0x85,
    0x82, 0x18, 0x2, 0x8, 0x28, 0xc0, 0x33, 0x80,
    0x10, 0x2, 0x20, 0x32, 0x20, 0x70, 0x0, 0x5c,
    0x11, 0x40, 0x3f, 0x68, 0x7, 0x90, 0x0, 0xa0,
    0x4, 0x0, 0x78, 0x7, 0x98, 0x0, 0x60, 0x10,
    0x81, 0xf0, 0x10, 0x5, 0x80, 0x4, 0x0, 0xf6,
    0x0, 0x18, 0x2, 0x20, 0x12, 0x6, 0x0, 0x88,
    0x4, 0x3, 0xe6, 0x0, 0x10, 0x5, 0x80, 0x82,
    0x1, 0xce, 0x6, 0x1, 0xe7, 0x10, 0xf, 0x20,
    0x60, 0x83, 0x80, 0x4e, 0x6, 0x1, 0xc7, 0x0,
    0x1, 0x0, 0x9c, 0x5, 0xc, 0x4, 0x2, 0x30,
    0x13, 0x0, 0x93, 0x41, 0x0, 0x31, 0x40, 0x40,
    0x78, 0x10, 0x80, 0x28, 0x1, 0xb0, 0xf7, 0x61,
    0x48, 0x1, 0x45, 0xc0, 0x46, 0x7, 0x0, 0x38,
    0x0, 0xa0, 0x5, 0xe1, 0x1, 0x6c, 0xc4, 0x2e,
    0x84, 0xaa, 0x6c, 0x50, 0x20, 0x2, 0x7a, 0x30,
    0x14, 0xaa, 0x0, 0x34, 0xc0, 0x9f, 0x61, 0xb0,
    0x20, 0x6, 0x80, 0x25, 0xcf, 0xeb, 0x50, 0x8,
    0xf3, 0xf6, 0x6d, 0x91, 0xc0, 0xdc, 0x16, 0x40,
    0x3f, 0xf8, 0x4b, 0xe8, 0x8b, 0x0, 0xa1, 0x41,
    0xb5, 0x40, 0x3f, 0xcb, 0x94, 0x2b, 0x60, 0x1d,
    0x50, 0x5, 0x5d, 0x2c, 0x86, 0x64, 0x7b, 0xea,
    0x31, 0xaa, 0x0, 0x7c, 0xfa, 0xa0, 0x2d, 0x37,
    0x98, 0xb8, 0x41, 0x13, 0xfa, 0x80, 0x7f, 0x15,
    0x74, 0xa9, 0x88, 0x0, 0x4d, 0xab, 0xa0, 0x40,
    0x38,

    /* U+0041 "A" */
    0x0, 0xff, 0xe0, 0x37, 0xd8, 0x80, 0x7f, 0xf2,
    0xb0, 0x11, 0xc0, 0x3f, 0xf9, 0x48, 0x0, 0xe0,
    0xf, 0xfe, 0x4b, 0x8, 0x1, 0x80, 0x3f, 0xf9,
    0x36, 0xc, 0x22, 0x40, 0xf, 0xfe, 0x3a, 0x10,
    0x43, 0x87, 0x80, 0x7f, 0xf1, 0xe0, 0x18, 0x6c,
    0x10, 0x40, 0x3f, 0xf8, 0xa8, 0x61, 0x60, 0x46,
    0x12, 0x1, 0xff, 0xc5, 0x80, 0x52, 0x0, 0x48,
    0x30, 0x7, 0xff, 0x11, 0xc, 0x24, 0x2, 0x51,
    0x13, 0x0, 0x7f, 0xf0, 0xe0, 0x10, 0xc0, 0x33,
    0x5, 0x0, 0x7f, 0xf0, 0x90, 0xc2, 0x0, 0x3a,
    0x40, 0xcc, 0x1, 0xff, 0xc1, 0x80, 0x33, 0x0,
    0x70, 0xa8, 0x48, 0x7, 0xff, 0x1, 0xc, 0x20,
    0x3, 0xee, 0x5, 0x10, 0xf, 0xfa, 0x0, 0xd4,
    0x47, 0xe5, 0x20, 0x90, 0xf, 0xd1, 0xfe, 0x30,
    0x3e, 0xef, 0xe2, 0x7, 0x0, 0xfd, 0xa0, 0x1f,
    0xfc, 0x57, 0x0, 0xf9, 0x5c, 0x1, 0x5d, 0xdf,
    0xf3, 0x4, 0x80, 0x7e, 0x30, 0x25, 0x11, 0xff,
    0xa0, 0x5, 0x40, 0x3c, 0x68, 0x16, 0x1, 0xff,
    0xc0, 0x15, 0x8, 0x0, 0xf4, 0x0, 0xb0, 0x7,
    0xff, 0x6, 0x40, 0x94, 0x3, 0x1a, 0x4, 0x80,
    0x7f, 0xf0, 0x8d, 0x2, 0x0, 0x34, 0x0, 0x1c,
    0x3, 0xff, 0x87, 0xc0, 0x4a, 0x0, 0x34, 0x6,
    0x0, 0xff, 0xe2, 0x28, 0x85, 0x80, 0x20, 0x1,
    0x40, 0x1f, 0xfc, 0x57, 0x1, 0x80, 0x60, 0x43,
    0x0, 0xff, 0xe2, 0xd8, 0x88, 0x0,

    /* U+0042 "B" */
    0x0, 0xa, 0xbd, 0x5e, 0xf7, 0xfd, 0xb6, 0xe4,
    0x1, 0xe7, 0xea, 0x85, 0x42, 0x10, 0x8, 0x92,
    0x36, 0x40, 0x39, 0x48, 0x0, 0x4d, 0x35, 0x76,
    0xa8, 0x50, 0x3, 0x50, 0x6, 0x2e, 0x0, 0x44,
    0xb2, 0xa2, 0x15, 0xeb, 0x88, 0x14, 0xc0, 0x3f,
    0xf8, 0x83, 0xc0, 0x4, 0x0, 0xff, 0xe2, 0x98,
    0x3, 0xc0, 0x3f, 0xf8, 0xa8, 0x0, 0xd0, 0xf,
    0xfe, 0x20, 0xc8, 0x12, 0x80, 0x7f, 0xf0, 0xd3,
    0x8, 0x78, 0x3, 0xff, 0x80, 0x26, 0xf9, 0x64,
    0x78, 0x60, 0x1f, 0xaf, 0xb9, 0xfd, 0x90, 0x60,
    0x9e, 0x40, 0x1f, 0xc2, 0x30, 0x7, 0x93, 0x30,
    0x60, 0x1f, 0xa3, 0x75, 0xdf, 0xf7, 0x63, 0x81,
    0xe3, 0x0, 0x7c, 0x45, 0x8, 0x4, 0x27, 0x1c,
    0x61, 0x28, 0x1, 0xff, 0xc4, 0x1c, 0x20, 0x90,
    0xf, 0xfe, 0x35, 0x81, 0x18, 0x7, 0xff, 0x15,
    0xc0, 0xa, 0x1, 0xff, 0xc5, 0x10, 0x7, 0x0,
    0x7f, 0xf1, 0x44, 0x1, 0xe0, 0x1f, 0xfc, 0x54,
    0x0, 0x10, 0x7, 0xff, 0x16, 0x0, 0xa, 0x1,
    0xff, 0xc4, 0xb2, 0x7, 0x0, 0xff, 0xe1, 0xae,
    0xa0, 0x1c, 0x0, 0x7f, 0xc4, 0xb3, 0xd4, 0x40,
    0xb8, 0x1, 0x5f, 0x0, 0x2f, 0x75, 0xfe, 0xda,
    0x61, 0x4, 0xba, 0x0, 0xc4, 0x24, 0x22, 0x22,
    0x0, 0x92, 0x3d, 0x75, 0xa0, 0x6,

    /* U+0043 "C" */
    0x0, 0xfe, 0x38, 0xce, 0xfe, 0xdb, 0x72, 0x0,
    0xff, 0xe0, 0x16, 0x61, 0xcc, 0x40, 0x49, 0x23,
    0x64, 0x40, 0x3f, 0xa3, 0x4c, 0x0, 0xaf, 0x30,
    0xe8, 0x0, 0x6c, 0x20, 0xf, 0xa5, 0xc0, 0x13,
    0xf5, 0xc, 0xf1, 0x7c, 0xa0, 0x50, 0x1, 0xe9,
    0x60, 0x3e, 0x60, 0xf, 0x86, 0x98, 0x38, 0x3,
    0x91, 0x80, 0xf4, 0x40, 0x3f, 0xd3, 0xc8, 0x1,
    0xd4, 0x3, 0xa2, 0x1, 0xff, 0xc0, 0x10, 0xe,
    0x71, 0xb, 0x10, 0xf, 0xfe, 0x3c, 0x81, 0x28,
    0x7, 0xff, 0x1d, 0x4, 0x2c, 0x3, 0xff, 0x91,
    0x80, 0x7, 0x0, 0xff, 0xe4, 0x20, 0x10, 0x80,
    0x7f, 0xf2, 0xc, 0x10, 0x3, 0xff, 0x96, 0x20,
    0x1f, 0xfc, 0x81, 0x0, 0x78, 0x7, 0xff, 0x20,
    0xc0, 0x3f, 0xf9, 0x66, 0x0, 0xf0, 0xf, 0xfe,
    0x40, 0x80, 0x8, 0x3, 0xff, 0x92, 0x60, 0x80,
    0x1f, 0xfc, 0x51, 0xa2, 0x4, 0x1, 0x50, 0xf,
    0xfe, 0x26, 0xa9, 0x4, 0x80, 0x20, 0x3, 0xff,
    0x84, 0x38, 0x72, 0x0, 0x17, 0x2, 0xb0, 0xf,
    0xfe, 0x2, 0xf9, 0xab, 0x0, 0x50, 0x60, 0x9a,
    0xa0, 0x1f, 0x97, 0x28, 0x56, 0x80, 0x3b, 0x4c,
    0xa, 0xba, 0x5d, 0x59, 0xef, 0xa8, 0xc2, 0x68,
    0x3, 0xc3, 0x90, 0x20, 0x2d, 0x15, 0x30, 0x82,
    0xb, 0xcc, 0x1, 0xfc, 0xfd, 0x4c, 0x62, 0x0,
    0x14, 0x8e, 0xa1, 0x0, 0xe0,

    /* U+0044 "D" */
    0x0, 0x1b, 0x4e, 0x6f, 0xfe, 0xdc, 0x84, 0x0,
    0xff, 0x46, 0x4b, 0x19, 0x0, 0x62, 0x37, 0xbd,
    0x60, 0xf, 0xd4, 0x20, 0x2, 0x69, 0xbc, 0xb9,
    0x61, 0x2, 0x9c, 0x20, 0xf, 0x16, 0x80, 0x22,
    0x59, 0xd, 0x1a, 0x7a, 0x88, 0xf, 0x50, 0x3,
    0xff, 0x8c, 0xba, 0xe0, 0xb, 0x30, 0xf, 0xfe,
    0x3c, 0x50, 0x3, 0x44, 0x3, 0xff, 0x8e, 0xb2,
    0x3, 0x0, 0x1f, 0xfc, 0x86, 0x30, 0x62, 0x0,
    0xff, 0xe4, 0x78, 0x2, 0x80, 0x3f, 0xf9, 0x6,
    0x20, 0xa0, 0x1f, 0xfc, 0x97, 0x2, 0x0, 0xff,
    0xe4, 0xf0, 0x0, 0x40, 0x3f, 0xf9, 0x2, 0x0,
    0x20, 0xf, 0xfe, 0x41, 0x80, 0x4, 0x3, 0xff,
    0x90, 0x60, 0x3, 0x0, 0xff, 0xe4, 0x60, 0x0,
    0x40, 0x3f, 0xf9, 0x8, 0x8, 0x1, 0xff, 0xc8,
    0x51, 0xc, 0x0, 0xff, 0xe4, 0x40, 0x1, 0x80,
    0x3f, 0xf8, 0xf2, 0x40, 0xe2, 0x1, 0xff, 0xc6,
    0x86, 0x2, 0x80, 0xf, 0xfe, 0x28, 0xdb, 0x80,
    0xf8, 0x7, 0xff, 0x10, 0x63, 0x90, 0xb, 0x8,
    0x3, 0xff, 0x80, 0x26, 0xf7, 0xce, 0x0, 0x6d,
    0x20, 0xe, 0x5a, 0x0, 0x46, 0xeb, 0xfb, 0x21,
    0x0, 0xd, 0xb2, 0x1, 0xf7, 0xb8, 0x0, 0x8a,
    0x12, 0x35, 0x8c, 0xf9, 0x20, 0xf, 0x80,

    /* U+0045 "E" */
    0x3, 0xff, 0xff, 0xe1, 0xc0, 0x4, 0xe0, 0x1f,
    0xfc, 0x37, 0x0, 0x9c, 0x0, 0xf5, 0x5f, 0xd3,
    0x28, 0x90, 0xf, 0x62, 0xaf, 0xf3, 0x31, 0xd8,
    0x3, 0xff, 0xfe, 0x1, 0xff, 0xef, 0x39, 0xe8,
    0x0, 0xc3, 0x80, 0xb, 0xff, 0xfb, 0x18, 0x5c,
    0x3, 0x9, 0x80, 0x7f, 0x96, 0x22, 0x0, 0xef,
    0x0, 0x5f, 0xff, 0xd4, 0xef, 0x0, 0x7f, 0xff,
    0xc0, 0x3f, 0xff, 0xe0, 0x1f, 0xfd, 0x77, 0x0,
    0x6b, 0x37, 0xff, 0x4, 0x80, 0x4, 0x0, 0x69,
    0x9f, 0xfe, 0xe, 0x0, 0x18, 0xc0, 0x3f, 0xf8,
    0x62, 0x20,

    /* U+0046 "F" */
    0x3, 0xff, 0xff, 0xe1, 0xc0, 0x1, 0xc0, 0x3f,
    0xf8, 0x6e, 0x0, 0x70, 0x3, 0x4c, 0xff, 0xa2,
    0x12, 0x1, 0xd8, 0xcd, 0xfe, 0x77, 0x30, 0x7,
    0xff, 0xfc, 0x3, 0xff, 0xba, 0xe0, 0x2, 0x33,
    0xf9, 0xab, 0xa0, 0x2, 0x1b, 0x0, 0x46, 0x67,
    0xd2, 0xa2, 0xe0, 0x10, 0x98, 0x7, 0xf9, 0x62,
    0x20, 0xd, 0xe0, 0xa, 0xff, 0xfa, 0x9d, 0xe0,
    0xf, 0xff, 0xf8, 0x7, 0xff, 0xfc, 0x3, 0xff,
    0xa0, 0x60, 0x1f, 0xfd, 0x62, 0x40, 0xf, 0xfe,
    0x20,

    /* U+0047 "G" */
    0x0, 0xfc, 0x51, 0x9d, 0xfe, 0xdc, 0x83, 0x0,
    0xff, 0x8a, 0xf5, 0xcc, 0x40, 0x4, 0x6f, 0x96,
    0x40, 0x1f, 0x9b, 0x50, 0x0, 0xb1, 0x54, 0x96,
    0x10, 0x4d, 0x40, 0xf, 0x3c, 0x80, 0x27, 0xe9,
    0xd5, 0x4d, 0x3d, 0x0, 0xa, 0x0, 0xe5, 0x80,
    0x2d, 0x60, 0xf, 0xcf, 0x40, 0xc0, 0x18, 0x68,
    0xb, 0x8, 0x3, 0xfc, 0xbd, 0x0, 0x1a, 0x80,
    0x1e, 0x20, 0x1f, 0xfc, 0x1, 0x0, 0xc8, 0x80,
    0x82, 0x0, 0xff, 0xe3, 0x78, 0xb, 0x80, 0x7f,
    0xf1, 0x85, 0x1, 0x80, 0x3f, 0xf8, 0xe8, 0x0,
    0xa0, 0xf, 0xfe, 0x3e, 0x0, 0x90, 0x7, 0xff,
    0x1d, 0x41, 0x40, 0x3f, 0xf, 0xff, 0xf6, 0x98,
    0x80, 0x80, 0x7e, 0x12, 0x0, 0xfc, 0x50, 0x60,
    0x40, 0x1f, 0xdf, 0x39, 0xdf, 0xf8, 0x80, 0xc4,
    0x3, 0xfe, 0x26, 0x31, 0x0, 0xc6, 0x1e, 0x20,
    0x20, 0x1f, 0xfc, 0x51, 0x0, 0x18, 0x28, 0x7,
    0xff, 0x11, 0x40, 0x27, 0x3, 0x0, 0xff, 0xe2,
    0x70, 0x5, 0xe0, 0x5, 0x0, 0xff, 0xe1, 0x2a,
    0x0, 0x4a, 0x21, 0x0, 0x1f, 0xfc, 0x12, 0xa0,
    0xe, 0x80, 0x2a, 0x0, 0xff, 0x8f, 0xc1, 0x80,
    0x33, 0x28, 0x2e, 0x20, 0x7, 0xe6, 0xc2, 0x24,
    0x0, 0x75, 0x28, 0x1d, 0xf4, 0xbb, 0x2b, 0x57,
    0x48, 0x16, 0x8, 0x3, 0xc0, 0x2a, 0xa0, 0x80,
    0xb4, 0x4d, 0x4a, 0x88, 0x3e, 0x88, 0x80, 0x3e,
    0x5e, 0xb6, 0x31, 0x0, 0xa, 0x47, 0x40, 0x0,
    0x54, 0x3c,

    /* U+0048 "H" */
    0x3, 0xfc, 0x20, 0xf, 0xfe, 0x4, 0x7d, 0x0,
    0x1c, 0xd, 0x0, 0x3f, 0xf8, 0x2, 0xa, 0x20,
    0xe0, 0x3, 0x0, 0xff, 0xe0, 0x8, 0x7, 0xff,
    0x2c, 0x40, 0x3f, 0xf8, 0xbe, 0x1, 0xff, 0xff,
    0x0, 0xff, 0xe7, 0x12, 0xc7, 0x0, 0x49, 0x40,
    0xa, 0xff, 0xfe, 0xda, 0x76, 0x0, 0xb1, 0x80,
    0x3f, 0xf8, 0xf4, 0x20, 0x9, 0xdd, 0xff, 0xe0,
    0x38, 0x4, 0x5a, 0x0, 0x32, 0x2f, 0xfe, 0x7,
    0x80, 0x7f, 0xff, 0xc0, 0x3f, 0xff, 0xe0, 0x1f,
    0xfd, 0xaf, 0x0, 0xf8, 0xc0, 0x3f, 0xf8, 0x62,
    0x1, 0xff, 0xca, 0x24, 0x3, 0x0, 0xff, 0xe0,
    0x59, 0x0, 0x0,

    /* U+0049 "I" */
    0xee, 0x38, 0x8a, 0x84, 0x3, 0x8c, 0x4, 0x3,
    0xff, 0xce, 0x60, 0x20, 0x1e, 0x61, 0x0,

    /* U+004A "J" */
    0x0, 0xff, 0xb3, 0x9c, 0x3, 0xfe, 0x11, 0x48,
    0x7, 0xfc, 0x20, 0x60, 0x1f, 0xfc, 0xd7, 0x0,
    0xff, 0xff, 0x80, 0x7f, 0xff, 0xc0, 0x3f, 0xfc,
    0xad, 0x80, 0x1f, 0x9c, 0x5, 0x24, 0xcc, 0x1,
    0xf1, 0x3, 0x80, 0x50, 0x1, 0xe3, 0x10, 0x34,
    0x30, 0x48, 0x0, 0xc3, 0xe0, 0xb, 0xe, 0x10,
    0x7d, 0x87, 0x9f, 0x30, 0x43, 0x2, 0xc2, 0x2,
    0x78, 0x61, 0x3, 0xa0, 0x8, 0xb6, 0x50, 0x40,
    0x52, 0x70, 0x40,

    /* U+004B "K" */
    0x3f, 0xc2, 0x0, 0xff, 0x3f, 0xd0, 0x80, 0x1c,
    0xd, 0x0, 0x3f, 0x9e, 0x1, 0x50, 0x0, 0xe0,
    0x1f, 0xf3, 0xc0, 0x2, 0x94, 0x3, 0x8c, 0x3,
    0xe8, 0x80, 0xe, 0x28, 0x7, 0xff, 0x6, 0x1c,
    0xb, 0xc, 0x3, 0xff, 0x83, 0x4e, 0x5, 0x84,
    0x1, 0xff, 0xc1, 0xb5, 0x4, 0xd1, 0x0, 0xff,
    0xe0, 0xe, 0x20, 0x35, 0x80, 0x7f, 0xf0, 0x4b,
    0xc, 0x22, 0x40, 0x3f, 0xf8, 0x29, 0xa4, 0x16,
    0xe0, 0x1f, 0xfc, 0x1e, 0xb0, 0x2d, 0x40, 0xf,
    0xfe, 0x12, 0x0, 0x14, 0x80, 0x3f, 0xf8, 0x82,
    0xe, 0xc0, 0x1f, 0xfc, 0x37, 0xe2, 0x9, 0x40,
    0xf, 0xfe, 0x16, 0x86, 0x8, 0x59, 0x80, 0x7f,
    0xf0, 0xc7, 0x0, 0x1a, 0x40, 0x1f, 0xfc, 0x32,
    0xb0, 0x1c, 0x20, 0xf, 0xfe, 0x1a, 0x50, 0xf,
    0x88, 0x7, 0xff, 0xd, 0x64, 0xb, 0x4, 0x3,
    0xff, 0x86, 0xd0, 0x5, 0xa0, 0x1f, 0xfc, 0x47,
    0x60, 0x3c, 0x0, 0xff, 0xe2, 0x4a, 0x81, 0xe0,
    0x7, 0xff, 0x12, 0x94, 0xf, 0x4, 0x3, 0x8c,
    0x3, 0xfa, 0x90, 0xf, 0x4, 0x3, 0xff, 0x87,
    0x64, 0x5, 0xe4, 0x44, 0x0, 0xff, 0xe0, 0xe1,
    0x2, 0x98,

    /* U+004C "L" */
    0x3f, 0xc2, 0x0, 0xff, 0xe0, 0xb8, 0x1a, 0x80,
    0x7f, 0xf0, 0x5c, 0x3, 0xff, 0x8e, 0x20, 0x1f,
    0xff, 0xf0, 0xf, 0xff, 0xf8, 0x7, 0xff, 0xfc,
    0x3, 0xff, 0xfe, 0x1, 0xff, 0xd8, 0x70, 0x6,
    0x3b, 0xff, 0xc4, 0x2, 0x0, 0x58, 0x8f, 0xfb,
    0x81, 0x4c, 0x3, 0xff, 0x82, 0x60,

    /* U+004D "M" */
    0x0, 0x86, 0xfe, 0x0, 0x3f, 0xf8, 0x79, 0xd4,
    0x40, 0x1e, 0x64, 0x7, 0x0, 0xff, 0xe1, 0x29,
    0x8a, 0xa0, 0x7, 0xf9, 0x80, 0x3f, 0xf8, 0x32,
    0x1, 0x18, 0x7, 0xb8, 0x2, 0xa0, 0xf, 0xfe,
    0x2, 0x18, 0x4, 0x60, 0x1e, 0x30, 0x30, 0x32,
    0x0, 0xff, 0xbc, 0x10, 0xc0, 0x40, 0x3c, 0xc0,
    0x86, 0x14, 0x1, 0xfe, 0x34, 0xf, 0x60, 0xe0,
    0xf, 0x8, 0x75, 0x3, 0x0, 0x7f, 0xa4, 0xd,
    0x8, 0x8, 0x3, 0xc4, 0x6, 0xc0, 0x2a, 0x1,
    0xf8, 0x54, 0x24, 0x3c, 0x18, 0x3, 0x84, 0x0,
    0x20, 0xa1, 0xc0, 0x1f, 0xa4, 0x9, 0x40, 0x80,
    0x80, 0x38, 0x80, 0xc, 0x12, 0x8, 0x20, 0x1f,
    0x38, 0x58, 0x0, 0x40, 0x3e, 0x70, 0x1, 0x1,
    0x90, 0x30, 0x7, 0x98, 0x5, 0x80, 0xc, 0x0,
    0x20, 0xc, 0x40, 0x1d, 0x41, 0x40, 0x1e, 0xb0,
    0x60, 0x8, 0x80, 0xc, 0x1, 0xb8, 0x8, 0x2,
    0x60, 0x24, 0x0, 0xc8, 0x41, 0x20, 0x1e, 0x20,
    0xc, 0x40, 0x20, 0x10, 0xa8, 0x70, 0x6, 0xf0,
    0x61, 0x0, 0xc4, 0x1c, 0x1, 0x98, 0x18, 0x3,
    0x70, 0x28, 0x80, 0x9, 0x2, 0xc0, 0x39, 0x80,
    0x80, 0x31, 0x1, 0x0, 0x64, 0x20, 0x60, 0x5,
    0x81, 0x90, 0x7, 0x8, 0x30, 0x6, 0x10, 0xe0,
    0xe, 0xa0, 0x90, 0x3, 0x4, 0x80, 0x78, 0x80,
    0x80, 0x22, 0x0, 0x10, 0x7, 0x30, 0xa, 0xb0,
    0xa, 0x80, 0x7b, 0x80, 0x40, 0x26, 0x0, 0x30,
    0x7, 0xa, 0x84, 0xd8, 0x30, 0x7, 0xc6, 0x0,
    0x20, 0x1, 0x0, 0xc, 0x3, 0xd2, 0x6, 0x41,
    0x40, 0x1f, 0x30, 0x1, 0x80, 0x1c, 0x0, 0x10,
    0xf, 0x19, 0x0, 0xc, 0x80, 0x3e, 0x20, 0x1,
    0x80, 0x8, 0x8, 0x3, 0xf5, 0x0, 0x28, 0x3,
    0xf0, 0x80, 0x38, 0x0, 0xe0, 0xc0, 0x1f, 0x9f,
    0x35, 0x80, 0x3f, 0x84, 0x8, 0x0, 0x40, 0x40,
    0x1f, 0xc6, 0x40, 0x1f, 0xe2, 0x5, 0x4, 0x0,
    0x8, 0x7, 0xff, 0x25, 0xc0, 0x48, 0x40, 0x70,
    0x3, 0xff, 0x92, 0x60, 0x42,

    /* U+004E "N" */
    0x2b, 0xf9, 0x0, 0xff, 0xe0, 0xdf, 0x43, 0xa0,
    0x31, 0x80, 0x7f, 0xf0, 0x45, 0x98, 0x1, 0x78,
    0x7, 0xff, 0x1c, 0xd8, 0x3, 0xfe, 0x10, 0xf,
    0xa0, 0x40, 0x3f, 0xf8, 0x6, 0x1, 0x40, 0xd,
    0x80, 0x7f, 0xf1, 0xd, 0x81, 0x4c, 0x3, 0xff,
    0x89, 0x2, 0x1c, 0x1, 0xff, 0xc4, 0x1b, 0x2,
    0x70, 0xf, 0xfe, 0x22, 0xa0, 0x41, 0x0, 0x7f,
    0xf1, 0x24, 0x1, 0xc0, 0x1f, 0xfc, 0x42, 0x80,
    0x36, 0x0, 0xff, 0xe2, 0x39, 0x4, 0x88, 0x7,
    0xff, 0x13, 0x80, 0x14, 0x1, 0xff, 0xc4, 0x37,
    0x4, 0x50, 0xf, 0xfe, 0x24, 0x10, 0x58, 0x80,
    0x7f, 0xf1, 0x38, 0x6, 0x80, 0x3f, 0xf8, 0x86,
    0xe0, 0x8c, 0x1, 0xff, 0xc4, 0x82, 0x9, 0x20,
    0xf, 0xfe, 0x27, 0x0, 0x38, 0x3, 0xff, 0x88,
    0x6e, 0x6, 0xe0, 0x1f, 0xfc, 0x48, 0x30, 0x86,
    0x0, 0xe1, 0x0, 0xff, 0x70, 0x0, 0xc0, 0x3f,
    0xf8, 0x85, 0x20, 0x11, 0x0, 0x7f, 0xf0, 0xd9,
    0x0, 0x22, 0x40, 0xf, 0xfe, 0x15, 0x10, 0xd8,

    /* U+004F "O" */
    0x0, 0xfe, 0x28, 0xce, 0xfe, 0xc9, 0x30, 0xf,
    0xfe, 0x1c, 0xeb, 0x98, 0x80, 0x9b, 0x65, 0x90,
    0x7, 0xf0, 0xde, 0xe9, 0x80, 0xe2, 0xae, 0x9c,
    0x41, 0x35, 0x0, 0x3f, 0x6a, 0x11, 0xf, 0x30,
    0xea, 0x8b, 0x1d, 0x0, 0xb, 0x30, 0xf, 0x41,
    0x80, 0x23, 0xc, 0x3, 0xe7, 0xa0, 0x7, 0x0,
    0x71, 0x38, 0x2, 0x5c, 0x3, 0xfc, 0xb0, 0x4,
    0xe0, 0x1a, 0xc0, 0xe, 0xc0, 0x1f, 0xfc, 0x7,
    0x20, 0x90, 0xc, 0xc0, 0x30, 0x1, 0xff, 0xc2,
    0xb0, 0x14, 0x0, 0x28, 0x2, 0x0, 0x3f, 0xf8,
    0x6c, 0x0, 0xd0, 0x6, 0x0, 0x18, 0x3, 0xff,
    0x88, 0x60, 0xa0, 0x5, 0x4, 0x0, 0xff, 0xe2,
    0xb0, 0x10, 0x0, 0xc0, 0xc0, 0x3f, 0xf8, 0xa4,
    0x2, 0x1, 0xbc, 0x3, 0xff, 0x92, 0x20, 0x1,
    0x0, 0xff, 0xe2, 0x88, 0x8, 0x6, 0x10, 0xf,
    0xfe, 0x29, 0x81, 0x80, 0x80, 0x38, 0x3, 0xff,
    0x8a, 0xe0, 0xc0, 0x2, 0x2, 0x0, 0xff, 0xe2,
    0x90, 0x18, 0x1, 0xc1, 0x0, 0x3f, 0xf8, 0x8c,
    0x0, 0xd0, 0x6, 0x0, 0x14, 0x3, 0xff, 0x87,
    0x40, 0x2a, 0x0, 0x70, 0x4, 0x0, 0x7f, 0xf0,
    0x90, 0xc1, 0xc0, 0x21, 0x60, 0x26, 0x0, 0xff,
    0xe0, 0xd, 0x0, 0x20, 0x3, 0x40, 0x84, 0xa8,
    0x7, 0xf8, 0x70, 0x42, 0x4, 0x3, 0xd, 0x0,
    0x2a, 0x0, 0x3f, 0x37, 0x10, 0x2b, 0x80, 0x79,
    0x28, 0x0, 0xff, 0x4e, 0xcf, 0x17, 0xf2, 0x0,
    0x5a, 0x0, 0xfc, 0xba, 0x80, 0x5, 0x89, 0x87,
    0x40, 0x1, 0x5d, 0x0, 0x7f, 0x8a, 0xf1, 0xd0,
    0x40, 0x2, 0x6d, 0x7a, 0x80, 0x1e,

    /* U+0050 "P" */
    0x0, 0x1b, 0x4d, 0xf7, 0xfe, 0xec, 0x95, 0x0,
    0xd5, 0xf9, 0x2c, 0x82, 0x1, 0x84, 0xda, 0xb9,
    0x80, 0x18, 0x1, 0x8d, 0xe6, 0xae, 0xa5, 0x88,
    0x6, 0x5c, 0x1a, 0x80, 0x15, 0x90, 0xca, 0x8a,
    0xd3, 0xb4, 0x0, 0x82, 0x6, 0x0, 0xff, 0xe0,
    0x2d, 0x0, 0x28, 0x3, 0xff, 0x86, 0xa0, 0x2,
    0x0, 0xff, 0xeb, 0x10, 0x0, 0x80, 0x3f, 0xf8,
    0x72, 0x0, 0xb0, 0xf, 0xfe, 0x14, 0xa0, 0x21,
    0x80, 0x7f, 0xf0, 0x13, 0x18, 0xa, 0x80, 0x3e,
    0x11, 0x1b, 0x4e, 0xd9, 0x82, 0x60, 0x80, 0x75,
    0x7f, 0x73, 0x25, 0x88, 0x12, 0xec, 0x20, 0x1e,
    0x21, 0x22, 0x1a, 0xbd, 0xf5, 0xa0, 0x7, 0xe8,
    0xed, 0xd6, 0x54, 0x20, 0x80, 0x7f, 0xff, 0xc0,
    0x3f, 0xff, 0xe0, 0x1f, 0xfc, 0x3, 0x0, 0xff,
    0xeb, 0x12, 0x1, 0x80, 0x7f, 0xf0, 0x80,

    /* U+0051 "Q" */
    0x0, 0xfe, 0x28, 0xce, 0xfe, 0xc9, 0x30, 0xf,
    0xfe, 0x1c, 0xeb, 0x98, 0x80, 0x9b, 0x65, 0x90,
    0x7, 0xf0, 0xde, 0xe9, 0x80, 0xe2, 0xf2, 0xa0,
    0x81, 0x30, 0xc0, 0x3f, 0x6a, 0x11, 0xf, 0x30,
    0xe8, 0x6a, 0xfb, 0x0, 0x38, 0x60, 0x1e, 0x83,
    0x0, 0x3e, 0x18, 0x7, 0xcf, 0x60, 0xe, 0x0,
    0xe2, 0x70, 0x4, 0xc0, 0x7, 0xf9, 0x20, 0x9,
    0xc0, 0x35, 0x80, 0x1d, 0x80, 0x3f, 0xf8, 0xe,
    0x41, 0x20, 0x19, 0x80, 0x60, 0x3, 0xff, 0x85,
    0x40, 0x28, 0x0, 0x50, 0x4, 0x0, 0x7f, 0xf0,
    0xd8, 0x1, 0x80, 0xc, 0x0, 0x30, 0x7, 0xff,
    0xc, 0x48, 0x10, 0x0, 0xa0, 0x80, 0x1f, 0xfc,
    0x56, 0x2, 0x0, 0x18, 0x10, 0x7, 0xff, 0x14,
    0x80, 0x40, 0x37, 0x0, 0x7f, 0xf2, 0x44, 0x3,
    0xff, 0x90, 0x60, 0x1e, 0xf0, 0xf, 0xfe, 0x28,
    0x80, 0x80, 0x80, 0x4, 0x3, 0xff, 0x8a, 0xc0,
    0x40, 0x2, 0x5, 0x0, 0xff, 0xe2, 0x90, 0x20,
    0x1, 0xc0, 0xc0, 0x3f, 0xf8, 0x88, 0x0, 0xc0,
    0x6, 0x0, 0x14, 0x3, 0xcb, 0x76, 0x0, 0xf7,
    0x0, 0x10, 0x0, 0xe0, 0x8, 0x0, 0xf4, 0x22,
    0x2c, 0x3, 0x12, 0x83, 0x0, 0x42, 0xc0, 0x4c,
    0x1, 0xda, 0x80, 0x92, 0x1, 0x48, 0x2, 0x0,
    0x34, 0x8, 0x4a, 0x0, 0x75, 0xa8, 0x34, 0x4,
    0xa0, 0x48, 0x80, 0x61, 0xa0, 0x5, 0xb8, 0x7,
    0x53, 0x83, 0xeb, 0x3, 0x30, 0x3, 0xc9, 0x40,
    0x8, 0xea, 0x75, 0x67, 0x20, 0x1, 0x3, 0xc8,
    0x7, 0xe5, 0xd4, 0x1, 0x58, 0xa9, 0x85, 0x0,
    0xc8, 0x1, 0xfe, 0x2b, 0xc7, 0x41, 0x0, 0x9,
    0xbe, 0x58, 0x1e, 0x90, 0x7, 0xf8, 0xe2, 0xfb,
    0xfd, 0xd9, 0x6, 0x98, 0x25, 0xb0, 0x20, 0x1f,
    0xfc, 0x73, 0xf6, 0x17, 0xf1,

    /* U+0052 "R" */
    0x0, 0x12, 0xcd, 0xef, 0xfe, 0xeb, 0x71, 0x0,
    0xfa, 0xff, 0x69, 0x90, 0x80, 0x30, 0xa4, 0x73,
    0x80, 0x7b, 0x40, 0x22, 0x69, 0xbc, 0xc5, 0xca,
    0x80, 0x22, 0x0, 0x1c, 0xd2, 0x0, 0x99, 0x32,
    0x19, 0x91, 0xab, 0x4c, 0x1c, 0xc0, 0x39, 0x40,
    0x3f, 0xe2, 0xd0, 0x4, 0x80, 0x7f, 0xf1, 0x85,
    0x41, 0xc0, 0x3f, 0xf9, 0x26, 0x1, 0xff, 0xc7,
    0x70, 0x20, 0xf, 0xfe, 0x33, 0x90, 0x50, 0x7,
    0xff, 0x15, 0xe0, 0xd, 0x80, 0x3f, 0xf8, 0x69,
    0x70, 0x5, 0xa0, 0x1f, 0xc2, 0xcc, 0x78, 0xbe,
    0xb4, 0x6, 0xd1, 0x0, 0xfe, 0xa9, 0x94, 0x3a,
    0x8, 0x9b, 0x64, 0x3, 0xfe, 0x30, 0xa, 0x73,
    0xb9, 0x24, 0x1, 0xff, 0xc0, 0x8b, 0x10, 0xb2,
    0x10, 0xf, 0xfe, 0x22, 0x68, 0x96, 0x80, 0x7f,
    0xf1, 0x8f, 0x40, 0xec, 0x3, 0xff, 0x8c, 0x76,
    0x9, 0x40, 0x1f, 0xfc, 0x64, 0x90, 0x59, 0x0,
    0xff, 0xe3, 0x33, 0x83, 0x40, 0x7, 0xff, 0x1a,
    0x18, 0x1d, 0xc0, 0x1f, 0xfc, 0x69, 0x50, 0x87,
    0x0, 0xff, 0xe3, 0x52, 0x84, 0x40, 0x3, 0xf8,
    0x40, 0x3f, 0x52, 0x83, 0xd0, 0x7, 0xff, 0x1a,
    0xa0, 0x17, 0x54, 0x2, 0x24, 0x0, 0xff, 0xe0,
    0x3e, 0xb0, 0x56, 0x0,

    /* U+0053 "S" */
    0x0, 0xf2, 0x4e, 0xff, 0xbb, 0x20, 0xc0, 0x3f,
    0x8f, 0x2d, 0x88, 0x0, 0x26, 0xf9, 0x83, 0x0,
    0xf2, 0xe1, 0x80, 0xb4, 0xca, 0x10, 0x0, 0x78,
    0xa0, 0x18, 0xe8, 0x1, 0x1d, 0x2c, 0xc7, 0xbe,
    0x70, 0x4, 0x0, 0x6f, 0x0, 0x5b, 0x80, 0x78,
    0x62, 0xc0, 0x40, 0x22, 0x30, 0x64, 0x0, 0xfe,
    0x4c, 0xe0, 0x9, 0x80, 0x18, 0x1, 0xff, 0x19,
    0x0, 0x4e, 0x0, 0x30, 0xf, 0xfe, 0x21, 0x80,
    0x2c, 0x40, 0x3f, 0xf8, 0x92, 0x5, 0xee, 0x20,
    0x1f, 0xfc, 0x26, 0x80, 0x18, 0xed, 0x95, 0x10,
    0xf, 0xf9, 0xf9, 0xc4, 0x9, 0xab, 0xb6, 0x8,
    0x3, 0xf8, 0x63, 0xb6, 0x10, 0x0, 0x4f, 0xb4,
    0x20, 0x1f, 0xe2, 0x7b, 0xfc, 0x71, 0x5, 0xf2,
    0x0, 0xff, 0xe0, 0x9c, 0x73, 0x80, 0xf8, 0x7,
    0xff, 0x12, 0x24, 0xa, 0x0, 0x3f, 0xf8, 0x8c,
    0x40, 0xa0, 0x1f, 0xfc, 0x55, 0x2, 0x10, 0xf,
    0xfe, 0x27, 0x0, 0xc, 0x8, 0x40, 0x3f, 0xf8,
    0x3c, 0x0, 0x32, 0xdd, 0x0, 0x7f, 0xf0, 0x54,
    0x8, 0x54, 0xe, 0xc0, 0x3f, 0xea, 0x20, 0xa0,
    0x63, 0x4, 0xd4, 0x0, 0xf8, 0xad, 0x40, 0x9c,
    0x7, 0x10, 0xa, 0xfa, 0x5d, 0x99, 0x19, 0xa8,
    0x3, 0x80, 0x1a, 0xe8, 0x80, 0x5a, 0x26, 0x4e,
    0x60, 0x5, 0xf1, 0x0, 0xe5, 0xdb, 0x63, 0x10,
    0x1, 0x24, 0x6d, 0x8, 0x4,

    /* U+0054 "T" */
    0x9f, 0xff, 0xfe, 0x36, 0x80, 0x80, 0x7f, 0xc2,
    0x3f, 0x19, 0x4a, 0x2c, 0x4c, 0xf0, 0x1, 0xbb,
    0xbf, 0x10, 0xdd, 0x3b, 0x37, 0x8, 0x7, 0xff,
    0xfc, 0x3, 0xff, 0xa2, 0x20, 0x1f, 0xff, 0xf0,
    0xf, 0xff, 0xf8, 0x7, 0xff, 0xfc, 0x3, 0xff,
    0xca, 0x60, 0x1f, 0xff, 0x21, 0x0, 0xff, 0xe3,
    0x30, 0x88, 0x3, 0xf8,

    /* U+0055 "U" */
    0x3f, 0xc3, 0x0, 0xff, 0xe0, 0x6f, 0x3b, 0x80,
    0xd0, 0x3, 0xff, 0x80, 0x63, 0x4e, 0x1, 0xff,
    0xc3, 0x30, 0xe, 0x10, 0xf, 0xfe, 0x10, 0x80,
    0x7f, 0xff, 0xc0, 0x3f, 0xff, 0xe0, 0x1f, 0xff,
    0xf0, 0xf, 0xfe, 0xd1, 0x80, 0x4, 0x0, 0x20,
    0x1f, 0xfc, 0x1, 0x6, 0x30, 0x7, 0x80, 0x7f,
    0xcc, 0x0, 0xd1, 0x10, 0x20, 0x7, 0xfd, 0x60,
    0x5, 0x4, 0x3, 0x40, 0xf, 0xea, 0x20, 0x42,
    0x9, 0x0, 0x52, 0x0, 0x78, 0x6d, 0x40, 0x68,
    0x0, 0x6e, 0x3, 0x79, 0xc, 0xaf, 0x7c, 0x80,
    0x3a, 0x20, 0x14, 0x40, 0x0, 0x6f, 0x35, 0x8,
    0x0, 0x4f, 0x30, 0xe, 0x7e, 0x84, 0x10, 0x8,
    0xdb, 0x2c, 0x40, 0x20,

    /* U+0056 "V" */
    0x7f, 0xe4, 0x0, 0xff, 0xe1, 0xe7, 0x32, 0x0,
    0xf8, 0x7, 0xff, 0x8, 0x8c, 0x68, 0xcc, 0x8,
    0x20, 0x1f, 0xfc, 0x1a, 0x0, 0x78, 0x48, 0x1,
    0x80, 0x3f, 0xf8, 0x2c, 0x8, 0x60, 0xa2, 0x14,
    0x1, 0xff, 0xc0, 0x51, 0xf, 0x0, 0x98, 0x8,
    0xc0, 0x3f, 0xee, 0x1, 0x40, 0xa, 0x80, 0x14,
    0x1, 0xfe, 0x24, 0x9, 0x0, 0xc4, 0x80, 0xc0,
    0x1f, 0xea, 0x0, 0x30, 0x7, 0x70, 0x1, 0x40,
    0x3f, 0x98, 0x14, 0x40, 0x39, 0x44, 0x38, 0x3,
    0xf2, 0x88, 0x48, 0x7, 0xce, 0x8, 0x20, 0x1f,
    0x70, 0x19, 0x80, 0x3e, 0xa0, 0x3, 0x80, 0x78,
    0x50, 0x28, 0x3, 0xf1, 0x90, 0x50, 0x7, 0xa4,
    0x0, 0xc0, 0x1f, 0xd4, 0x6, 0x40, 0x1c, 0xc0,
    0xc0, 0x1f, 0xe6, 0x0, 0x28, 0x6, 0x41, 0xb,
    0x0, 0xff, 0xa, 0x5, 0x80, 0x6e, 0x3, 0x20,
    0xf, 0xfb, 0x80, 0xc8, 0x0, 0x2a, 0x12, 0x1,
    0xff, 0xc0, 0x50, 0x2, 0x80, 0x1c, 0x5, 0x40,
    0x3f, 0xf8, 0x2a, 0x14, 0x0, 0xa0, 0x70, 0xf,
    0xfe, 0x17, 0x1, 0x14, 0x61, 0x40, 0x1f, 0xfc,
    0x24, 0x10, 0x5b, 0x2, 0x30, 0xf, 0xfe, 0x1b,
    0x85, 0x38, 0x50, 0x7, 0xff, 0x12, 0x80, 0x84,
    0x18, 0x3, 0xff, 0x88, 0x62, 0x0, 0x31, 0x0,
    0xff, 0xe2, 0xc8, 0x1, 0x0, 0x3f, 0xf8, 0xce,
    0xc3, 0x60, 0x1f, 0xc0,

    /* U+0057 "W" */
    0x8f, 0xe2, 0x0, 0xff, 0x23, 0x18, 0x7, 0xfc,
    0xbf, 0x65, 0xa0, 0x34, 0x1, 0xfe, 0xb9, 0xc5,
    0x0, 0xff, 0x78, 0x23, 0xa8, 0x1, 0x0, 0x3f,
    0x88, 0x2, 0xc0, 0xf, 0xf2, 0x0, 0xa8, 0x28,
    0x18, 0x80, 0x7e, 0x40, 0x9, 0xc0, 0x3f, 0x8c,
    0x41, 0xc0, 0x1e, 0x0, 0x40, 0xf, 0xda, 0x2,
    0x2, 0x40, 0x1f, 0xac, 0x1, 0x40, 0x5, 0x0,
    0x60, 0x7, 0xe4, 0x9, 0x10, 0x40, 0xf, 0xc8,
    0x4, 0x60, 0x12, 0x3, 0x80, 0x7c, 0x80, 0x5,
    0x40, 0xd0, 0xf, 0x84, 0xc1, 0x40, 0x36, 0x0,
    0x90, 0x7, 0xb4, 0x4, 0xb0, 0x10, 0x3, 0xe7,
    0x0, 0x58, 0x6, 0x50, 0x2, 0x0, 0x79, 0xc1,
    0xc1, 0xc0, 0x6, 0x1, 0xed, 0x2, 0x30, 0xc,
    0x42, 0x18, 0x1, 0xc4, 0x21, 0xa0, 0x24, 0x8,
    0x1, 0xe4, 0x5, 0x0, 0xf2, 0x2, 0x0, 0x72,
    0x80, 0x10, 0x0, 0x81, 0x60, 0x1c, 0x80, 0xb,
    0x0, 0xf7, 0x80, 0x90, 0x6, 0xb0, 0x40, 0xb,
    0x0, 0xc0, 0x3b, 0x40, 0x4c, 0x3, 0xc8, 0x0,
    0x40, 0x8, 0x4c, 0x30, 0x2, 0x40, 0x2, 0x0,
    0x67, 0x7, 0x0, 0xf8, 0x48, 0x30, 0x2, 0x40,
    0x2, 0x80, 0x42, 0x41, 0x80, 0x11, 0x8, 0x68,
    0x7, 0xe4, 0x4, 0x0, 0xb0, 0x4, 0x80, 0x32,
    0x2, 0x0, 0x4a, 0x0, 0x40, 0xf, 0xda, 0x2,
    0x20, 0x3, 0x83, 0x80, 0x76, 0x1, 0x80, 0x58,
    0x8, 0x1, 0xfc, 0xa0, 0x4, 0x2, 0x10, 0xc0,
    0xe, 0x40, 0x2, 0x0, 0x10, 0x34, 0x3, 0xf8,
    0x4c, 0x30, 0x10, 0x0, 0x80, 0x1c, 0x24, 0x18,
    0x8, 0x0, 0x70, 0xf, 0xf2, 0x2, 0x86, 0x1,
    0x88, 0x7, 0x90, 0xc, 0x34, 0xc, 0x40, 0x3f,
    0xd8, 0x6, 0x8, 0x16, 0x1, 0xf6, 0x2, 0x2,
    0x5, 0x80, 0x7f, 0xca, 0x0, 0x61, 0x4, 0x0,
    0xf9, 0xc0, 0xa, 0x40, 0x80, 0x1f, 0xf0, 0x90,
    0x58, 0x9, 0x80, 0x7c, 0x42, 0x10, 0x2, 0x60,
    0x1f, 0xfc, 0x4, 0x2, 0x4, 0x0, 0xfe, 0x40,
    0x20, 0x70, 0xf, 0xfe, 0xe, 0x0, 0x58, 0x1,
    0xfd, 0x80, 0x16, 0x0, 0x7f, 0xf0, 0x54, 0x40,
    0xe, 0x1, 0xfc, 0xe0, 0x12, 0x0, 0x7f, 0xf0,
    0xa8, 0x54, 0x40, 0x3f, 0x86, 0xc5, 0x4, 0x3,
    0xe0,

    /* U+0058 "X" */
    0x1, 0xbf, 0x80, 0xf, 0xfe, 0x1, 0xfd, 0x88,
    0x0, 0xd0, 0x1c, 0x80, 0x3f, 0xee, 0x4, 0x20,
    0x1, 0x50, 0x3, 0x80, 0x3f, 0xd0, 0x41, 0x6,
    0x1, 0x2b, 0x1, 0xb0, 0x7, 0xe3, 0x70, 0x57,
    0x0, 0xe9, 0x30, 0x92, 0x0, 0xfb, 0x80, 0xac,
    0x3, 0xee, 0x0, 0x70, 0x7, 0xa4, 0x83, 0x84,
    0x3, 0xe2, 0x90, 0x37, 0x0, 0xc8, 0xc1, 0x6,
    0x1, 0xfc, 0xc8, 0x10, 0x40, 0x1, 0xa0, 0x47,
    0x0, 0xff, 0xa8, 0x43, 0xc0, 0x14, 0x22, 0xa0,
    0xf, 0xfe, 0x0, 0xd8, 0x14, 0x32, 0x5, 0x88,
    0x7, 0xff, 0x5, 0x50, 0x1e, 0x41, 0x54, 0x1,
    0xff, 0xc3, 0xa1, 0x0, 0xd, 0x80, 0x7f, 0xf1,
    0x4, 0xc0, 0xc, 0x20, 0x1f, 0xfc, 0x48, 0x20,
    0x3, 0x88, 0x7, 0xff, 0xd, 0x1c, 0x1c, 0x42,
    0x80, 0x3f, 0xf8, 0x72, 0x5, 0x14, 0x8, 0xa0,
    0x1f, 0xfc, 0x19, 0x20, 0xe0, 0x45, 0xb, 0x10,
    0xf, 0xf9, 0x18, 0x1c, 0xc0, 0x16, 0x22, 0xa0,
    0xf, 0xfa, 0x80, 0xa0, 0x2, 0x1b, 0x4, 0x60,
    0xf, 0xe9, 0x10, 0xe0, 0xe, 0x55, 0x4, 0x90,
    0x7, 0xc8, 0xc0, 0xe6, 0x1, 0xeb, 0x10, 0xe0,
    0xf, 0xd, 0x1, 0x40, 0x7, 0xc3, 0x60, 0x72,
    0x1, 0xd4, 0x21, 0xc0, 0x1f, 0xca, 0xa0, 0x67,
    0x0, 0xa1, 0x1, 0x8c, 0x3, 0xfd, 0x62, 0x10,
    0x80, 0xae, 0x3, 0x20, 0x1f, 0xf0, 0xd8, 0x2,
    0xc8, 0x4, 0x28, 0x3, 0xff, 0x82, 0xaa, 0x4,
    0x30,

    /* U+0059 "Y" */
    0x3d, 0xf8, 0x0, 0xff, 0xe0, 0x8e, 0xf4, 0x91,
    0x83, 0x88, 0x7, 0xff, 0x2, 0x8, 0x70, 0x68,
    0x1, 0x60, 0x1f, 0xf1, 0xb0, 0x2a, 0x81, 0x14,
    0x14, 0xc0, 0x3f, 0xde, 0x5, 0x40, 0x15, 0x88,
    0x70, 0x7, 0xf3, 0x98, 0x48, 0x6, 0x1b, 0x2,
    0x70, 0xf, 0x86, 0x1, 0x90, 0x3, 0x95, 0x2,
    0x4, 0x3, 0xd4, 0x3, 0x20, 0x1f, 0x48, 0x2,
    0xc0, 0x39, 0x50, 0x28, 0x3, 0xf1, 0x40, 0x29,
    0x80, 0x6b, 0x5, 0x40, 0xf, 0xe7, 0x20, 0xe0,
    0xa, 0x44, 0x2c, 0x3, 0xfe, 0x90, 0x26, 0x3,
    0x60, 0x81, 0x0, 0xff, 0x91, 0x1, 0x3, 0xe0,
    0x4e, 0x1, 0xff, 0xc1, 0x90, 0x1c, 0x30, 0x90,
    0xf, 0xfe, 0x11, 0x30, 0x10, 0x2a, 0x0, 0x7f,
    0xf0, 0xe0, 0x40, 0x10, 0x1, 0xff, 0xc4, 0x15,
    0x1, 0x20, 0xf, 0xff, 0xf8, 0x7, 0xff, 0xfc,
    0x3, 0xff, 0x84, 0xe0, 0x1f, 0xfc, 0xa1, 0x0,
    0xff, 0xe3, 0x50, 0x88, 0x3, 0xf8,

    /* U+005A "Z" */
    0x0, 0x11, 0x9f, 0xff, 0x1, 0xaf, 0xe0, 0x2,
    0xdc, 0xcf, 0xfe, 0x4, 0xa0, 0x39, 0x0, 0x1c,
    0x3, 0xe2, 0x34, 0x56, 0x0, 0x90, 0x80, 0x11,
    0xb9, 0x8d, 0xef, 0xf6, 0xe5, 0xd0, 0x80, 0x16,
    0xc0, 0x31, 0x19, 0x88, 0x40, 0x39, 0x1c, 0xe,
    0x80, 0x3f, 0xf8, 0x43, 0x40, 0x3c, 0x1, 0xff,
    0xc3, 0xd1, 0xa, 0x20, 0xf, 0xfe, 0x14, 0x18,
    0x3a, 0x0, 0x7f, 0xf0, 0x8d, 0xc0, 0xe0, 0x3,
    0xff, 0x84, 0x3a, 0x0, 0xd0, 0xf, 0xfe, 0x1d,
    0x8, 0x50, 0x80, 0x7f, 0xf0, 0x99, 0x1, 0x94,
    0x3, 0xff, 0x84, 0x52, 0x5, 0x20, 0x1f, 0xfc,
    0x3e, 0x0, 0x70, 0x7, 0xff, 0xe, 0xc, 0x1c,
    0xc0, 0x3f, 0xf8, 0x46, 0xe0, 0x50, 0x1, 0xff,
    0xc3, 0xe0, 0x7, 0x0, 0x7f, 0xf0, 0xe0, 0x81,
    0xcc, 0x3, 0xff, 0x84, 0x6e, 0x5, 0x0, 0x1f,
    0xfc, 0x3f, 0x0, 0x70, 0x7, 0xff, 0xd, 0xcc,
    0x18, 0xc0, 0x3f, 0xf8, 0x45, 0x0, 0x30, 0x1,
    0xff, 0xc3, 0xe0, 0x5, 0x88, 0x7, 0xff, 0xa,
    0x8c, 0x4, 0xd9, 0xdd, 0x11, 0xfe, 0x70, 0x40,
    0x0, 0xcc, 0xa2, 0xe, 0xff, 0xe8, 0x5b, 0x0,
    0xff, 0xe3, 0x68,

    /* U+005B "[" */
    0x4f, 0xfe, 0x83, 0x0, 0xe4, 0x20, 0x1f, 0xfb,
    0x0, 0x3f, 0xff, 0xe0, 0x1f, 0xff, 0xf0, 0xf,
    0xff, 0x49, 0x80, 0xff, 0xcc, 0xe4, 0x1, 0xb0,

    /* U+005C "\\" */
    0x5, 0x10, 0xf, 0xf3, 0x54, 0x80, 0x7f, 0xb8,
    0x14, 0x3, 0xfd, 0x20, 0x44, 0x0, 0xfe, 0x15,
    0x5, 0x0, 0xff, 0x78, 0x50, 0x7, 0xf9, 0x44,
    0x8c, 0x3, 0xfc, 0xe1, 0x60, 0x1f, 0xed, 0x6,
    0x0, 0xff, 0x20, 0x89, 0x0, 0x3f, 0xcc, 0x1a,
    0x1, 0xfe, 0xb0, 0x70, 0xf, 0xf1, 0x90, 0xa0,
    0x7, 0xf9, 0x43, 0x80, 0x3f, 0xd4, 0xa, 0x1,
    0xfe, 0x23, 0x5, 0x0, 0xff, 0x58, 0x70, 0x7,
    0xf9, 0x81, 0x4, 0x3, 0xf8, 0x50, 0x1c, 0x3,
    0xfd, 0xa1, 0x40, 0x1f, 0xe7, 0x3, 0x10, 0xf,
    0xe1, 0x40, 0x60, 0xf, 0xf7, 0x5, 0x0, 0x7f,
    0x94, 0x8, 0x80, 0x1f, 0xe5, 0xa, 0x0, 0xff,
    0x70, 0x28, 0x7, 0xf9, 0x4, 0x8c, 0x3, 0xfc,
    0xe1, 0x20, 0x1f, 0xea, 0x5, 0x0, 0xff, 0x19,
    0x30, 0x0,

    /* U+005D "]" */
    0x1f, 0xfe, 0x90, 0x12, 0x0, 0xcc, 0x0, 0xdf,
    0xf5, 0x80, 0x7f, 0x8, 0x7, 0xff, 0xfc, 0x3,
    0xff, 0xfe, 0x1, 0xff, 0xfd, 0x10, 0x3f, 0xfa,
    0xc0, 0x22, 0x10, 0xc, 0x40,

    /* U+005E "^" */
    0x0, 0xfc, 0xca, 0x1, 0xff, 0xc3, 0x79, 0xa2,
    0x0, 0xff, 0xe1, 0x50, 0x2, 0xc0, 0x3f, 0xf8,
    0x28, 0x40, 0x6, 0x10, 0xf, 0xfe, 0x4, 0x3,
    0xa0, 0x48, 0x7, 0xfc, 0x66, 0x9, 0xf0, 0x70,
    0xf, 0xfa, 0x1, 0x85, 0xc, 0x1c, 0x3, 0xf8,
    0x90, 0x2c, 0x1, 0x21, 0x20, 0x1f, 0xd6, 0x8,
    0x40, 0x5, 0x11, 0x30, 0x7, 0xc2, 0xc1, 0x0,
    0x1a, 0x42, 0xc0, 0x3e, 0x90, 0x33, 0x0, 0x67,
    0x12, 0x50, 0xe, 0x17, 0x9, 0x0, 0xf3, 0x4,
    0x80, 0x73, 0x1, 0x28, 0x7, 0xa4, 0xd, 0x0,
    0x34, 0x85, 0x80, 0x7c, 0x2c, 0x1e, 0x1, 0x30,
    0x89, 0x80, 0x3f, 0x58, 0x21, 0x80, 0x20, 0x1c,
    0x3, 0xf8, 0x8c, 0x24, 0x4, 0x82, 0x80, 0x3f,
    0xd4, 0xe, 0x0,

    /* U+005F "_" */
    0x4, 0x4f, 0xfe, 0x30, 0x3d, 0xdf, 0xff, 0x19,
    0xc8, 0x3, 0xff, 0x8c, 0x40,

    /* U+0060 "`" */
    0xa, 0xd4, 0x0, 0xd6, 0xa5, 0x72, 0x1, 0x7a,
    0x0, 0x1b, 0x48, 0x12, 0xfa, 0x4c, 0xb4, 0xc0,
    0x2, 0xd9, 0x85, 0x80,

    /* U+0061 "a" */
    0x0, 0xe1, 0x7c, 0xfe, 0xb3, 0x1f, 0xd4, 0x0,
    0xe5, 0xf8, 0x30, 0x14, 0xc7, 0x2, 0xc0, 0xc,
    0xd4, 0x25, 0x39, 0x6c, 0x12, 0x0, 0xf0, 0x9,
    0x64, 0x17, 0x58, 0xd2, 0x60, 0x2, 0x20, 0x0,
    0xd8, 0x25, 0x0, 0x73, 0xd8, 0x0, 0x40, 0x10,
    0x22, 0xa0, 0xf, 0x9c, 0x0, 0xe0, 0x2c, 0x12,
    0x20, 0x1f, 0x38, 0x6, 0x70, 0x3, 0x80, 0x7e,
    0x10, 0x0, 0x86, 0x81, 0x80, 0x7f, 0x10, 0x6,
    0x60, 0x50, 0xf, 0xed, 0x0, 0xc4, 0x2, 0x1,
    0xfc, 0xa0, 0x1e, 0xf0, 0xf, 0xca, 0x1, 0xc2,
    0x1c, 0x1, 0xfa, 0x0, 0x26, 0x5, 0x5, 0x0,
    0xfa, 0x48, 0xc0, 0x4, 0x1a, 0x6, 0x60, 0xe,
    0x96, 0xe, 0x10, 0xc0, 0x62, 0xd, 0x51, 0x12,
    0xeb, 0x5, 0x12, 0x82, 0x88, 0x70, 0x8a, 0xbb,
    0x94, 0x43, 0x6a, 0x1a, 0x0, 0x70, 0x3f, 0x72,
    0x0, 0x1c, 0x72, 0x0, 0x18, 0x8d, 0xc0,

    /* U+0062 "b" */
    0xbe, 0x70, 0xf, 0xfe, 0xb, 0x8d, 0x80, 0x7f,
    0xf0, 0x5c, 0x3, 0xff, 0x8a, 0xe0, 0x1f, 0xff,
    0xf0, 0xf, 0xcd, 0x7d, 0xfd, 0x46, 0x1, 0xf1,
    0xec, 0xa0, 0x80, 0xae, 0x30, 0x7, 0x16, 0x90,
    0x35, 0x5c, 0x8, 0x4a, 0x0, 0x6f, 0x13, 0xd9,
    0x54, 0x7c, 0x10, 0x90, 0x9, 0x8, 0x98, 0x40,
    0x18, 0xa0, 0x9, 0x0, 0x37, 0x80, 0x7c, 0xe0,
    0x3, 0x0, 0x9c, 0x80, 0x3e, 0x11, 0x7, 0x0,
    0x54, 0x1, 0xfc, 0x60, 0x18, 0x48, 0x3, 0xf8,
    0xc0, 0x40, 0x4, 0x1, 0xfe, 0x10, 0xe0, 0x3,
    0x80, 0x7f, 0x18, 0x1, 0x40, 0x2, 0x1, 0xfd,
    0x40, 0x26, 0x0, 0x30, 0xf, 0xc4, 0xc0, 0xe0,
    0x11, 0x8, 0x7, 0xdc, 0x0, 0x80, 0x9, 0x34,
    0x3, 0x87, 0xc, 0x24, 0x40, 0x31, 0xea, 0x91,
    0xbf, 0x98, 0x3b, 0x0, 0x1c, 0x20, 0xca, 0xb7,
    0x20, 0x42, 0x60, 0x2, 0x64, 0x7c, 0x82, 0x0,
    0x1b, 0xf3, 0x0, 0x60,

    /* U+0063 "c" */
    0x0, 0xf3, 0x5f, 0x7f, 0x51, 0x80, 0x7c, 0x9b,
    0x28, 0x20, 0x2b, 0x8c, 0x1, 0xcd, 0x64, 0xd,
    0x79, 0x22, 0x12, 0x60, 0x12, 0xc8, 0x16, 0xca,
    0x1b, 0x78, 0x83, 0x0, 0xa, 0x80, 0xf0, 0x80,
    0x30, 0xd3, 0xa8, 0x2, 0x40, 0x74, 0x40, 0x3c,
    0x90, 0x0, 0x34, 0x8, 0x10, 0xf, 0xfa, 0xc0,
    0xc, 0x1, 0xff, 0xc0, 0x40, 0x50, 0xf, 0xfe,
    0x9, 0x1, 0x0, 0x7f, 0xf0, 0x44, 0x3, 0xff,
    0x86, 0x20, 0x20, 0x1f, 0xfc, 0x1, 0x20, 0x40,
    0xf, 0xf0, 0xe2, 0x58, 0x12, 0x80, 0x7e, 0x2f,
    0x15, 0x60, 0x5, 0x90, 0x7, 0xa3, 0x47, 0x80,
    0x68, 0x7, 0x60, 0xcc, 0xb3, 0xce, 0x16, 0x60,
    0x5, 0xa0, 0x3, 0xe6, 0x29, 0x84, 0xf5, 0x0,
    0x32, 0xf3, 0x90, 0x0, 0x96, 0xb0, 0x80, 0x20,

    /* U+0064 "d" */
    0x0, 0xff, 0xe0, 0xf, 0xe9, 0x0, 0x7f, 0xf0,
    0xc9, 0x40, 0x3f, 0xf8, 0x22, 0x0, 0x10, 0xf,
    0xff, 0xf8, 0x7, 0xff, 0x10, 0x5f, 0x3f, 0xd8,
    0xa0, 0x1f, 0xcd, 0xd0, 0x60, 0x3, 0xa9, 0x0,
    0xfa, 0x24, 0x6, 0x73, 0x10, 0x2c, 0x1, 0xe6,
    0x70, 0x5e, 0x63, 0x33, 0xf9, 0x0, 0x71, 0x48,
    0x25, 0x0, 0x70, 0xe8, 0x7, 0x48, 0xd, 0x0,
    0x7f, 0xf0, 0x9, 0x2, 0x44, 0x3, 0xff, 0x81,
    0x40, 0x7, 0x0, 0xff, 0xe0, 0xa0, 0x20, 0x7,
    0xf0, 0x80, 0x62, 0x3, 0x0, 0xfe, 0x20, 0xc,
    0x21, 0xe0, 0x1f, 0xd6, 0x1, 0xef, 0x0, 0xfe,
    0x60, 0xc, 0x40, 0x40, 0x1f, 0xa4, 0x40, 0x2,
    0xe, 0xe, 0x1, 0xf3, 0x30, 0x44, 0x1a, 0x1c,
    0x4, 0xa0, 0x1c, 0xf2, 0x14, 0xa0, 0xe0, 0x86,
    0x14, 0xa0, 0x2b, 0x90, 0x12, 0x98, 0x4, 0x61,
    0xa4, 0x15, 0xfd, 0x46, 0x14, 0xc0, 0xa0, 0xa,
    0x1, 0xd7, 0x20, 0x1, 0xbf, 0x28, 0x0, 0x98,
    0xac,

    /* U+0065 "e" */
    0x0, 0xf9, 0xaf, 0xbf, 0xb1, 0x80, 0x3f, 0x1e,
    0xca, 0x8, 0x9, 0xce, 0x90, 0x7, 0x26, 0x10,
    0xbd, 0xed, 0xb8, 0x17, 0x0, 0x63, 0xb0, 0x4f,
    0x84, 0x24, 0x89, 0x3, 0x30, 0x5, 0xa0, 0x76,
    0x20, 0x1c, 0xc0, 0x5, 0x0, 0x48, 0x8b, 0x40,
    0x3f, 0xf8, 0x2, 0xc1, 0x2, 0x1, 0xe1, 0x90,
    0x1, 0x83, 0x80, 0x18, 0x4, 0x8d, 0xa7, 0x39,
    0x80, 0x95, 0xa4, 0x1, 0xfe, 0xed, 0xc9, 0x63,
    0x2, 0x8d, 0x7, 0x10, 0xf, 0x12, 0x35, 0x76,
    0xb8, 0x0, 0x54, 0x1b, 0xbf, 0xed, 0xb9, 0x51,
    0x0, 0xe1, 0x3, 0x10, 0xf, 0xfe, 0xe, 0x83,
    0x80, 0x7f, 0xcc, 0xc0, 0x50, 0x24, 0x0, 0xfe,
    0x89, 0x50, 0x23, 0x9, 0x10, 0xf, 0x15, 0xbc,
    0x18, 0x3, 0x80, 0xbd, 0xcc, 0xca, 0xf9, 0xa8,
    0xee, 0x0, 0x8a, 0xc0, 0x63, 0x31, 0x50, 0x63,
    0x50, 0x1, 0xc9, 0xce, 0x40, 0x2, 0x5a, 0xe5,
    0x0, 0x80,

    /* U+0066 "f" */
    0x0, 0xf2, 0xe7, 0xfb, 0x14, 0x3, 0xd1, 0x46,
    0x0, 0x3a, 0x60, 0xc, 0x4e, 0x5, 0x54, 0x30,
    0xd0, 0xc, 0xe0, 0xf, 0x55, 0x61, 0xf8, 0x6,
    0x30, 0x1, 0x0, 0x58, 0x80, 0x1f, 0xfd, 0xb5,
    0xff, 0xa4, 0x1, 0xff, 0xa8, 0x10, 0x40, 0x3c,
    0x26, 0x66, 0x1, 0xef, 0xf4, 0x0, 0x3f, 0xb3,
    0x20, 0xe, 0x10, 0xf, 0xff, 0xf8, 0x7, 0xff,
    0xdc, 0x40, 0x3f, 0xf8, 0x62, 0x1, 0xff, 0xca,
    0x42, 0x0, 0xf8,

    /* U+0067 "g" */
    0x0, 0xe3, 0x9d, 0xfe, 0xb5, 0xb, 0xe6, 0x0,
    0xd3, 0x8c, 0x40, 0x29, 0x52, 0xe3, 0xa0, 0x15,
    0xb0, 0x1c, 0xe5, 0xb8, 0x31, 0x80, 0x80, 0x29,
    0x2, 0x31, 0x8d, 0x23, 0x4c, 0x40, 0x26, 0x50,
    0x87, 0x0, 0xe2, 0xc5, 0x3, 0x8, 0x3, 0x70,
    0xf, 0xf9, 0x44, 0x20, 0x3, 0xff, 0x81, 0xe0,
    0x48, 0x1, 0xff, 0xc0, 0x70, 0x70, 0xf, 0xf3,
    0x80, 0xc, 0x8, 0x3, 0xfc, 0x40, 0x1f, 0xfc,
    0x24, 0x10, 0x1, 0x80, 0x80, 0x7f, 0x40, 0x4,
    0xe0, 0x80, 0x1f, 0xa0, 0xc0, 0x2f, 0x2, 0x40,
    0xf, 0x4b, 0x89, 0x0, 0x14, 0x82, 0x94, 0x0,
    0x4f, 0xcc, 0x14, 0xc0, 0x17, 0x88, 0xab, 0xfd,
    0xb0, 0x21, 0x48, 0x1, 0x8b, 0xd8, 0x3, 0x13,
    0xf2, 0x83, 0x0, 0x61, 0x9f, 0xdd, 0x76, 0xc0,
    0x80, 0x8, 0x38, 0x14, 0x40, 0x4, 0x41, 0x0,
    0xcc, 0x0, 0x47, 0xa8, 0x0, 0xfc, 0x52, 0x6,
    0x6d, 0x6, 0x50, 0xf, 0x26, 0x0, 0x3c, 0x2c,
    0x42, 0xa8, 0xc8, 0xaf, 0x96, 0x21, 0x66, 0x3,
    0x84, 0xb, 0x37, 0x50, 0x60, 0x78, 0x80, 0x11,
    0x6c, 0xa0, 0x80, 0x93, 0x5e, 0x18, 0x4,

    /* U+0068 "h" */
    0xbe, 0x60, 0xf, 0xfe, 0x3, 0x8d, 0x0, 0x7f,
    0xf0, 0x1c, 0x1c, 0x3, 0xff, 0xfe, 0x1, 0xff,
    0xc6, 0x5b, 0xef, 0xea, 0x30, 0xf, 0x16, 0x52,
    0x8, 0xa, 0xe2, 0x80, 0x63, 0xd3, 0x5, 0x9a,
    0x81, 0xa, 0x10, 0x3, 0xf0, 0x27, 0x53, 0x2b,
    0xe0, 0x1, 0xc0, 0x6, 0x4b, 0x62, 0x1, 0x88,
    0x81, 0x80, 0x10, 0xd8, 0x7, 0xce, 0xc, 0x1,
    0x38, 0x80, 0x7c, 0x40, 0x20, 0x16, 0x80, 0x7f,
    0xf0, 0x90, 0x3, 0xff, 0x82, 0x20, 0x1f, 0xfc,
    0x23, 0x0, 0xff, 0xe1, 0x8, 0x7, 0xff, 0x9,
    0xc0, 0x3f, 0xfb, 0xa6, 0x1, 0xff, 0xc3, 0x70,
    0xf, 0xf8, 0x40, 0x14, 0x20, 0x1f, 0xed, 0x20,

    /* U+0069 "i" */
    0x8, 0xf9, 0x0, 0x38, 0x32, 0x0, 0x80, 0x8,
    0x28, 0x4d, 0xc1, 0x3b, 0x4, 0x3, 0xff, 0x89,
    0x1f, 0x20, 0x1, 0x6, 0x0, 0x8, 0x7, 0xff,
    0xe4, 0x40, 0x36, 0x90, 0x0,

    /* U+006A "j" */
    0x0, 0xc3, 0xbc, 0x60, 0x1c, 0xc4, 0x3c, 0x1,
    0xc4, 0x0, 0x20, 0xe, 0x55, 0x4, 0x0, 0x7a,
    0xbd, 0xc0, 0x3f, 0xfa, 0x83, 0xfa, 0x60, 0x1f,
    0x15, 0x80, 0x70, 0x80, 0x3c, 0x3, 0xff, 0xfe,
    0x1, 0xff, 0xff, 0x0, 0x8, 0x13, 0x0, 0x8,
    0x0, 0x61, 0xd3, 0x4b, 0x20, 0x4, 0x1, 0x5,
    0xa4, 0x6, 0x10, 0xc6, 0x10, 0x17, 0x90, 0x0,

    /* U+006B "k" */
    0xbe, 0x70, 0xf, 0xfe, 0xb, 0x8d, 0x80, 0x7f,
    0xf0, 0x5c, 0x3, 0xff, 0x8a, 0xe0, 0x1f, 0xff,
    0xf0, 0xf, 0xfe, 0x3, 0xfe, 0x18, 0x7, 0xfd,
    0x30, 0x4, 0xe0, 0x1f, 0xc7, 0xac, 0xd, 0xe8,
    0x1, 0xf9, 0xf0, 0x86, 0xe4, 0x40, 0x3e, 0x2c,
    0x80, 0x5f, 0x40, 0xf, 0xcd, 0xa6, 0x15, 0x41,
    0x0, 0xfc, 0x92, 0x7, 0xaa, 0x1, 0xff, 0xc1,
    0x13, 0x0, 0xff, 0x86, 0x84, 0xb0, 0x40, 0x3f,
    0xca, 0xad, 0x2, 0xd0, 0xf, 0xfe, 0x1, 0xe0,
    0x1e, 0x0, 0x7f, 0xf0, 0xe, 0xc0, 0xec, 0x3,
    0xff, 0x80, 0x92, 0x9, 0x40, 0x1f, 0xfc, 0x6,
    0x80, 0x5a, 0x0, 0xff, 0xe0, 0x3b, 0x81, 0x68,
    0x3, 0x9c, 0x3, 0xd0, 0xc0, 0xb6, 0x20, 0xe0,
    0x20, 0x1f, 0x4b, 0x2, 0x79, 0x50, 0x88, 0x3,
    0xf4, 0xb8, 0xb1, 0x0,

    /* U+006C "l" */
    0x8f, 0x90, 0xc, 0x20, 0xc0, 0x18, 0x40, 0x3f,
    0xff, 0xe0, 0x1f, 0xff, 0x95, 0x3e, 0x0, 0x2c,
    0xd3, 0xb8, 0x1, 0x4c, 0xa8, 0x34, 0x40, 0xd4,
    0x0,

    /* U+006D "m" */
    0xce, 0x60, 0x3, 0x67, 0x73, 0x10, 0x2, 0x17,
    0xcf, 0xeb, 0x30, 0xc, 0x34, 0x3b, 0x26, 0x22,
    0x3b, 0x50, 0x4f, 0x83, 0x1, 0x4c, 0x40, 0xe,
    0xd2, 0x25, 0x76, 0x18, 0x59, 0xd8, 0x95, 0x76,
    0x18, 0x50, 0x1, 0xc0, 0xce, 0xd5, 0x13, 0xd0,
    0x1c, 0x4, 0xd5, 0x13, 0xd0, 0x17, 0x0, 0xed,
    0x0, 0xc2, 0x80, 0x2, 0xb0, 0xc, 0x2a, 0x18,
    0x1, 0x98, 0x40, 0x38, 0x80, 0x10, 0x1, 0xed,
    0x4, 0x0, 0xd4, 0x1, 0xe1, 0x0, 0x28, 0x7,
    0x88, 0x3, 0xc6, 0x1, 0xf8, 0xc0, 0x3f, 0xc2,
    0x0, 0x10, 0xf, 0xfe, 0x59, 0x0, 0x7f, 0xf2,
    0xdc, 0x3, 0xff, 0xf6, 0x20, 0x1f, 0xfc, 0xb1,
    0x0, 0xff, 0xe4, 0xb8, 0x7, 0xf0, 0x80, 0x80,
    0x7c, 0x60, 0x1c, 0xe0, 0x1f, 0xc6, 0x1, 0xfe,
    0x3a, 0x10, 0xf, 0xda, 0x20, 0x1f, 0x90, 0x80,
    0x0,

    /* U+006E "n" */
    0xbe, 0x60, 0x9, 0x6f, 0xbf, 0xa8, 0xc0, 0xe,
    0x34, 0x5, 0xb4, 0x82, 0x2, 0xb8, 0xa0, 0xe0,
    0xe7, 0xa4, 0x2f, 0x7b, 0x64, 0x14, 0x20, 0x7,
    0xd0, 0x6e, 0x84, 0x24, 0xf0, 0x3, 0x80, 0xc,
    0x5a, 0x40, 0x38, 0x8c, 0x30, 0x2, 0x19, 0x0,
    0xf9, 0x41, 0x80, 0x26, 0x0, 0xfc, 0x20, 0x20,
    0x15, 0x80, 0x7f, 0xf0, 0x8c, 0x3, 0xff, 0x82,
    0x20, 0x1f, 0xfc, 0x23, 0x0, 0xff, 0xe1, 0x8,
    0x7, 0xff, 0x9, 0xc0, 0x3f, 0xfb, 0xa6, 0x1,
    0xff, 0xc3, 0x70, 0xf, 0xf8, 0x40, 0x14, 0x20,
    0x1f, 0xed, 0x20,

    /* U+006F "o" */
    0x0, 0xf3, 0x67, 0xfb, 0x64, 0x80, 0x3e, 0x4b,
    0xc9, 0x30, 0x1, 0x36, 0xb0, 0x7, 0x1d, 0xa1,
    0x9a, 0x6e, 0xd0, 0x41, 0x2c, 0x1, 0xb8, 0x1,
    0x18, 0xc8, 0x87, 0xd3, 0x9, 0x10, 0x3, 0x10,
    0x43, 0x80, 0x7b, 0x40, 0x12, 0x0, 0x80, 0x47,
    0x0, 0xf8, 0x54, 0x14, 0x14, 0x42, 0x0, 0x3f,
    0xbc, 0x8, 0x3c, 0xc, 0xc0, 0x1f, 0xcc, 0x0,
    0x27, 0x5, 0x0, 0xff, 0xe0, 0x89, 0x7, 0x0,
    0x7f, 0x98, 0x0, 0x20, 0x1f, 0xfc, 0x12, 0x0,
    0x11, 0x3, 0xc0, 0x3f, 0xd6, 0x6, 0xe, 0x8,
    0x1, 0xfc, 0x66, 0xb, 0xc, 0x3, 0x30, 0x7,
    0xee, 0x1, 0x70, 0x61, 0xd, 0x20, 0xe, 0x1d,
    0x20, 0xb0, 0xa, 0x80, 0x76, 0x95, 0x1a, 0x78,
    0x82, 0x14, 0x2, 0x4b, 0x10, 0x5a, 0xb9, 0x60,
    0x4, 0xb8, 0x7, 0x27, 0x42, 0x8, 0x9, 0xbf,
    0x30, 0x6,

    /* U+0070 "p" */
    0xbe, 0x70, 0x9, 0xaf, 0xbf, 0xa8, 0xc0, 0x27,
    0x1a, 0x3, 0xe9, 0x41, 0x1, 0x5c, 0x70, 0x3,
    0x80, 0x96, 0x8, 0xa3, 0x7a, 0xc8, 0x21, 0x40,
    0x37, 0x82, 0x7b, 0x90, 0xa6, 0x10, 0x58, 0x4,
    0x64, 0x76, 0x20, 0x18, 0x60, 0x5, 0x0, 0x21,
    0xd0, 0xf, 0x94, 0x1, 0x80, 0x13, 0x8, 0x7,
    0xe1, 0x1, 0x0, 0xa8, 0x3, 0xf8, 0xc0, 0x30,
    0x90, 0x7, 0xff, 0x8, 0x80, 0x3f, 0xc4, 0x1c,
    0x0, 0x70, 0xf, 0xe3, 0x0, 0x18, 0x7, 0xff,
    0x2, 0x80, 0x8, 0x0, 0x10, 0xf, 0xc4, 0xc0,
    0xa0, 0x13, 0x8, 0x7, 0xdc, 0x0, 0x80, 0x8,
    0xf0, 0x40, 0x30, 0xe1, 0x83, 0x90, 0x6, 0x2c,
    0x52, 0x37, 0xf3, 0x5, 0x80, 0xc, 0x88, 0x2a,
    0xdc, 0x81, 0x7, 0xa0, 0xf, 0x5d, 0x20, 0x81,
    0x36, 0xc0, 0x7, 0xe5, 0xbe, 0xfd, 0x92, 0x0,
    0xff, 0xed, 0xb8, 0x7, 0xff, 0x5, 0xc0, 0x40,
    0x3f, 0xf8, 0x34, 0x22, 0x0, 0xff, 0xe0, 0x80,

    /* U+0071 "q" */
    0x0, 0xf0, 0xc6, 0xff, 0xb1, 0x43, 0xf4, 0xc0,
    0x39, 0xb9, 0xc8, 0x0, 0x75, 0x40, 0x24, 0x0,
    0xd1, 0x20, 0x53, 0x98, 0x81, 0x50, 0xf, 0x3b,
    0x81, 0xb5, 0x8c, 0xcf, 0xe6, 0x1, 0xc7, 0x0,
    0xb2, 0x1, 0xc3, 0x80, 0x1, 0x0, 0x40, 0xd,
    0x0, 0x7f, 0xf0, 0xd, 0x2, 0x0, 0x3f, 0xf8,
    0x36, 0x2, 0xc0, 0x1f, 0xfc, 0x14, 0x4, 0x0,
    0xfe, 0x20, 0xc, 0x41, 0xa0, 0x1f, 0xcc, 0x1,
    0x84, 0x4, 0x3, 0xfb, 0x40, 0x3c, 0x20, 0x1f,
    0x89, 0x80, 0x30, 0x87, 0x0, 0x7e, 0xe0, 0xe,
    0x40, 0x70, 0xf, 0xa8, 0xc4, 0x3, 0x78, 0xb,
    0x80, 0x61, 0xb5, 0xa, 0x10, 0x9, 0x4c, 0x22,
    0x8, 0xb3, 0xc8, 0x10, 0x80, 0x1d, 0xa4, 0xf,
    0x74, 0xc0, 0x9, 0x70, 0x10, 0xc, 0x3a, 0xe4,
    0x0, 0x38, 0xe6, 0x0, 0xfe, 0x8d, 0xff, 0x63,
    0x88, 0x7, 0xff, 0x6c, 0x40, 0x3f, 0xfa, 0x42,
    0x1, 0xff, 0xc4, 0x15, 0x0, 0x0,

    /* U+0072 "r" */
    0xae, 0x70, 0x3, 0xef, 0xfb, 0x18, 0x0, 0x22,
    0xa2, 0xd8, 0x20, 0x1, 0xce, 0x0, 0x80, 0x3c,
    0x81, 0xa6, 0x46, 0x6, 0x20, 0x2, 0x2b, 0xa5,
    0x99, 0x88, 0xa2, 0x60, 0x16, 0x8, 0x6, 0xba,
    0x0, 0xce, 0x20, 0x1f, 0xf5, 0x0, 0x7f, 0xf0,
    0x8, 0x3, 0xfe, 0x20, 0xf, 0xfe, 0x68, 0x80,
    0x7f, 0xf9, 0x4c, 0x3, 0xff, 0x84, 0x20, 0x1f,
    0xfc, 0x3, 0x0, 0xff, 0x78, 0x98, 0x7, 0xf8,

    /* U+0073 "s" */
    0x0, 0x86, 0x33, 0xbf, 0xb2, 0x4, 0x3, 0x97,
    0x9c, 0xc4, 0x4, 0xdf, 0x98, 0x2, 0x4a, 0x3,
    0xad, 0xee, 0x52, 0x4, 0xa8, 0x2, 0x1, 0x31,
    0x48, 0x44, 0xb6, 0xe0, 0xe0, 0x3, 0xe, 0x0,
    0xfa, 0x38, 0x80, 0x4, 0x1a, 0x1, 0xf8, 0x40,
    0x2a, 0x7, 0x93, 0x0, 0xff, 0x3b, 0x81, 0xb3,
    0xf2, 0x10, 0x3, 0xe8, 0xd8, 0x30, 0x37, 0xbe,
    0x80, 0xf, 0x13, 0xe7, 0xdc, 0x18, 0xbe, 0x88,
    0x7, 0xe4, 0x7c, 0xc0, 0x95, 0x0, 0x7f, 0xc7,
    0x0, 0x82, 0x8, 0x1, 0xfc, 0x80, 0x2, 0x9b,
    0x50, 0xf, 0xcc, 0x0, 0x15, 0xb, 0x20, 0xf,
    0xc, 0x1, 0x13, 0xc0, 0x76, 0x54, 0xc8, 0xdf,
    0xcc, 0x24, 0xf, 0x48, 0x1a, 0xb3, 0x72, 0x4,
    0x54, 0x80, 0x2, 0xda, 0x52, 0x0, 0x9, 0xc7,
    0xa8, 0x0,

    /* U+0074 "t" */
    0x0, 0xcc, 0xa0, 0x1f, 0xf4, 0xd4, 0x0, 0x7f,
    0xf0, 0x4, 0x3, 0xff, 0x80, 0x20, 0x1f, 0xfe,
    0x16, 0xff, 0x80, 0xf, 0xff, 0x70, 0x83, 0x88,
    0x7, 0xe1, 0x40, 0x1e, 0xff, 0x0, 0x1f, 0xff,
    0x28, 0x7, 0xff, 0xfc, 0x3, 0xff, 0xe0, 0x20,
    0x1e, 0x11, 0x0, 0x63, 0x1, 0x0, 0x9b, 0x90,
    0x3, 0x30, 0x3b, 0x3e, 0xca, 0xa8, 0x3, 0x70,
    0xc, 0xc1, 0x2d, 0x0, 0x72, 0xc0, 0x81, 0xd5,
    0x0, 0x0,

    /* U+0075 "u" */
    0xbe, 0x60, 0xf, 0xe9, 0xe9, 0x7, 0x1b, 0x0,
    0xfe, 0x31, 0x70, 0x70, 0x10, 0xf, 0xf8, 0x80,
    0x3f, 0xf8, 0x6e, 0x1, 0xff, 0xc3, 0x10, 0xf,
    0xfe, 0x19, 0x80, 0x7f, 0xf0, 0x44, 0x3, 0xff,
    0x86, 0xe0, 0x1f, 0xfc, 0x32, 0x0, 0xff, 0xe1,
    0x10, 0x80, 0x7f, 0xf0, 0x94, 0x3, 0x8, 0x7,
    0xfa, 0x80, 0x6, 0x6, 0x4, 0x1, 0xf3, 0x90,
    0x1, 0x83, 0x80, 0x44, 0x1, 0xc7, 0x0, 0x40,
    0x60, 0x80, 0x9, 0x0, 0xc5, 0xa0, 0x72, 0x0,
    0x33, 0x20, 0x3b, 0x9, 0x46, 0x89, 0x6a, 0x80,
    0x28, 0x24, 0x42, 0x7b, 0x5c, 0xf, 0x4, 0x44,
    0xe, 0x5, 0xec, 0x40, 0x4, 0x9c, 0x10, 0x4,
    0xd, 0x80,

    /* U+0076 "v" */
    0xbf, 0xc0, 0xf, 0xf7, 0x71, 0x88, 0xc, 0x40,
    0x3f, 0x20, 0x88, 0x2c, 0x0, 0xe0, 0x1f, 0xb4,
    0x5, 0x89, 0x2, 0x80, 0x3f, 0x30, 0x48, 0x3,
    0x80, 0xc8, 0x3, 0xcc, 0x0, 0x60, 0x2, 0x80,
    0x14, 0x3, 0xd6, 0xa, 0x20, 0x13, 0x5, 0x0,
    0x72, 0x10, 0x48, 0x6, 0xa0, 0x23, 0x0, 0xdc,
    0x6, 0x60, 0xc, 0x64, 0x16, 0x1, 0xa, 0x84,
    0x80, 0x79, 0x41, 0x80, 0x29, 0x1, 0x50, 0xf,
    0x50, 0xa, 0x0, 0x18, 0x18, 0x3, 0xe2, 0x30,
    0xe0, 0x51, 0x9, 0x0, 0xfd, 0x40, 0xa1, 0x20,
    0xa2, 0x1, 0xf9, 0x80, 0x10, 0x61, 0xc0, 0x1f,
    0xe5, 0x7, 0x2, 0x40, 0xf, 0xf7, 0x0, 0x56,
    0x1, 0xff, 0x21, 0x0, 0x1c, 0x3, 0xff, 0x81,
    0xc2, 0xc2, 0x1, 0xe0,

    /* U+0077 "w" */
    0xe, 0xe4, 0x0, 0x7c, 0x72, 0xc2, 0x1, 0xf1,
    0xfe, 0x98, 0x10, 0xb0, 0x7, 0xd4, 0xd3, 0x60,
    0x1f, 0x58, 0x11, 0x2, 0x80, 0x44, 0x1, 0xe5,
    0x0, 0x38, 0x7, 0xc8, 0xa, 0x20, 0xe0, 0x4,
    0x0, 0xe1, 0x30, 0x1, 0x8, 0x7, 0x9, 0x87,
    0x0, 0x4, 0xc3, 0x0, 0x39, 0xc0, 0x88, 0xe,
    0x1, 0xce, 0x2, 0x80, 0x12, 0x3, 0x80, 0x75,
    0x2, 0xa8, 0x34, 0x3, 0xa8, 0x1c, 0x3, 0x58,
    0x9, 0x0, 0x42, 0x61, 0x78, 0x8, 0x1, 0x84,
    0xc3, 0x40, 0x31, 0x88, 0x20, 0x4, 0xc0, 0x46,
    0x80, 0x4, 0x0, 0x98, 0x5, 0x0, 0x39, 0x3,
    0x0, 0x2b, 0x5, 0x0, 0x20, 0x68, 0x5, 0x60,
    0xc0, 0x1e, 0xf0, 0x40, 0x1, 0x18, 0x50, 0x3,
    0x41, 0x0, 0x2, 0x61, 0x60, 0x1e, 0x40, 0x13,
    0x5, 0x2, 0x20, 0x1, 0x0, 0x88, 0xc, 0x4,
    0x60, 0x1e, 0x13, 0x4, 0xa, 0x5, 0x0, 0x88,
    0x80, 0xa1, 0x60, 0xa0, 0x1f, 0x90, 0x30, 0x88,
    0x14, 0x1, 0x90, 0x2c, 0x4c, 0x28, 0x3, 0xf5,
    0x82, 0x50, 0x11, 0x0, 0x36, 0x81, 0xc8, 0x11,
    0x0, 0x3f, 0x18, 0x83, 0x85, 0x0, 0x72, 0x0,
    0x1c, 0x28, 0x3, 0xfc, 0x80, 0x12, 0x80, 0x79,
    0x0, 0x25, 0x0, 0xff, 0x78, 0x0, 0x88, 0x1,
    0xec, 0x0, 0x11, 0x0, 0x3f, 0xca, 0xc1, 0x40,
    0x1f, 0x32, 0xd, 0x80, 0x78,

    /* U+0078 "x" */
    0xa, 0xfb, 0x0, 0xfc, 0xff, 0x62, 0x6, 0x8,
    0xa0, 0x1e, 0x28, 0x0, 0x8, 0x4a, 0x5, 0x88,
    0x7, 0x70, 0x15, 0x80, 0x54, 0x22, 0xa0, 0xd,
    0x6, 0x1e, 0x1, 0x87, 0x41, 0x1c, 0x0, 0x8e,
    0x14, 0x40, 0x1c, 0x6e, 0x10, 0x63, 0x40, 0xaa,
    0x0, 0xfa, 0xc, 0x3a, 0x84, 0xa8, 0x3, 0xfb,
    0x80, 0x90, 0x38, 0x3, 0xfc, 0x50, 0x0, 0x73,
    0x0, 0xff, 0xa8, 0x0, 0xc2, 0x1, 0xfe, 0xa2,
    0x11, 0xa8, 0x3, 0xf9, 0x54, 0x17, 0x40, 0x8e,
    0x1, 0xf1, 0x50, 0x32, 0xa3, 0x84, 0x10, 0x7,
    0xb8, 0xa, 0x40, 0x10, 0x41, 0xe0, 0x1d, 0x6,
    0x1c, 0x1, 0xbc, 0xa, 0x40, 0x25, 0x70, 0x83,
    0x0, 0xc5, 0x0, 0xcc, 0x3, 0xa0, 0x37, 0x0,
    0xf3, 0x98, 0x4a, 0x20, 0x45, 0xe0, 0x1f, 0xbc,
    0x44, 0x40,

    /* U+0079 "y" */
    0xc, 0xfc, 0x0, 0xff, 0x17, 0xd0, 0x1, 0x0,
    0xd0, 0x3, 0xfa, 0x81, 0x48, 0x24, 0x1, 0xc0,
    0x1f, 0xca, 0x6, 0x40, 0x2c, 0xa, 0x20, 0x1f,
    0x29, 0x4, 0x0, 0x56, 0x0, 0x60, 0xf, 0xa4,
    0xd, 0x0, 0x22, 0x40, 0x90, 0xf, 0x19, 0x82,
    0x0, 0x3b, 0xc0, 0x54, 0x3, 0xa0, 0x9, 0x0,
    0x39, 0x8, 0x38, 0x3, 0x12, 0x5, 0x80, 0x7d,
    0x60, 0x84, 0x1, 0x40, 0xb, 0x0, 0x7c, 0xc0,
    0xb, 0x0, 0xa, 0x84, 0x80, 0x7f, 0x30, 0x30,
    0x2, 0x0, 0x5c, 0x3, 0xfa, 0xc0, 0xc, 0x2c,
    0xc, 0x1, 0xfe, 0x24, 0xb, 0x60, 0x4, 0x80,
    0x7f, 0xde, 0x5, 0x0, 0xc2, 0x1, 0xff, 0x21,
    0x0, 0x56, 0x1, 0xff, 0xc1, 0xa0, 0x2, 0x90,
    0x7, 0xff, 0x4, 0x80, 0x12, 0x1, 0xff, 0xc2,
    0x90, 0x43, 0x0, 0xff, 0xe0, 0x99, 0x83, 0xc0,
    0x3f, 0xf8, 0x50, 0x6, 0x80, 0x1f, 0xc6, 0x1,
    0x1a, 0x4, 0x80, 0x7f, 0x26, 0x5b, 0x3e, 0x81,
    0x28, 0x7, 0xf6, 0x2, 0x4c, 0x8, 0x70, 0x7,
    0xfa, 0x18, 0x80, 0x7, 0x86, 0x1, 0xfe,

    /* U+007A "z" */
    0x0, 0x22, 0x7f, 0x2b, 0x98, 0x6, 0xbb, 0xfe,
    0xa8, 0xc3, 0x0, 0xa0, 0x3, 0x11, 0xa2, 0x80,
    0x48, 0x1, 0x3f, 0xfe, 0xdc, 0xb0, 0xa, 0x1c,
    0x3, 0xfd, 0xa, 0xe, 0xe0, 0xf, 0xf2, 0xb8,
    0x24, 0x0, 0x7f, 0x8e, 0x80, 0xac, 0x3, 0xfc,
    0x3a, 0x3, 0x80, 0x1f, 0xf6, 0x88, 0x68, 0x80,
    0x7f, 0xa4, 0xc2, 0x8c, 0x3, 0xfc, 0xcc, 0x7,
    0x50, 0xf, 0xf1, 0x48, 0x1c, 0x0, 0x7f, 0xde,
    0x3, 0xa0, 0x1f, 0xf5, 0x10, 0x50, 0x80, 0x7f,
    0x9d, 0x42, 0x10, 0x3, 0xfc, 0xd0, 0x4, 0x2e,
    0xff, 0xc6, 0x18, 0x0, 0x29, 0x88, 0xfe, 0xd0,
    0xe0, 0xf, 0xfe, 0x8, 0x88,

    /* U+007B "{" */
    0x0, 0xfc, 0x4a, 0x1, 0xf4, 0xee, 0x0, 0x70,
    0xeb, 0x54, 0x80, 0x75, 0x93, 0x28, 0x7, 0x12,
    0x85, 0x80, 0x79, 0xc0, 0x4, 0x1, 0xff, 0xce,
    0x10, 0x0, 0x80, 0x79, 0xc0, 0x3f, 0xf8, 0x6,
    0x1, 0xe1, 0x0, 0xfe, 0x10, 0x1, 0x80, 0x79,
    0x40, 0x2, 0x1, 0xed, 0x4, 0x0, 0xe1, 0x94,
    0xf, 0x0, 0x8b, 0xf9, 0x82, 0x10, 0x2, 0x30,
    0x8, 0x90, 0x3, 0xf, 0x5a, 0x96, 0x18, 0x6,
    0x14, 0xa4, 0x8, 0x0, 0xfb, 0x81, 0x0, 0x3e,
    0x70, 0x1, 0x0, 0x7f, 0xf3, 0x84, 0x0, 0x60,
    0x1e, 0x70, 0x0, 0x80, 0x78, 0x80, 0x40, 0x3e,
    0xe0, 0x20, 0xf, 0x88, 0x18, 0x3, 0xff, 0x8a,
    0x40, 0xe0, 0x1f, 0x58, 0x11, 0x0, 0x3c, 0x68,
    0x1c, 0x1, 0xf5, 0xa1, 0xe1, 0x0, 0x7a, 0xe8,
    0x38,

    /* U+007C "|" */
    0xff, 0x40, 0x7, 0xff, 0xfc,

    /* U+007D "}" */
    0x27, 0x20, 0xf, 0x8e, 0xf6, 0x84, 0x3, 0x87,
    0x19, 0x70, 0x40, 0x3d, 0x26, 0x56, 0x1, 0xf4,
    0x82, 0x80, 0x7c, 0xe0, 0x3, 0x0, 0xf1, 0x80,
    0x7f, 0x18, 0x0, 0x40, 0x3c, 0xc0, 0x2, 0x0,
    0xf1, 0x0, 0x80, 0x7c, 0x20, 0x40, 0x1f, 0x78,
    0x38, 0x7, 0xc2, 0x1, 0xfc, 0x20, 0xe0, 0x1f,
    0x78, 0x10, 0x7, 0xca, 0x2, 0x80, 0x1e, 0x26,
    0xb, 0x74, 0x0, 0xe9, 0x80, 0x8b, 0xa0, 0xc,
    0x36, 0x1, 0x30, 0x6, 0xb3, 0xa, 0xfc, 0x0,
    0x85, 0x42, 0x54, 0x3, 0x90, 0x0, 0xc0, 0x1e,
    0x20, 0x20, 0xf, 0xb8, 0x4, 0x3, 0xe1, 0x0,
    0xff, 0x84, 0x3, 0xef, 0x0, 0xfe, 0x10, 0x30,
    0xf, 0xfe, 0x38, 0x80, 0x7c, 0x20, 0x40, 0x1f,
    0x58, 0x28, 0x7, 0x98, 0xca, 0x0, 0x39, 0xe4,
    0xf0, 0x3, 0x92, 0x63, 0x4, 0x3, 0x80,

    /* U+007E "~" */
    0x0, 0x8e, 0xff, 0xdb, 0x26, 0x1, 0xf4, 0xc0,
    0x1, 0xb1, 0x0, 0x4, 0xd9, 0x44, 0x1, 0xa1,
    0xb0, 0xe, 0x41, 0x26, 0x4c, 0x20, 0xbb, 0x2a,
    0xfa, 0xe8, 0x80, 0x81, 0xcb, 0x66, 0x4f, 0x40,
    0x1, 0xaa, 0x8, 0x94, 0x0, 0x5d, 0x30, 0xe,
    0x7e, 0x72, 0x2, 0x7d, 0x10,

    /* U+4E00 "一" */
    0x0, 0xff, 0xe8, 0x90, 0x80, 0x7f, 0xf0, 0x4,
    0x88, 0x68, 0xac, 0xee, 0x89, 0xab, 0xb6, 0x6f,
    0x7e, 0xf2, 0x4c, 0xd5, 0x79, 0xbd, 0xcf, 0xf7,
    0x6e, 0xb2, 0xea, 0x62, 0xe, 0xca, 0x88, 0x32,
    0x10, 0xa, 0xb9, 0x98, 0xa8, 0x64, 0x22, 0x0,
    0xfe, 0x12, 0x34, 0x55, 0x33, 0xc4, 0xd5, 0x2f,
    0xdd, 0xc8, 0xac, 0xee, 0x89, 0xab, 0xb6, 0x6f,
    0x7f, 0xdd, 0xb9, 0x75, 0x49, 0x87, 0x65, 0x52,
    0x8,

    /* U+4E1C "东" */
    0x0, 0xff, 0xe0, 0x10, 0x7, 0xff, 0x4b, 0x38,
    0xc0, 0x3f, 0xfa, 0x2, 0x2b, 0x0, 0xff, 0xe7,
    0x98, 0x2, 0xc0, 0x3f, 0xf9, 0xf4, 0x6, 0x60,
    0xf, 0xfe, 0x7b, 0x5, 0x0, 0x7f, 0xf3, 0xd4,
    0x0, 0xe0, 0x1c, 0x24, 0x68, 0x85, 0x7a, 0x80,
    0xc, 0x48, 0x66, 0x45, 0x67, 0x88, 0x0, 0x2b,
    0x37, 0xbf, 0xdd, 0xb9, 0x76, 0xa8, 0x57, 0xa0,
    0x9, 0xaf, 0x31, 0x75, 0x30, 0xe4, 0x0, 0x43,
    0x21, 0x0, 0xe1, 0x23, 0x45, 0x57, 0x80, 0x49,
    0x4, 0x43, 0x45, 0x50, 0x81, 0x4d, 0x5d, 0xb3,
    0x7b, 0xfe, 0xed, 0xcb, 0xaa, 0x28, 0x6, 0x7d,
    0xd6, 0x5d, 0x58, 0x85, 0xb2, 0xa2, 0xc, 0x84,
    0x3, 0xff, 0x91, 0x20, 0x2c, 0x0, 0x55, 0x0,
    0x7f, 0xf2, 0x85, 0xc2, 0x40, 0x2d, 0xae, 0x0,
    0xff, 0xe4, 0xc8, 0xb, 0x80, 0x58, 0x2, 0x20,
    0xf, 0xfe, 0x38, 0xb8, 0x40, 0x6, 0x70, 0xf,
    0xfe, 0x55, 0x81, 0x30, 0x7, 0xff, 0x39, 0x14,
    0x24, 0x3, 0xff, 0x9f, 0x20, 0xa8, 0x0, 0x12,
    0x35, 0x0, 0x4b, 0xc4, 0xd5, 0xe7, 0x60, 0x80,
    0x7e, 0x72, 0x5, 0xff, 0xbb, 0x72, 0x40, 0xf,
    0xe, 0xca, 0x86, 0x27, 0x20, 0x1f, 0xa8, 0x3,
    0xc2, 0x46, 0x60, 0x3, 0x3c, 0x4d, 0x5e, 0x6f,
    0x40, 0x7, 0xef, 0x9b, 0xde, 0xff, 0x76, 0xe7,
    0x0, 0x2e, 0x1d, 0x95, 0xc, 0x84, 0x3, 0xf8,
    0x99, 0x8, 0x40, 0x3f, 0xfa, 0x2f, 0xa8, 0x1,
    0xfe, 0x3d, 0x80, 0xf, 0xfe, 0x1e, 0x15, 0x90,
    0x7, 0xf5, 0x13, 0xf2, 0x0, 0x7f, 0xf0, 0x19,
    0x1, 0x48, 0x3, 0xfa, 0x60, 0x6, 0xe4, 0x3,
    0xfc, 0xb2, 0xb, 0x40, 0x1f, 0xf3, 0xe9, 0x83,
    0x69, 0x80, 0x7c, 0xf4, 0xf, 0x40, 0x1f, 0xfc,
    0x12, 0xc8, 0x2, 0xc7, 0x0, 0xe9, 0x81, 0xa8,
    0x0, 0xff, 0xe2, 0x3d, 0x88, 0x45, 0x0, 0x7,
    0x19, 0x7d, 0x40, 0x3f, 0xc2, 0x1, 0xf2, 0x61,
    0x2, 0x1, 0x7b, 0xe5, 0x8, 0x4, 0xbd, 0x6,
    0x6, 0x1, 0xff, 0x16, 0x36, 0x0, 0x32, 0xcc,
    0x3, 0x96, 0xdb, 0x3a, 0x80, 0x3f, 0xf8, 0x3,
    0x24, 0x4, 0x40, 0xf, 0xcb, 0xea, 0x28, 0x0,
    0x10, 0xf, 0xfe, 0x60, 0xd6, 0x28, 0xa9, 0x0,
    0x7f, 0xf0, 0x40,

    /* U+4E2A "个" */
    0x0, 0xff, 0xe2, 0x18, 0x7, 0xff, 0x5b, 0x38,
    0xc0, 0x3f, 0xfa, 0x68, 0x3, 0xe0, 0x1f, 0xfd,
    0x38, 0x0, 0x50, 0x7, 0xff, 0x49, 0xc, 0x0,
    0x40, 0x1f, 0xfd, 0x29, 0x0, 0xa8, 0x80, 0x3f,
    0xfa, 0xe, 0x40, 0xa4, 0x3e, 0x1, 0xff, 0xcf,
    0x28, 0x1, 0xbf, 0x2, 0xc0, 0xf, 0xfe, 0x77,
    0x80, 0x28, 0x4a, 0xc0, 0xec, 0x3, 0xff, 0x99,
    0x24, 0x10, 0x80, 0x4, 0x90, 0x4b, 0x0, 0xff,
    0xe5, 0x33, 0x1, 0x5c, 0x3, 0x33, 0x82, 0x60,
    0x80, 0x7f, 0xf1, 0xd2, 0x40, 0xe8, 0x3, 0xd0,
    0xe0, 0x78, 0x40, 0x1f, 0xfc, 0x53, 0xb0, 0x3c,
    0x0, 0x4b, 0x90, 0x5, 0xe, 0x5, 0x88, 0x1,
    0xff, 0xc3, 0x3c, 0x2, 0xd0, 0xd, 0x1a, 0x20,
    0x14, 0x48, 0xd, 0xc8, 0x7, 0xff, 0x4, 0xf4,
    0xf, 0x44, 0x2, 0xd0, 0x1, 0x0, 0x66, 0xa0,
    0x3, 0x69, 0x80, 0x7f, 0x8f, 0x5, 0x30, 0x3,
    0xff, 0x84, 0xba, 0x40, 0x59, 0x22, 0x1, 0xf2,
    0x60, 0x3d, 0x80, 0x7f, 0xf1, 0xb, 0x58, 0x0,
    0xde, 0xe0, 0x1c, 0xb6, 0x15, 0x0, 0x1f, 0xfc,
    0x79, 0xb1, 0x1, 0x8d, 0x20, 0x3, 0xd1, 0xea,
    0x80, 0x7f, 0xf2, 0x53, 0x9c, 0x2, 0x30, 0x98,
    0x7c, 0x20, 0xf, 0xfe, 0x64, 0x6c, 0xe8, 0xc1,
    0xec, 0x0, 0x7f, 0xf3, 0xc9, 0x80, 0x11, 0x44,
    0x1, 0xff, 0xff, 0x0, 0xff, 0xff, 0x80, 0x7f,
    0xff, 0xc0, 0x3f, 0xff, 0xe0, 0x1f, 0xfc, 0xf1,
    0x0, 0xff, 0xeb, 0x10, 0x7, 0xff, 0xe5, 0xd8,
    0x48, 0x3, 0xff, 0x88,

    /* U+4E2D "中" */
    0x0, 0xff, 0xe0, 0x4d, 0x20, 0x7, 0xff, 0x37,
    0x96, 0xc0, 0x3f, 0xf9, 0xa6, 0x0, 0x10, 0xf,
    0xff, 0xf8, 0x7, 0x8, 0x0, 0x40, 0x3f, 0xff,
    0x2e, 0x60, 0x1e, 0x12, 0x3d, 0x0, 0x44, 0x26,
    0xaf, 0x37, 0xbf, 0xec, 0x0, 0x56, 0x6e, 0x6f,
    0x7f, 0xbb, 0x71, 0xc0, 0xe, 0xe6, 0x54, 0x32,
    0x10, 0x8, 0xcc, 0x14, 0x4, 0x64, 0x20, 0x18,
    0x44, 0x0, 0x56, 0x78, 0x9a, 0xbc, 0xd8, 0x0,
    0x18, 0x18, 0x2, 0xf3, 0x7b, 0xfe, 0xeb, 0x0,
    0x54, 0xc3, 0xb2, 0xa1, 0x97, 0x81, 0x0, 0x1c,
    0x0, 0x86, 0x42, 0x1, 0xff, 0xc4, 0x20, 0x60,
    0x1, 0x0, 0x4, 0x3, 0xff, 0x8e, 0x20, 0x40,
    0x1, 0x0, 0x10, 0x7, 0xff, 0x1d, 0x83, 0x80,
    0x39, 0xc0, 0x3f, 0xf8, 0xe4, 0x4, 0x1, 0x10,
    0x10, 0x7, 0xff, 0x25, 0x80, 0x21, 0x1, 0x0,
    0xff, 0xe3, 0x10, 0x0, 0x80, 0x26, 0xf, 0x0,
    0xc2, 0x44, 0xd0, 0x2, 0xb3, 0xba, 0x26, 0xa9,
    0xc0, 0x5, 0x0, 0x8c, 0x1f, 0xbf, 0xee, 0xdd,
    0x38, 0x2, 0xa6, 0x20, 0xec, 0xaa, 0x30, 0x5,
    0x0, 0x78, 0x40, 0x38, 0x44, 0x0, 0x45, 0x53,
    0x3b, 0xa2, 0x65, 0x57, 0x80, 0x1c, 0x5b, 0xdc,
    0xff, 0xba, 0x0, 0x17, 0x54, 0x98, 0x83, 0xb3,
    0x15, 0x8, 0x2, 0xa1, 0x11, 0x8, 0x80, 0x3f,
    0xf9, 0x47, 0xd8, 0x1, 0xff, 0xff, 0x0, 0xff,
    0xf1, 0x8, 0x7, 0xff, 0xa4, 0x40, 0x3f, 0xfd,
    0x7e, 0x1, 0xff, 0xcf, 0x10, 0xf, 0xfe, 0x7e,
    0x89, 0x0, 0x7f, 0xf3, 0x53, 0xb0, 0x3, 0xff,
    0x82,

    /* U+4E4B "之" */
    0x0, 0xff, 0xe1, 0xcb, 0x0, 0x7f, 0xf5, 0x12,
    0x68, 0x3, 0xff, 0xa6, 0xe0, 0x20, 0x1f, 0xff,
    0x53, 0x0, 0xff, 0xff, 0x80, 0x7f, 0xf4, 0xc8,
    0xd1, 0x9e, 0x20, 0x40, 0x1f, 0xf1, 0x0, 0x92,
    0x2b, 0x3c, 0xd2, 0x2, 0x7f, 0xb7, 0x2e, 0x61,
    0xdd, 0xa2, 0x1, 0xfe, 0xdf, 0xed, 0xba, 0x98,
    0x65, 0x20, 0xe, 0x12, 0x41, 0x0, 0x8, 0x80,
    0x3f, 0xd2, 0x1, 0x9, 0x22, 0xb4, 0x4d, 0x66,
    0xf7, 0xf6, 0x98, 0x81, 0x60, 0x7, 0xfc, 0xdf,
    0xdf, 0xdb, 0x75, 0x2e, 0xca, 0x64, 0x20, 0xa,
    0x70, 0x3c, 0x20, 0xf, 0xfe, 0x8, 0x80, 0x7f,
    0xf0, 0xb, 0x54, 0x17, 0x4, 0x3, 0xff, 0x9c,
    0x98, 0x41, 0x14, 0x1, 0xff, 0xcf, 0x8b, 0x11,
    0x5b, 0x80, 0x7f, 0xf3, 0x86, 0xdc, 0xf, 0xd0,
    0x3, 0xff, 0x9c, 0x9e, 0x80, 0xf8, 0x20, 0x1f,
    0xfc, 0xe9, 0xb1, 0x2c, 0x80, 0xf, 0xfe, 0x72,
    0x73, 0x3, 0x69, 0x80, 0x7f, 0xf3, 0x46, 0xac,
    0x45, 0x72, 0x1, 0xff, 0xce, 0x7e, 0x50, 0x7e,
    0x40, 0xf, 0xfe, 0x6a, 0xec, 0x2, 0x6c, 0x0,
    0x7f, 0xf2, 0x45, 0xef, 0x7b, 0x94, 0x41, 0x56,
    0x40, 0x1f, 0xfc, 0xaf, 0x84, 0x21, 0x10, 0x5,
    0xe, 0x20, 0x1f, 0xfc, 0xa2, 0x4, 0x8a, 0x97,
    0x20, 0x28, 0xeb, 0x40, 0xf, 0xfe, 0x46, 0x7d,
    0xba, 0xb4, 0x6e, 0x9c, 0x41, 0x2f, 0xa9, 0x0,
    0x3f, 0xf9, 0xa5, 0x1d, 0x48, 0x2, 0xb7, 0xf4,
    0xa2, 0x1, 0xff, 0xcc, 0x5b, 0xd8, 0x30, 0x2,
    0xd7, 0x6c, 0xb1, 0x80, 0x7f, 0xf2, 0x89, 0xf3,
    0xa5, 0x0, 0x4, 0xd3, 0x9f, 0xd9, 0x53, 0xe,
    0x60, 0x1f, 0xfc, 0x51, 0x6b, 0xfc, 0x84, 0x10,
    0x0, 0x9a, 0xb3, 0xc3, 0x0, 0x7f, 0xf2, 0x4d,
    0xef, 0xb6, 0xe1, 0x90, 0x81, 0x14,

    /* U+4E50 "乐" */
    0x0, 0xff, 0xe4, 0xae, 0x10, 0x7, 0xff, 0x30,
    0x5b, 0x68, 0xf8, 0x3, 0xff, 0x92, 0x4d, 0x7d,
    0x24, 0x0, 0x60, 0xf, 0xf0, 0xb9, 0x0, 0x63,
    0x6a, 0xed, 0x94, 0x0, 0x24, 0xf5, 0x0, 0x7f,
    0x8e, 0x36, 0xed, 0xdf, 0x92, 0xa2, 0x4, 0xd5,
    0xd6, 0xc2, 0x1, 0xff, 0x10, 0x1, 0x10, 0x22,
    0x36, 0x9b, 0xed, 0x95, 0x10, 0xf, 0xfe, 0x18,
    0x82, 0xf7, 0xf6, 0x4b, 0x20, 0x80, 0x7f, 0xf1,
    0xc4, 0x30, 0x40, 0x31, 0xb0, 0x80, 0x7f, 0xf1,
    0x8c, 0x0, 0x40, 0x1c, 0xd3, 0xc6, 0x1, 0xff,
    0xc5, 0x50, 0x2, 0x80, 0x72, 0x80, 0x18, 0x3,
    0xff, 0x8b, 0xe0, 0x22, 0x0, 0xff, 0xe7, 0x28,
    0x20, 0x7, 0xff, 0x38, 0x4c, 0x30, 0x3, 0xff,
    0x9c, 0x80, 0x4, 0x0, 0xff, 0xe7, 0x78, 0x11,
    0x0, 0x38, 0x48, 0x1, 0xaa, 0xa6, 0x78, 0x9a,
    0xbd, 0xe6, 0x0, 0xe4, 0x3, 0xcd, 0xee, 0x7f,
    0xbb, 0x40, 0xf, 0x54, 0x98, 0x76, 0x54, 0x21,
    0x95, 0x0, 0xc4, 0x2, 0x64, 0x22, 0x0, 0xf1,
    0x1a, 0x2b, 0x3c, 0x42, 0x6a, 0xf1, 0x40, 0x36,
    0xd5, 0x2f, 0x31, 0xbd, 0xcf, 0xf0, 0x2, 0x72,
    0xea, 0x61, 0xdc, 0xca, 0x86, 0x1, 0xc2, 0xaa,
    0x43, 0x31, 0x8, 0x80, 0x30, 0x80, 0x7f, 0xf2,
    0x6, 0x0, 0x3f, 0xe7, 0xc2, 0x0, 0xff, 0xe1,
    0x3b, 0xb4, 0x40, 0x3f, 0xa4, 0xf5, 0x0, 0x3f,
    0xf8, 0x36, 0x4, 0x80, 0x1f, 0xd8, 0x41, 0x6c,
    0x1, 0xff, 0x39, 0x2, 0xa8, 0x2, 0x10, 0xe,
    0x2c, 0x20, 0x97, 0x0, 0xfe, 0x38, 0x3, 0xa0,
    0xf, 0x18, 0x6, 0x1c, 0x20, 0x88, 0x0, 0x7c,
    0x3a, 0x7, 0x80, 0x1f, 0xfc, 0x11, 0xc2, 0x7,
    0x80, 0xe, 0x1c, 0x15, 0xc0, 0xf, 0xfe, 0x18,
    0xe1, 0x3, 0xc8, 0x4, 0x38, 0x51, 0x40, 0x1f,
    0xfc, 0x51, 0xf1, 0x6, 0x50, 0x2c, 0xc, 0x70,
    0x0, 0x80, 0x7f, 0xf1, 0xb, 0x4, 0x48, 0x58,
    0xba, 0x60, 0x12, 0xf5, 0x20, 0x6, 0x10, 0xf,
    0xe2, 0xcf, 0x14, 0xc8, 0x0, 0xe4, 0xd7, 0xbf,
    0xb1, 0x0, 0xff, 0xe0, 0x10, 0x83, 0x10, 0x7,
    0xc7, 0xae, 0x8, 0x0, 0x10, 0xf, 0xfe, 0x64,
    0x73, 0x9, 0x38, 0x7, 0xff, 0x4,

    /* U+4EA4 "交" */
    0x0, 0xff, 0xe1, 0x55, 0xb0, 0x7, 0xff, 0x4b,
    0x52, 0x40, 0x3f, 0xfa, 0x44, 0x1, 0xff, 0xff,
    0x0, 0xff, 0xe5, 0x88, 0x0, 0x8d, 0x15, 0x9e,
    0x26, 0xaf, 0x79, 0x40, 0x39, 0xd9, 0x59, 0xe2,
    0x6a, 0xf3, 0x7a, 0xc0, 0x1b, 0x97, 0x53, 0xe,
    0xca, 0x84, 0x34, 0x40, 0x1b, 0x66, 0xa6, 0x1d,
    0x95, 0xc, 0x84, 0x3, 0x9, 0x1a, 0x2b, 0x3c,
    0x4d, 0x5e, 0x10, 0x6, 0xb6, 0x45, 0x67, 0x89,
    0xaa, 0x5e, 0x6f, 0x7f, 0xbb, 0x72, 0xea, 0x61,
    0xd9, 0x50, 0xc0, 0x38, 0x66, 0xea, 0x61, 0xdb,
    0x74, 0x86, 0x42, 0x1, 0x5f, 0x28, 0x7, 0xff,
    0x25, 0x9e, 0x0, 0x3c, 0xc3, 0x54, 0x0, 0xff,
    0xe3, 0xc8, 0x80, 0x7e, 0xd6, 0x5, 0xd3, 0x0,
    0xff, 0xe2, 0x33, 0x1, 0x60, 0x3, 0xe9, 0x90,
    0x16, 0x30, 0x7, 0xff, 0x9, 0x64, 0x1e, 0x80,
    0x3f, 0x9b, 0x4, 0x26, 0x40, 0x1f, 0xfc, 0x6,
    0xa0, 0xa8, 0x0, 0xfe, 0xc3, 0x36, 0x8, 0x35,
    0x80, 0x7f, 0x9e, 0x4b, 0x1e, 0xcc, 0x3, 0xe3,
    0x36, 0x11, 0x3c, 0x81, 0x8, 0x3, 0xf5, 0x43,
    0x69, 0xda, 0x68, 0x80, 0x7a, 0x0, 0xc, 0x3,
    0x88, 0xe4, 0x1, 0xf6, 0x3d, 0xc8, 0x2, 0xc0,
    0x74, 0x3, 0x91, 0x0, 0xa8, 0x0, 0x1b, 0x80,
    0xf, 0x86, 0x35, 0x0, 0x22, 0xb0, 0x3a, 0x0,
    0x86, 0x80, 0x6c, 0x3, 0xff, 0x82, 0x28, 0x1,
    0xe4, 0xa0, 0x59, 0x0, 0x68, 0x86, 0x88, 0x7,
    0xff, 0x29, 0x64, 0x1a, 0x68, 0xc2, 0x4c, 0x3,
    0xff, 0x98, 0xd2, 0xc, 0xa0, 0xec, 0x1, 0xff,
    0xce, 0x64, 0x0, 0xa8, 0x3, 0xff, 0x9f, 0x28,
    0x1, 0x6a, 0x80, 0x7f, 0xf3, 0x6d, 0x81, 0xb0,
    0x82, 0xa8, 0x20, 0x1f, 0xfc, 0x92, 0xd4, 0x9,
    0x91, 0xea, 0x82, 0xfb, 0x0, 0x7f, 0xf1, 0xdb,
    0x48, 0x6d, 0x80, 0x2a, 0xa0, 0x8a, 0x75, 0x0,
    0x3f, 0xf8, 0x67, 0x92, 0xf, 0xc8, 0x1, 0xcb,
    0xea, 0x5, 0x7a, 0xa0, 0x1f, 0xf1, 0x56, 0x19,
    0xb6, 0x0, 0x3f, 0xd, 0x59, 0x1, 0x57, 0x41,
    0x0, 0x78, 0xa7, 0x55, 0x59, 0x82, 0x0, 0xff,
    0x93, 0x68, 0x80, 0x5f, 0x71, 0xc4, 0xe, 0xf5,
    0x1f, 0x68, 0xc0, 0x3f, 0xf8, 0x6b, 0xb4, 0x60,
    0x3, 0x89, 0x88, 0x66, 0xea, 0x8, 0x3, 0xff,
    0x8e, 0xb9, 0x86, 0x15, 0x80,

    /* U+4EAC "京" */
    0x0, 0xff, 0xe0, 0x88, 0x7, 0xff, 0x47, 0x79,
    0xc0, 0x3f, 0xf9, 0xf6, 0x30, 0x1, 0xff, 0xcf,
    0x20, 0xf, 0xff, 0x90, 0x91, 0xa2, 0xa9, 0x9e,
    0x26, 0xba, 0x81, 0x15, 0x4c, 0xc7, 0x89, 0xab,
    0xcd, 0xea, 0x0, 0x76, 0xe5, 0xd5, 0x26, 0x1d,
    0x94, 0x56, 0xe, 0xa9, 0x32, 0x87, 0x65, 0x43,
    0x21, 0x0, 0x84, 0x8d, 0x10, 0xac, 0xf1, 0x35,
    0x79, 0xe, 0xe5, 0x66, 0x3c, 0x4d, 0x5e, 0x6e,
    0xbb, 0xfd, 0xdb, 0x97, 0x6a, 0x98, 0x76, 0x54,
    0x30, 0x4, 0x54, 0xca, 0x1d, 0x95, 0xc, 0x88,
    0x20, 0x1f, 0xfc, 0xa3, 0x0, 0xff, 0x84, 0x8d,
    0x14, 0x40, 0x3f, 0xf8, 0x1d, 0xf7, 0x13, 0x57,
    0x9b, 0xdf, 0xee, 0xdc, 0xba, 0xf1, 0x0, 0xff,
    0xa8, 0x11, 0xd9, 0x50, 0xc8, 0x40, 0x48, 0xd0,
    0x80, 0x4c, 0x3, 0xfe, 0x30, 0x4, 0xde, 0x63,
    0x7b, 0xfd, 0xdb, 0x96, 0xe0, 0x44, 0x0, 0xff,
    0x98, 0x0, 0xa8, 0x66, 0x21, 0x0, 0xf3, 0x82,
    0x0, 0x7f, 0xf0, 0x8, 0x0, 0xc0, 0x1f, 0xf1,
    0x7, 0x80, 0x7f, 0xf0, 0x44, 0xc, 0x3, 0xfc,
    0x40, 0x4, 0x0, 0xff, 0xe0, 0x90, 0x70, 0x7,
    0x8, 0x88, 0xcc, 0xa0, 0x2, 0x0, 0xff, 0xe0,
    0xb8, 0x36, 0xf7, 0x3f, 0xdd, 0xcd, 0xcc, 0x40,
    0x2, 0x40, 0x3f, 0xf8, 0x2e, 0x2, 0x42, 0x30,
    0x0, 0x91, 0xa, 0xcc, 0x7c, 0x0, 0xff, 0xe0,
    0xd8, 0x17, 0xfd, 0xc4, 0x15, 0x76, 0xa9, 0x94,
    0x28, 0x7, 0xff, 0x5, 0xf3, 0x80, 0x3f, 0xfa,
    0x8, 0x40, 0x18, 0x40, 0x39, 0xac, 0x80, 0x3f,
    0xf8, 0x45, 0x1e, 0x20, 0x1f, 0xd6, 0x9a, 0x80,
    0x1f, 0xfc, 0x19, 0x1, 0x70, 0xf, 0xef, 0x10,
    0xb6, 0x0, 0xff, 0x9d, 0x1, 0x58, 0x3, 0xf8,
    0xbc, 0x82, 0x60, 0x3, 0xf9, 0xa0, 0x1a, 0x80,
    0x3d, 0xe0, 0x18, 0x74, 0xc1, 0xe4, 0x3, 0xe6,
    0x90, 0x89, 0x0, 0xff, 0xe1, 0x61, 0x83, 0x50,
    0x7, 0x44, 0x96, 0x38, 0x7, 0x9c, 0x3, 0xfb,
    0xc, 0x16, 0x0, 0x2b, 0x77, 0x69, 0x82, 0x62,
    0x80, 0x7f, 0xf0, 0xb4, 0xc3, 0x80, 0x74, 0x76,
    0x0, 0x24, 0x88, 0x74, 0x20, 0x7, 0xfc, 0x3b,
    0x6c, 0x3, 0x94, 0x40, 0x1c, 0x9a, 0xcf, 0x68,
    0x1, 0xff, 0xa, 0x0, 0x42, 0x1, 0xfd, 0x1c,
    0xe4, 0x49, 0x0, 0xff, 0xe0, 0x80,

    /* U+4EAE "亮" */
    0x0, 0xff, 0xe1, 0x3a, 0x0, 0x7f, 0xf4, 0xea,
    0xe4, 0x3, 0xff, 0xa4, 0x80, 0x40, 0x1f, 0xfd,
    0xe1, 0x0, 0xff, 0xe2, 0x9, 0x1a, 0x18, 0x33,
    0xc4, 0x26, 0xae, 0xd9, 0xdc, 0xb0, 0xf, 0xd7,
    0xbb, 0x77, 0xfb, 0xb7, 0x2d, 0x40, 0xa1, 0xdc,
    0xca, 0x88, 0x31, 0x4, 0x40, 0x7, 0xde, 0x45,
    0x8, 0x0, 0x48, 0xd1, 0x54, 0xcf, 0x13, 0x54,
    0xbc, 0xde, 0xff, 0x20, 0x7, 0xc9, 0xfb, 0xdf,
    0xf7, 0x6e, 0x5d, 0x52, 0x61, 0xd9, 0x54, 0x86,
    0x42, 0x1, 0xff, 0xc0, 0x21, 0x5e, 0xb7, 0x74,
    0x4d, 0x5e, 0x6f, 0x7f, 0xe6, 0x0, 0xff, 0xe2,
    0x28, 0x24, 0x41, 0xd9, 0x50, 0xc8, 0x8, 0xc0,
    0x14, 0x1, 0xff, 0xc5, 0x50, 0x6c, 0xc6, 0xf7,
    0xfd, 0xdb, 0x84, 0x16, 0x1, 0xff, 0xc5, 0x20,
    0x13, 0x31, 0x8, 0x7, 0x88, 0xc, 0x3, 0xff,
    0x8b, 0xc0, 0x20, 0x1f, 0x84, 0xc0, 0x8, 0x1,
    0xff, 0xc5, 0x20, 0x7c, 0xc6, 0xf7, 0x3f, 0xee,
    0xc0, 0x4, 0x0, 0x7f, 0xf1, 0x44, 0x4, 0xce,
    0x3, 0x39, 0x15, 0x4c, 0xce, 0x0, 0xff, 0xe0,
    0xcd, 0x80, 0x14, 0x87, 0xfd, 0xdc, 0xdc, 0xc5,
    0xd5, 0x26, 0x4c, 0x1, 0xff, 0xc0, 0x16, 0x40,
    0x0, 0xef, 0x0, 0x70, 0x88, 0x8d, 0x15, 0x4c,
    0xf1, 0x9, 0x92, 0x80, 0x79, 0x0, 0x13, 0x57,
    0x6c, 0xde, 0xe7, 0xfb, 0xb9, 0xb9, 0x75, 0x49,
    0x87, 0x73, 0x32, 0x84, 0x3, 0xb0, 0x0, 0xca,
    0x88, 0x32, 0x11, 0x0, 0x4, 0x88, 0x68, 0xaa,
    0x67, 0x88, 0x0, 0x1c, 0x40, 0x39, 0xc1, 0xa6,
    0xae, 0xd9, 0xbd, 0xcf, 0xf7, 0x6e, 0xb2, 0xea,
    0x93, 0xf, 0xe0, 0x70, 0x1, 0xca, 0x21, 0xc,
    0xa8, 0xc6, 0x42, 0x20, 0xf, 0xf8, 0x9c, 0x74,
    0x3, 0xd2, 0x8, 0x20, 0x14, 0x7d, 0x44, 0xd5,
    0xe6, 0xf7, 0x34, 0x80, 0x29, 0x1c, 0x10, 0xe,
    0x33, 0x7, 0x0, 0x6d, 0x5, 0x76, 0x54, 0x32,
    0x11, 0x12, 0x80, 0x15, 0xbc, 0x80, 0x3c, 0x22,
    0x25, 0x0, 0xc2, 0x3, 0x79, 0xba, 0xef, 0xf0,
    0x80, 0x80, 0x17, 0x44, 0x3, 0x10, 0x81, 0x76,
    0x80, 0x77, 0x1, 0x21, 0x91, 0x4, 0x0, 0x20,
    0x60, 0x1f, 0xd6, 0x80, 0x1f, 0xc8, 0xc, 0x1,
    0xff, 0xc7, 0x53, 0x0, 0xfc, 0x66, 0xc, 0x0,
    0xfe, 0x10, 0xf, 0xe2, 0x10, 0xf, 0xde, 0x2,
    0xc0, 0x1f, 0xce, 0x1, 0xf8, 0x84, 0x40, 0x1f,
    0x51, 0x85, 0x0, 0x7f, 0xf1, 0xdc, 0x3, 0xe1,
    0xc5, 0xa, 0x40, 0xf, 0x84, 0x3, 0xfe, 0xe0,
    0x30, 0xc, 0xfc, 0x66, 0xc5, 0x0, 0xfc, 0x20,
    0xf, 0x75, 0x59, 0x9e, 0x71, 0x1, 0xc0, 0x5f,
    0xa0, 0xeb, 0xc, 0x3, 0xfc, 0xc0, 0x71, 0x55,
    0x4c, 0x31, 0x82, 0x13, 0xfd, 0xce, 0xe2, 0x80,
    0x7f, 0xf0, 0x25, 0xc8, 0x40, 0x30, 0x92, 0xcd,
    0x80,

    /* U+4F53 "体" */
    0x0, 0xff, 0xf0, 0x30, 0x80, 0x7e, 0x7e, 0x90,
    0xf, 0xfe, 0x54, 0xf2, 0x0, 0x7c, 0xc2, 0xc4,
    0x1, 0xff, 0xc8, 0x20, 0x1, 0x80, 0x7c, 0x20,
    0x1f, 0xfc, 0xb5, 0x0, 0x28, 0x7, 0xff, 0x4e,
    0x81, 0x8, 0x3, 0xff, 0xa4, 0x84, 0x1e, 0x1,
    0xff, 0xd3, 0x80, 0x24, 0x0, 0xff, 0xe9, 0x19,
    0x82, 0x40, 0x3f, 0xf8, 0xc4, 0xa2, 0x1, 0xfe,
    0xf0, 0x44, 0x12, 0x9a, 0x2a, 0x99, 0xe2, 0x40,
    0x1d, 0xbd, 0xcf, 0xf6, 0xd7, 0x20, 0x7, 0xe4,
    0x30, 0x80, 0x5, 0x65, 0xd5, 0x26, 0x1d, 0x80,
    0x6, 0x42, 0x31, 0x1a, 0x28, 0x80, 0x7e, 0x90,
    0x1, 0x1, 0x5a, 0xa9, 0x9e, 0x24, 0xc0, 0x21,
    0xef, 0xf7, 0x6e, 0x5d, 0x28, 0x7, 0xce, 0x40,
    0x1c, 0x95, 0x49, 0x87, 0x63, 0x0, 0x86, 0x40,
    0x3f, 0xf8, 0x45, 0x0, 0x1f, 0xfc, 0x6, 0x2,
    0x0, 0x13, 0x98, 0x7, 0xff, 0x6, 0x42, 0x4,
    0x3, 0xfd, 0x61, 0x40, 0xb, 0xe, 0x0, 0xff,
    0xe0, 0x32, 0x2b, 0x80, 0x7f, 0x8c, 0x81, 0x40,
    0x8, 0x44, 0x80, 0xf, 0xf1, 0x49, 0xd0, 0x7,
    0xfd, 0x0, 0xa4, 0x1, 0x70, 0x3a, 0x80, 0x7f,
    0x71, 0x68, 0x0, 0x40, 0x3f, 0x1a, 0x4, 0x0,
    0x63, 0x80, 0xa2, 0x0, 0xf9, 0xc3, 0x4, 0x3,
    0xfe, 0x80, 0x62, 0x0, 0xe7, 0x30, 0xe0, 0xf,
    0x8f, 0x4, 0x3, 0xfe, 0x34, 0x18, 0x0, 0xc6,
    0x0, 0xd1, 0x3b, 0x0, 0xf2, 0x0, 0x7f, 0xf0,
    0x78, 0x2c, 0x40, 0x3e, 0x1a, 0x4, 0x90, 0xf,
    0xfe, 0x33, 0x92, 0xa8, 0x0, 0x20, 0x1e, 0x48,
    0x6, 0x80, 0xf, 0xfe, 0x20, 0xc0, 0xd8, 0x7,
    0xfc, 0xea, 0xe, 0xe0, 0xf, 0xfe, 0x1d, 0x6,
    0x88, 0x7, 0x8c, 0x4d, 0x98, 0x14, 0x61, 0x10,
    0x0, 0xff, 0xe0, 0xb2, 0x42, 0xee, 0x63, 0x7c,
    0x1, 0xbd, 0x93, 0x2b, 0xd, 0x20, 0x79, 0x0,
    0xff, 0x8a, 0x59, 0xd8, 0x4c, 0xc4, 0x20, 0x1,
    0x23, 0x45, 0x20, 0x1c, 0x20, 0x66, 0x0, 0x7f,
    0xbd, 0x64, 0x1, 0x9d, 0xbd, 0xa0, 0xf, 0xdc,
    0xba, 0x90, 0x0, 0xe1, 0xb3, 0x0, 0x3f, 0x95,
    0x54, 0x1, 0x84, 0x84, 0x3, 0xff, 0x80, 0x39,
    0x20, 0x1f, 0xe5, 0x80, 0xf, 0xff, 0xa1, 0x0,
    0x7f, 0xf0, 0x58, 0x3, 0xff, 0x90, 0x20, 0x1f,
    0xfc, 0x11, 0x0, 0xff, 0xe4, 0x1a, 0x8, 0x80,
    0x3f, 0xc8, 0x81, 0x10, 0x7, 0xff, 0x0,

    /* U+4F60 "你" */
    0x0, 0xff, 0x18, 0x7, 0xad, 0x80, 0x3f, 0xf9,
    0xb9, 0xa4, 0x1, 0x96, 0x6c, 0x3, 0xff, 0x96,
    0x60, 0x54, 0x1, 0x8, 0x81, 0x80, 0x3f, 0xf9,
    0x74, 0x0, 0xa0, 0x9, 0x0, 0x14, 0x1, 0xff,
    0xca, 0x16, 0x6, 0x20, 0xb, 0x80, 0x5c, 0x3,
    0xff, 0x95, 0x20, 0x8, 0x0, 0x89, 0x2, 0x40,
    0x3f, 0xf9, 0x42, 0xe0, 0xe2, 0x1, 0x58, 0xb,
    0x80, 0x7c, 0x24, 0x68, 0x81, 0x0, 0xfe, 0x80,
    0x18, 0x0, 0x85, 0x80, 0xea, 0xf3, 0x75, 0xdf,
    0xee, 0xdc, 0xbb, 0x71, 0x80, 0x7c, 0x4c, 0x16,
    0x1, 0xa4, 0x0, 0x4a, 0x86, 0x44, 0x10, 0x12,
    0x33, 0x8, 0x0, 0x40, 0x3e, 0x90, 0x55, 0x0,
    0x42, 0xe0, 0xf5, 0x4b, 0x60, 0x2f, 0xf7, 0x6e,
    0x60, 0x1, 0x4, 0x1, 0xe4, 0x40, 0x60, 0x6,
    0x80, 0x58, 0x55, 0x27, 0x0, 0x7c, 0xa2, 0x6e,
    0x1, 0xf5, 0x0, 0x78, 0x98, 0x68, 0x3, 0xff,
    0x81, 0x23, 0xa0, 0x1f, 0x48, 0x80, 0x7b, 0x83,
    0x40, 0x38, 0x40, 0x3c, 0x66, 0xa1, 0x0, 0xf1,
    0xb1, 0x18, 0x6, 0x63, 0xa3, 0x0, 0xff, 0xe0,
    0x4c, 0x20, 0x7, 0xda, 0x1e, 0x1, 0x86, 0x20,
    0xa0, 0x1f, 0xfc, 0x1b, 0x70, 0xf, 0xa8, 0x6c,
    0x80, 0x35, 0xb3, 0x83, 0x50, 0x80, 0x7f, 0x43,
    0x80, 0x7c, 0xcb, 0x48, 0x1, 0xd1, 0x0, 0x0,
    0xaf, 0x88, 0x7, 0xcc, 0xf2, 0x60, 0x1c, 0x73,
    0x4a, 0x1, 0xe2, 0x0, 0xb4, 0x4, 0x3, 0xf3,
    0x8, 0x70, 0x80, 0x69, 0xc5, 0x0, 0xff, 0x90,
    0x18, 0x40, 0x31, 0x80, 0x54, 0x5, 0x60, 0x1a,
    0x8c, 0x3, 0xfe, 0x51, 0xb, 0x0, 0xfe, 0x47,
    0x5, 0x50, 0x7, 0xf0, 0x81, 0x80, 0x69, 0x6,
    0x20, 0xf, 0xf4, 0x10, 0x58, 0x80, 0x7f, 0xf0,
    0x8c, 0xc3, 0x0, 0x18, 0xc0, 0x3e, 0xe0, 0x1b,
    0x0, 0xff, 0xe1, 0x78, 0x58, 0x80, 0x7f, 0xf0,
    0xd, 0x81, 0x50, 0x3, 0xff, 0x80, 0x86, 0xaa,
    0x0, 0xff, 0xe1, 0x40, 0x2, 0x40, 0x3f, 0xf8,
    0x12, 0x54, 0x1, 0xff, 0xc3, 0x17, 0x2, 0x30,
    0xf, 0x18, 0x4, 0xe7, 0x80, 0x1f, 0xfc, 0x59,
    0x16, 0x30, 0xf, 0xf5, 0xe0, 0x80, 0x7f, 0xf1,
    0x47, 0xa4, 0x3, 0xfe, 0xc2, 0x0, 0xa6, 0x84,
    0x3, 0x8, 0x7, 0xff, 0x3a, 0x5b, 0xa0, 0x40,
    0x3f, 0xf9, 0x2, 0x1, 0xfd, 0x88, 0xfd, 0x20,
    0x1f, 0xfc, 0x61, 0x0, 0xff, 0xad, 0x80, 0xc0,
    0x40, 0x3f, 0xf8, 0x83, 0x2, 0x20, 0xf, 0xe9,
    0xb3, 0x2a, 0x0, 0xff, 0x80,

    /* U+503C "值" */
    0x0, 0xff, 0x9, 0x0, 0x7f, 0xaa, 0x4, 0x3,
    0xff, 0x94, 0xfb, 0x60, 0x1f, 0xe7, 0xa0, 0xf,
    0xfe, 0x57, 0x2, 0x18, 0x7, 0xe2, 0x1, 0x0,
    0xff, 0xe5, 0x28, 0x9, 0x80, 0x7e, 0x20, 0x20,
    0xf, 0xfe, 0x49, 0x90, 0x40, 0x7, 0xf0, 0x87,
    0x89, 0x1a, 0x2c, 0x49, 0x80, 0x7f, 0xf0, 0x64,
    0x9, 0x86, 0xa6, 0x55, 0x79, 0xbc, 0x81, 0x1d,
    0xb9, 0x74, 0xed, 0x82, 0x1, 0xff, 0x12, 0x84,
    0x80, 0x83, 0x31, 0x50, 0xc8, 0x2, 0x46, 0x78,
    0x9a, 0xbc, 0xe1, 0x0, 0xff, 0xa0, 0x11, 0x0,
    0xa, 0xdc, 0xc7, 0x7f, 0xb8, 0x1, 0x53, 0xe,
    0xca, 0x86, 0x20, 0x1f, 0xf1, 0xa8, 0x48, 0x6,
    0x23, 0x30, 0x80, 0x4, 0x0, 0x20, 0x1f, 0xfc,
    0x78, 0x7, 0x20, 0xc, 0x6c, 0x40, 0x1, 0x20,
    0x2, 0x2b, 0x31, 0xd4, 0x3, 0xff, 0x82, 0x88,
    0xb, 0x0, 0xf4, 0xef, 0xfb, 0xb0, 0x1, 0x75,
    0x32, 0x8a, 0x60, 0xf, 0xfe, 0x5, 0x0, 0x7e,
    0x30, 0x1, 0xab, 0x31, 0xe2, 0x65, 0x56, 0x40,
    0x60, 0x1f, 0xf4, 0x88, 0x7, 0xf0, 0x87, 0xd4,
    0xca, 0x1d, 0x98, 0xa8, 0x1, 0xff, 0xc1, 0x36,
    0x50, 0xf, 0xfe, 0x38, 0x91, 0x80, 0x80, 0x7f,
    0xe, 0x95, 0x0, 0x7f, 0xdf, 0x9b, 0xae, 0xff,
    0xbb, 0x44, 0x3, 0xfe, 0xb0, 0xf0, 0xf, 0xf1,
    0x81, 0x10, 0x4, 0x91, 0x54, 0xce, 0x0, 0x70,
    0xf, 0xce, 0xba, 0x40, 0x1f, 0xfc, 0xa, 0xed,
    0xcc, 0x5d, 0x52, 0x60, 0x3, 0xfc, 0x91, 0x66,
    0x1, 0xff, 0xc1, 0x10, 0xf, 0xfe, 0x3c, 0x62,
    0x0, 0x7f, 0xf1, 0x44, 0x44, 0x43, 0x32, 0x0,
    0x4, 0x3, 0xec, 0x30, 0xf, 0xfe, 0x8, 0x85,
    0x7f, 0xbb, 0x9b, 0xac, 0xc5, 0x80, 0x7f, 0xf3,
    0xc8, 0xd1, 0x54, 0xcc, 0x78, 0x80, 0x7, 0xff,
    0x3e, 0x32, 0xea, 0x93, 0x28, 0x76, 0x0, 0x18,
    0x7, 0xff, 0x30, 0xc0, 0x3f, 0xfa, 0xce, 0x15,
    0x55, 0xdd, 0x98, 0xdc, 0x0, 0x8, 0x7, 0xff,
    0x30, 0xd5, 0x48, 0x91, 0x98, 0x88, 0x1, 0xff,
    0xc3, 0x10, 0xf, 0xfa, 0x37, 0xba, 0xff, 0xdc,
    0x1, 0xff, 0xcf, 0x12, 0x11, 0x80, 0x3f, 0xfa,
    0x42, 0x1, 0xfe, 0x30, 0x1, 0x10, 0xd1, 0x84,
    0x3, 0xfe, 0x3b, 0xaa, 0x5d, 0x90, 0x23, 0x75,
    0xdc, 0xff, 0xda, 0x0, 0xdd, 0x65, 0xce, 0x80,
    0x7c, 0x40, 0x11, 0xaa, 0xc8, 0x81, 0x1, 0x22,
    0x8, 0x80, 0x30, 0x88, 0x88, 0x66, 0x44, 0x28,
    0x7, 0xce, 0x1, 0xbe, 0xaa, 0xbb, 0x66, 0x37,
    0x5d, 0xcf, 0xfd, 0xdc, 0xdd, 0x66, 0x2e, 0xd2,
    0x1, 0xf2, 0x28, 0x8, 0xa, 0xac, 0x88, 0x33,
    0x11, 0x4, 0x40, 0x1f, 0xfc, 0x20,

    /* U+5165 "入" */
    0x0, 0xff, 0x86, 0xa9, 0x2, 0x1, 0xff, 0xd2,
    0x12, 0x57, 0xa0, 0xf, 0xfe, 0x9c, 0x30, 0x20,
    0x7, 0xff, 0x52, 0xc0, 0xa, 0x1, 0xff, 0xd3,
    0x22, 0x7, 0x80, 0x7f, 0xf5, 0x14, 0x14, 0x3,
    0xff, 0xa9, 0x40, 0x5, 0x0, 0xff, 0xe9, 0x91,
    0x84, 0x80, 0x7f, 0xf5, 0x2c, 0xc, 0x80, 0x3f,
    0xfa, 0x64, 0x0, 0xb0, 0xf, 0xfe, 0x9f, 0x0,
    0x18, 0x3, 0xff, 0xa4, 0x48, 0x1, 0x38, 0x7,
    0xff, 0x46, 0xc0, 0x2, 0x12, 0x1, 0xff, 0xd0,
    0x16, 0x3, 0xd0, 0x18, 0x0, 0xff, 0xe7, 0xc0,
    0x3, 0xcd, 0x1, 0xc8, 0x3, 0xff, 0x9a, 0x4c,
    0xa, 0x61, 0x20, 0xe, 0x0, 0xff, 0xe6, 0xc8,
    0x2, 0x0, 0x4, 0xc0, 0x6c, 0x1, 0xff, 0xcb,
    0x54, 0x8, 0x20, 0xa, 0x44, 0x20, 0x40, 0x3f,
    0xf9, 0x23, 0x60, 0x6e, 0x1, 0xd4, 0x3, 0xa0,
    0x1f, 0xfc, 0x9b, 0x10, 0xf0, 0xf, 0x23, 0x1,
    0xc8, 0x7, 0xff, 0x1d, 0x94, 0x20, 0xc0, 0x3e,
    0x92, 0x6, 0x60, 0x7, 0xff, 0x14, 0xe4, 0x15,
    0xc0, 0x3f, 0xbc, 0x1, 0x26, 0x1, 0xff, 0xc3,
    0x1d, 0x2, 0xa0, 0xf, 0xf1, 0x58, 0x3, 0x48,
    0x3, 0xff, 0x85, 0x42, 0x2f, 0x0, 0xff, 0xe0,
    0x24, 0x0, 0xe1, 0x0, 0x7f, 0xf0, 0x29, 0x3,
    0x48, 0x3, 0xff, 0x82, 0xec, 0x3, 0x86, 0x1,
    0xfe, 0x95, 0xb, 0x30, 0xf, 0xfe, 0x1c, 0xa8,
    0xe, 0x20, 0x7, 0xe7, 0x61, 0xc4, 0x0, 0xff,
    0xe2, 0xd2, 0x80, 0x2d, 0x40, 0x3d, 0x10, 0x2c,
    0x30, 0xf, 0xfe, 0x3d, 0x28, 0x2, 0xa0, 0x3,
    0x43, 0xa6, 0x10, 0x7, 0xff, 0x26, 0x98, 0x0,
    0xf6, 0x21, 0xf, 0x16, 0x20, 0x1f, 0xfc, 0xb9,
    0x80, 0x2, 0x41, 0xae, 0x38, 0x7, 0xff, 0x39,
    0xe8, 0x9e, 0x40,

    /* U+5177 "具" */
    0x0, 0xfd, 0xa, 0x1, 0xf8, 0x48, 0xd1, 0x59,
    0xd0, 0x3, 0xff, 0x88, 0x75, 0xb5, 0x79, 0xbd,
    0xfe, 0xed, 0xcb, 0xa9, 0x8b, 0x50, 0xf, 0xfe,
    0x1e, 0x1, 0x2a, 0x19, 0x8, 0x9, 0x1a, 0x2b,
    0x30, 0x3, 0xff, 0x8c, 0x40, 0x37, 0x9b, 0xdf,
    0xee, 0xdc, 0xba, 0x98, 0x0, 0x30, 0x7, 0xff,
    0x19, 0xc, 0x84, 0x3, 0xf1, 0x80, 0x4, 0x3,
    0xff, 0x86, 0x20, 0x1f, 0x84, 0x8d, 0x15, 0xa8,
    0x3, 0xff, 0x90, 0x37, 0x9b, 0xdf, 0xee, 0xdc,
    0xba, 0x97, 0x0, 0x18, 0x7, 0xff, 0xd, 0xc0,
    0x8, 0x64, 0x22, 0x23, 0x45, 0x67, 0x73, 0x0,
    0x4, 0x3, 0xff, 0x8d, 0x9d, 0xfe, 0xed, 0xcb,
    0xa9, 0x88, 0x68, 0x7, 0xff, 0x18, 0x40, 0x6,
    0x20, 0x1f, 0xfd, 0x41, 0x0, 0x84, 0x44, 0x68,
    0xac, 0xfc, 0x1, 0xff, 0xc6, 0x30, 0x6, 0x77,
    0xfb, 0xb9, 0xb9, 0x75, 0x30, 0xa0, 0x20, 0x1f,
    0xfc, 0x72, 0x11, 0x11, 0xd, 0x15, 0x9e, 0x25,
    0x80, 0xc0, 0x3f, 0xf8, 0x82, 0x0, 0xdf, 0xed,
    0xd6, 0x5d, 0x4c, 0x3b, 0x78, 0x7, 0xff, 0x54,
    0x40, 0x40, 0x3f, 0xf8, 0xf1, 0x35, 0x4b, 0xcd,
    0xd7, 0x7f, 0xd0, 0xe, 0x1, 0xff, 0xc7, 0x56,
    0x55, 0x21, 0x91, 0x4, 0x44, 0x62, 0x1, 0xff,
    0xc9, 0x7b, 0xcd, 0xd7, 0x7f, 0xdd, 0xb8, 0xc0,
    0x20, 0x1f, 0xfc, 0x51, 0xc, 0x43, 0x22, 0x8,
    0x7, 0x84, 0xc, 0x3, 0xff, 0x8e, 0x20, 0x1f,
    0xfc, 0x51, 0x46, 0x0, 0x84, 0x3, 0x8, 0x88,
    0x1, 0xaa, 0xce, 0xe8, 0x99, 0x55, 0xdb, 0x1c,
    0x1b, 0xfe, 0xeb, 0x9d, 0x0, 0x7f, 0xf7, 0x73,
    0x44, 0x1e, 0xa6, 0x20, 0xec, 0xc5, 0x44, 0x18,
    0x80, 0x61, 0x11, 0x1b, 0x10, 0x58, 0x80, 0x42,
    0x44, 0x34, 0x40, 0xb3, 0xc4, 0x26, 0xa9, 0x79,
    0xba, 0xef, 0xfb, 0xb9, 0xb9, 0x64, 0xb, 0xdf,
    0xf7, 0x6e, 0xb2, 0xe4, 0x56, 0x1d, 0xcc, 0xaa,
    0xce, 0x72, 0x10, 0xf, 0xfe, 0x38, 0xf8, 0x1b,
    0x80, 0x72, 0x95, 0x61, 0x80, 0x7f, 0xf1, 0x87,
    0x8, 0x9, 0x40, 0x3b, 0x58, 0xf, 0x20, 0x3,
    0xff, 0x88, 0x7e, 0x40, 0xda, 0x40, 0x1e, 0x9c,
    0x20, 0x7d, 0x30, 0xf, 0xfe, 0xa, 0xe0, 0x8a,
    0xa4, 0x3, 0xf8, 0xf5, 0x80, 0xb1, 0x80, 0x3f,
    0xea, 0xa0, 0x37, 0x28, 0x7, 0xff, 0x2, 0x68,
    0x42, 0x68, 0x3, 0xf2, 0x72, 0xab, 0x64, 0x3,
    0xff, 0x86, 0xb8, 0x60, 0xa8, 0x1, 0xe6, 0x96,
    0xea, 0x20, 0xf, 0xfe, 0x29, 0x63, 0x2a, 0x0,
    0x40,

    /* U+5206 "分" */
    0x0, 0xff, 0xe2, 0x93, 0x28, 0x7, 0xff, 0x51,
    0x26, 0xa0, 0x3, 0xff, 0x9a, 0xd4, 0x20, 0x13,
    0x40, 0x38, 0x80, 0x7f, 0xf3, 0x31, 0x7c, 0x40,
    0x27, 0x20, 0xb0, 0xf, 0xfe, 0x62, 0x80, 0x4,
    0x3, 0x70, 0x2a, 0x0, 0x7f, 0xf2, 0x98, 0x1,
    0x20, 0x1c, 0x6c, 0x14, 0x20, 0x1f, 0xfc, 0x9b,
    0x1, 0x70, 0xf, 0x40, 0x8a, 0x80, 0x3f, 0xf9,
    0xc, 0x41, 0x0, 0x1f, 0xd, 0x2, 0x40, 0x7,
    0xff, 0x18, 0x60, 0xd, 0x80, 0x3f, 0x24, 0x3,
    0xb0, 0x7, 0xff, 0x16, 0xc4, 0x3c, 0x3, 0xfc,
    0xe8, 0x12, 0xa0, 0x1f, 0xfc, 0x35, 0x50, 0x41,
    0x80, 0x7f, 0xd4, 0x41, 0x4a, 0x1, 0xff, 0xc1,
    0x2b, 0x4, 0x70, 0xf, 0xfe, 0x0, 0xe1, 0x5,
    0x28, 0x7, 0xff, 0x3, 0xc4, 0xec, 0x3, 0xff,
    0x84, 0x3e, 0x21, 0x4e, 0x1, 0xfe, 0xb2, 0x26,
    0x80, 0x7f, 0xf1, 0xb, 0x4, 0x22, 0x40, 0x3f,
    0x52, 0x16, 0x8, 0x7, 0xe1, 0x23, 0x45, 0x67,
    0x82, 0x26, 0x10, 0x36, 0x10, 0x7, 0x4a, 0x9e,
    0x4c, 0x4d, 0x5e, 0x6f, 0x7f, 0xbb, 0x72, 0xea,
    0x61, 0xfc, 0xb, 0xc, 0xf, 0x54, 0x2, 0xa6,
    0x66, 0xf, 0xbb, 0x2a, 0x19, 0x8, 0x4, 0x24,
    0x68, 0xa2, 0xc, 0x0, 0x1c, 0x50, 0x5, 0x80,
    0xe2, 0x54, 0x80, 0x1e, 0x1a, 0x26, 0x98, 0x1,
    0xbf, 0xdb, 0x97, 0x46, 0x4, 0x1, 0xaa, 0x5b,
    0xc2, 0x97, 0xd4, 0x3, 0x3c, 0xbb, 0x29, 0x2,
    0x10, 0x7, 0x8c, 0x38, 0x3, 0x9a, 0x44, 0x2e,
    0x44, 0x3, 0xf8, 0x50, 0x38, 0x3, 0xe1, 0x1,
    0x0, 0xff, 0xe4, 0xc0, 0xa, 0x80, 0x78, 0x80,
    0x4, 0x1, 0xff, 0xc8, 0x16, 0x8, 0x0, 0xf9,
    0x80, 0xc, 0x1, 0xff, 0xc8, 0xb0, 0x26, 0x0,
    0xf8, 0x80, 0x6, 0x1, 0xff, 0xc7, 0x45, 0x8,
    0x0, 0xfd, 0xe0, 0x22, 0x0, 0xff, 0xe3, 0xd,
    0x3, 0x28, 0x7, 0xe2, 0x5, 0x0, 0xff, 0xe3,
    0xe8, 0x9c, 0x80, 0x7f, 0x20, 0x18, 0x7, 0xff,
    0x1a, 0xcc, 0xb4, 0x0, 0x86, 0x1, 0xc6, 0x0,
    0xd0, 0xf, 0xfe, 0x2d, 0xa1, 0x60, 0x80, 0x1f,
    0x2c, 0x80, 0x24, 0x0, 0x20, 0x7, 0xff, 0xc,
    0x6d, 0x11, 0x82, 0x1, 0x1d, 0xa6, 0xda, 0x5,
    0x0, 0x88, 0x3, 0xff, 0x84, 0x58, 0x91, 0x62,
    0x1, 0xc9, 0xa4, 0x97, 0xe4, 0xc, 0x1, 0xff,
    0xc2, 0x6d, 0x1c, 0x70, 0xf, 0xc5, 0x8a, 0x1,
    0xa4, 0x3, 0xff, 0x82, 0xd5, 0x78, 0x60, 0x1f,
    0xe1, 0xaa, 0x10, 0xd0, 0x80, 0x7f, 0xc0,

    /* U+524D "前" */
    0x0, 0xff, 0xe5, 0x28, 0x7, 0xff, 0x18, 0x40,
    0x3f, 0xe3, 0xa8, 0x0, 0xff, 0xe2, 0x4f, 0x38,
    0x7, 0xfa, 0x1, 0xc0, 0x3f, 0xf8, 0x9c, 0x11,
    0x40, 0x1f, 0x99, 0x1, 0xc0, 0x3f, 0xf8, 0x8f,
    0x20, 0xb8, 0x20, 0x1c, 0x72, 0xb, 0x0, 0x1f,
    0xfc, 0x56, 0xa0, 0x3d, 0x0, 0xc5, 0xa0, 0xb4,
    0x1, 0xff, 0xc7, 0x59, 0x3, 0x50, 0x1, 0x60,
    0xad, 0x0, 0x42, 0x22, 0x47, 0x60, 0xf, 0xe1,
    0x23, 0x23, 0x2, 0x78, 0xc1, 0x6, 0xde, 0xff,
    0x77, 0x36, 0xe2, 0x69, 0xb7, 0x31, 0xbd, 0xfe,
    0xed, 0xcb, 0x30, 0x88, 0x38, 0x80, 0xc, 0x84,
    0x0, 0x24, 0x43, 0x45, 0x26, 0x13, 0x31, 0x8,
    0x9, 0x1a, 0x2a, 0x99, 0xe2, 0x6a, 0xed, 0x9b,
    0xdf, 0xee, 0xdd, 0x65, 0xd4, 0x6, 0x77, 0x5f,
    0xee, 0xdc, 0xba, 0xa4, 0xc3, 0xb2, 0xa2, 0xc,
    0x84, 0x0, 0x68, 0x1, 0xf0, 0x8c, 0x1, 0xff,
    0xc8, 0x1b, 0xe3, 0x0, 0xfa, 0x50, 0x0, 0x24,
    0x68, 0xac, 0xc1, 0x0, 0xfe, 0x21, 0x12, 0x0,
    0x7c, 0x97, 0xfe, 0xed, 0xcb, 0xa9, 0x96, 0x80,
    0x48, 0x60, 0x1c, 0x60, 0x1f, 0xcc, 0x0, 0x12,
    0x34, 0x57, 0x40, 0xe, 0x2c, 0xb0, 0xf, 0xfe,
    0x10, 0x84, 0xf6, 0xe5, 0xd4, 0x68, 0x7, 0x28,
    0x20, 0x7, 0xff, 0x90, 0xc0, 0x21, 0x22, 0x70,
    0x7, 0xff, 0x32, 0xfb, 0xfd, 0xdb, 0xa7, 0x0,
    0xff, 0xe0, 0x18, 0x7, 0xf0, 0x80, 0x8c, 0x46,
    0x88, 0x30, 0x10, 0xf, 0xfe, 0x55, 0xff, 0x6e,
    0x5d, 0xa4, 0x3, 0xff, 0xe0, 0x24, 0x50, 0x7,
    0xff, 0x29, 0xc2, 0xbb, 0xfd, 0xdb, 0xa8, 0x0,
    0xff, 0xe6, 0x8, 0x80, 0x48, 0x86, 0x40, 0x1c,
    0xe0, 0x1f, 0xfc, 0x41, 0xb, 0xff, 0x76, 0xeb,
    0x20, 0x3, 0xf0, 0x80, 0x70, 0x80, 0x7c, 0x60,
    0xe0, 0x1f, 0xfc, 0x4, 0x95, 0x10, 0xf, 0xfe,
    0x8, 0x80, 0x7f, 0xf0, 0xda, 0x80, 0x3f, 0xf8,
    0x82, 0x1, 0xf8, 0xc0, 0x31, 0x98, 0x3, 0x8,
    0x7, 0xe1, 0x0, 0xeb, 0x82, 0x1, 0x0, 0xf1,
    0x76, 0x28, 0x7, 0xfc, 0x40, 0x1d, 0x2b, 0xba,
    0xf0, 0xf, 0xe, 0x3d, 0x75, 0x0, 0x7f, 0x38,
    0x0, 0xc0, 0x5, 0xae, 0x48, 0x1, 0xf0, 0xdc,
    0x8a, 0x80, 0x7f, 0x22, 0x88, 0x80, 0x34, 0x6a,
    0x5, 0x80, 0x7c, 0xdc, 0xc2, 0x6e, 0x1, 0x0,

    /* U+529F "功" */
    0x0, 0xff, 0xe4, 0xbc, 0x10, 0x7, 0xff, 0x47,
    0x5f, 0x40, 0x3f, 0xfa, 0x24, 0x1, 0xff, 0xd3,
    0x10, 0x10, 0xf, 0xfe, 0x99, 0x80, 0x7f, 0xf4,
    0x4c, 0x4, 0x3, 0xff, 0xa6, 0xe0, 0x1f, 0xfc,
    0x51, 0x11, 0x24, 0x10, 0x7, 0x84, 0x4, 0x3,
    0xfa, 0x37, 0x31, 0xbd, 0xfe, 0xee, 0x6d, 0xbe,
    0x8, 0x7, 0x30, 0x10, 0x7, 0xf5, 0x11, 0x98,
    0x84, 0x2, 0x12, 0x34, 0x40, 0x7, 0x88, 0x3c,
    0x4, 0x8d, 0x14, 0x80, 0x5, 0xd7, 0x6c, 0xd1,
    0x9, 0xed, 0xcb, 0x7f, 0xde, 0xff, 0x80, 0x11,
    0xfd, 0xb9, 0x75, 0xa2, 0x0, 0x14, 0x41, 0x90,
    0x7, 0xd0, 0x24, 0x20, 0x1e, 0x12, 0x34, 0x30,
    0xf, 0xfe, 0x2a, 0xed, 0x5e, 0x6b, 0x80, 0xff,
    0x6e, 0x5d, 0x0, 0x4, 0x3, 0xff, 0x86, 0x4a,
    0x86, 0x44, 0x5, 0x0, 0xe1, 0x0, 0xff, 0xe5,
    0xb8, 0x18, 0x7, 0xc2, 0x1, 0xff, 0xc8, 0x22,
    0x6, 0x0, 0x77, 0x81, 0x80, 0x7f, 0xf2, 0x10,
    0x0, 0x80, 0x1f, 0x8, 0x7, 0xff, 0x23, 0x41,
    0x40, 0x3c, 0x20, 0xe0, 0x1f, 0xfc, 0x21, 0x78,
    0x0, 0x12, 0x7, 0x80, 0x78, 0x80, 0x80, 0x3f,
    0xf8, 0x3, 0x1d, 0x74, 0x0, 0xa0, 0x15, 0x0,
    0xf3, 0x80, 0x80, 0x7f, 0xbe, 0xb9, 0xa7, 0x8,
    0x0, 0xc1, 0x20, 0x1f, 0x8, 0x70, 0x7, 0xc2,
    0x0, 0x65, 0x7e, 0x60, 0x9, 0xc4, 0x18, 0x3,
    0xe2, 0x2, 0x0, 0xe5, 0xbe, 0x10, 0x6e, 0x80,
    0xc, 0x32, 0x10, 0x20, 0x1e, 0x20, 0x3, 0x81,
    0xc5, 0xfd, 0x20, 0x2e, 0xc8, 0x80, 0x74, 0x9,
    0x38, 0x7, 0xcc, 0x0, 0x20, 0x77, 0x20, 0x1,
    0xb6, 0x88, 0x3, 0xc6, 0xc1, 0xc0, 0x1f, 0x8c,
    0x0, 0x20, 0x90, 0x6f, 0xd2, 0x40, 0x1f, 0xe,
    0x84, 0x18, 0x7, 0xed, 0x3, 0x0, 0x9f, 0x20,
    0x40, 0x3f, 0xa8, 0x51, 0xc0, 0x10, 0x40, 0x1c,
    0xe0, 0xa0, 0x1f, 0xfc, 0x39, 0x43, 0xb0, 0xd,
    0xb4, 0x60, 0x1, 0x20, 0xe0, 0xf, 0xfe, 0x14,
    0x32, 0x60, 0x6, 0x88, 0x2e, 0x61, 0x5c, 0x0,
    0x60, 0x1f, 0xfc, 0x18, 0x76, 0xb0, 0xf, 0x3d,
    0x89, 0xd4, 0x80, 0x14, 0x3, 0xff, 0x81, 0x2f,
    0x52, 0x1, 0xf9, 0x3d, 0x0, 0x24, 0x10, 0xf,
    0xf9, 0x4f, 0x94, 0x3, 0xfc, 0x36, 0xe0, 0x74,
    0x1, 0x0,

    /* U+52A8 "动" */
    0x0, 0xff, 0xe5, 0x6c, 0x88, 0x7, 0xff, 0x40,
    0x5b, 0x40, 0x3f, 0xfa, 0xc, 0x2, 0x1, 0xff,
    0xc6, 0x35, 0x0, 0xff, 0x8, 0x7, 0xe6, 0xbb,
    0xb3, 0x7b, 0xfe, 0xca, 0xc0, 0xf, 0xfe, 0x32,
    0x26, 0x32, 0x10, 0x8, 0x49, 0xc4, 0x3, 0xf3,
    0x80, 0x7e, 0x2d, 0xaa, 0x5e, 0x6f, 0x7f, 0xbb,
    0x6c, 0x40, 0x3c, 0x20, 0x20, 0x1f, 0xc4, 0xaa,
    0x43, 0x21, 0x0, 0xff, 0xe1, 0x18, 0x7, 0xff,
    0x41, 0xc0, 0x40, 0x3f, 0xf9, 0xc2, 0x22, 0x1,
    0x56, 0x78, 0x71, 0x0, 0xff, 0xe2, 0x77, 0xfd,
    0xdc, 0x10, 0x6a, 0x98, 0x78, 0xb0, 0xf, 0x9,
    0x1a, 0x2b, 0x45, 0xb0, 0x40, 0x7, 0xc2, 0x46,
    0x82, 0x6, 0xfd, 0xba, 0xef, 0xed, 0xcb, 0xa9,
    0x74, 0x97, 0x6d, 0xcc, 0x6d, 0x80, 0x3f, 0x72,
    0xc8, 0x5, 0x8c, 0x88, 0x20, 0x18, 0xd1, 0x59,
    0xe5, 0x40, 0x8c, 0xc4, 0x40, 0x11, 0x0, 0x77,
    0x8e, 0x5e, 0x6f, 0x20, 0x3e, 0x5d, 0x4c, 0x31,
    0x0, 0x77, 0x82, 0x80, 0x61, 0x1, 0x1, 0x43,
    0x20, 0x40, 0xa0, 0xf, 0xfe, 0x2, 0x81, 0x80,
    0x63, 0x3, 0x0, 0xe7, 0x2, 0x20, 0x0, 0x40,
    0x3f, 0x8c, 0x34, 0x3, 0xff, 0x81, 0x41, 0x40,
    0xe, 0xe1, 0x0, 0x7c, 0x80, 0x4, 0x0, 0xc2,
    0xc, 0x1, 0x88, 0xc1, 0x80, 0x4, 0x10, 0x1,
    0xf6, 0x1, 0x88, 0x7, 0x84, 0x3, 0x28, 0x20,
    0x80, 0x3c, 0x14, 0x80, 0x3c, 0xa1, 0x60, 0x18,
    0x80, 0x6, 0x1, 0xa4, 0x3c, 0x2, 0x33, 0x4,
    0x80, 0x71, 0x10, 0x14, 0x3, 0x8, 0x0, 0x40,
    0x25, 0x11, 0x20, 0x6, 0xa0, 0x42, 0x0, 0xd6,
    0x6, 0x40, 0x19, 0x80, 0x40, 0x34, 0x84, 0x80,
    0x49, 0x30, 0x0, 0xa0, 0xc, 0xe1, 0x20, 0x1c,
    0x40, 0x40, 0x11, 0x98, 0x15, 0x55, 0xd6, 0xc2,
    0x40, 0xc0, 0x13, 0x8, 0x94, 0x3, 0xb8, 0x18,
    0xd, 0x20, 0x1, 0xb4, 0xa2, 0x73, 0xf2, 0x2,
    0xa0, 0x8, 0xb, 0x0, 0xf2, 0x81, 0x5, 0xd9,
    0x0, 0x22, 0x8d, 0xc6, 0x4, 0x10, 0xf0, 0x61,
    0x35, 0x0, 0xf1, 0x87, 0x4, 0x90, 0xa4, 0x6e,
    0x9c, 0x80, 0x34, 0x94, 0x8c, 0x7, 0x9, 0x80,
    0x62, 0x0, 0x28, 0xe, 0xf5, 0xb9, 0x0, 0x7c,
    0xfa, 0x76, 0x32, 0x47, 0x92, 0x1, 0x20, 0x0,
    0xc0, 0x3f, 0xf8, 0x8a, 0xa6, 0x60, 0x15, 0xb7,
    0x30, 0x78, 0x8, 0x7, 0xff, 0x10, 0xe9, 0x64,
    0x2, 0x4a, 0x19, 0xe6, 0x4, 0x0, 0xff, 0xe1,
    0x8e, 0xb5, 0x0, 0x72, 0xd8, 0x88, 0x1, 0xc0,
    0x1f, 0xfc, 0x39, 0x89, 0x0, 0xf9, 0x3d, 0x45,
    0xd0, 0x0,

    /* U+52A9 "助" */
    0x0, 0xff, 0xe5, 0xab, 0x10, 0x7, 0xff, 0x48,
    0xa7, 0x48, 0x3, 0xff, 0xa2, 0x60, 0x1, 0x0,
    0xff, 0xea, 0x8, 0x7, 0xfa, 0xa8, 0xa8, 0xac,
    0xf1, 0x36, 0xe0, 0x1f, 0xfc, 0xac, 0x5a, 0xba,
    0x98, 0x76, 0x48, 0x40, 0xf, 0xf1, 0x80, 0x7f,
    0x94, 0x0, 0xac, 0xf1, 0x34, 0x0, 0x70, 0xf,
    0x84, 0x0, 0x20, 0x1f, 0xfc, 0x1, 0xa9, 0x87,
    0x65, 0x0, 0xff, 0x18, 0x7, 0xff, 0x30, 0x40,
    0x3e, 0x10, 0x20, 0xf, 0xf8, 0x40, 0x40, 0x3f,
    0xc2, 0x0, 0x11, 0x17, 0x1, 0xb3, 0xc4, 0xd4,
    0x8, 0x7, 0xfc, 0x24, 0x1, 0xb3, 0xfd, 0xdc,
    0xd6, 0x1, 0x98, 0x76, 0x57, 0xb0, 0xf, 0xbb,
    0xfe, 0xed, 0x0, 0xdc, 0x20, 0x1, 0x20, 0x1,
    0x2b, 0x3c, 0x10, 0x10, 0x7, 0xc2, 0x0, 0x11,
    0x10, 0x6, 0x3e, 0xff, 0x76, 0x88, 0x5d, 0x4c,
    0x38, 0x87, 0x0, 0x7d, 0xdf, 0xee, 0xe6, 0x0,
    0x7f, 0x84, 0x14, 0x3, 0x8, 0x7, 0xf0, 0x80,
    0x7f, 0xf0, 0x8c, 0x0, 0x60, 0x18, 0xc0, 0xc0,
    0x3f, 0xf8, 0x66, 0x1, 0xe5, 0x2, 0x0, 0xf9,
    0x80, 0x31, 0x80, 0x7f, 0xf1, 0x70, 0x10, 0x3,
    0x84, 0x4, 0x3, 0xe1, 0x23, 0x45, 0x60, 0xf,
    0xe4, 0xc, 0x0, 0xc2, 0x0, 0x20, 0xf, 0xbb,
    0x72, 0xea, 0x0, 0x3f, 0x10, 0x82, 0x80, 0x62,
    0x0, 0xff, 0x11, 0xa2, 0xb3, 0x0, 0x3f, 0x50,
    0x20, 0x7, 0x38, 0x10, 0x7, 0xed, 0xcb, 0xa9,
    0x80, 0xf, 0xca, 0x1c, 0x1, 0xc4, 0xc, 0x1,
    0xff, 0xc9, 0x52, 0x15, 0x0, 0xee, 0x2, 0x0,
    0xff, 0xe2, 0x8, 0x6, 0x90, 0x90, 0xf, 0x10,
    0x70, 0x7, 0x8, 0x7, 0xf9, 0x63, 0x2c, 0xcc,
    0xc, 0x1, 0xe7, 0x2, 0x0, 0xff, 0xe0, 0x1c,
    0x80, 0x29, 0x2a, 0xfc, 0x24, 0x40, 0x3c, 0x40,
    0xe0, 0x1f, 0x96, 0x33, 0xf1, 0xc5, 0xb3, 0xc,
    0xc3, 0x33, 0x0, 0x78, 0x80, 0x4, 0x0, 0x57,
    0x9c, 0x0, 0x53, 0x98, 0x2d, 0x74, 0x98, 0x14,
    0x7, 0xb, 0x0, 0x72, 0x1, 0x0, 0x51, 0x6,
    0x30, 0x9, 0x6b, 0xe9, 0x40, 0x37, 0xd, 0x90,
    0xef, 0x30, 0x5, 0xe0, 0xc0, 0x17, 0x8, 0x1b,
    0xe7, 0xd2, 0x80, 0x7a, 0xe, 0x50, 0x1, 0x6b,
    0x3a, 0xa0, 0xe0, 0x60, 0x11, 0xf7, 0xe4, 0x18,
    0x7, 0xe7, 0x74, 0x30, 0x6, 0xb6, 0x2a, 0xf1,
    0xc, 0x0, 0xff, 0xe2, 0x2c, 0x53, 0x80, 0x7a,
    0x60, 0x2, 0x14, 0x0, 0xff, 0xe1, 0x8c, 0x62,
    0x80, 0x7e, 0x7c, 0x31, 0xa0, 0x8,

    /* U+5317 "北" */
    0x0, 0xff, 0xe2, 0xcc, 0x90, 0x3, 0xff, 0x95,
    0x70, 0x40, 0x1b, 0x9a, 0xc8, 0x3, 0xff, 0x92,
    0x4f, 0xa0, 0x19, 0x40, 0x2, 0x1, 0xff, 0xc9,
    0xc0, 0xf, 0xff, 0xf8, 0x7, 0xff, 0xe4, 0xc0,
    0x3f, 0xfa, 0x4f, 0x88, 0x1, 0xff, 0xd0, 0x29,
    0x9, 0x0, 0xff, 0xe0, 0x9, 0x80, 0x7f, 0xf0,
    0x53, 0x4, 0x18, 0x3, 0xa6, 0xf3, 0x7b, 0xfd,
    0xd2, 0x1, 0xfc, 0x20, 0x6, 0xb1, 0x8, 0xb0,
    0xe, 0xd4, 0x32, 0x10, 0x8, 0x40, 0x3f, 0xc3,
    0x52, 0x5, 0xae, 0x1, 0xe4, 0xca, 0xbc, 0xef,
    0xf5, 0x80, 0x7f, 0x57, 0xa8, 0x3e, 0x90, 0x7,
    0xe3, 0x54, 0x31, 0x0, 0xff, 0xe0, 0x38, 0xae,
    0xc0, 0x7, 0xff, 0x30, 0x40, 0x5, 0x94, 0x40,
    0x1f, 0xfd, 0xf, 0x30, 0xf, 0xff, 0xf8, 0x7,
    0xff, 0x49, 0x40, 0x3f, 0xc6, 0x1, 0xff, 0xc7,
    0x18, 0x0, 0xf8, 0x9f, 0x24, 0x3, 0xff, 0x8e,
    0xa6, 0x1, 0x92, 0x37, 0x50, 0x60, 0x1f, 0xfc,
    0x83, 0x14, 0xad, 0xfb, 0x72, 0x3, 0xa9, 0x0,
    0xfe, 0x30, 0xf, 0xed, 0x6, 0x52, 0x0, 0x97,
    0x30, 0xa0, 0x1f, 0xfc, 0x84, 0x12, 0xb2, 0x5a,
    0xfa, 0x30, 0xf, 0xfe, 0x49, 0x8, 0x1, 0x36,
    0x94, 0x3, 0xff, 0x86, 0xa0, 0x1f, 0xac, 0x8,
    0x3, 0xff, 0x8a, 0x60, 0xa, 0x97, 0x66, 0x9e,
    0x71, 0x81, 0x40, 0x3f, 0xdc, 0x1, 0xf3, 0x80,
    0xb4, 0x4c, 0xd0, 0xc6, 0x3, 0x60, 0x1f, 0xe1,
    0x0, 0xfa, 0x2d, 0x90, 0xc8, 0xb1, 0xac, 0xf9,
    0x0, 0x7f, 0xa8, 0x88, 0x1, 0xe4, 0x9b, 0xcd,
    0xdd, 0x94, 0xc2, 0x1, 0xff, 0x1e, 0xe8, 0x3,
    0xff, 0x8e,

    /* U+539F "原" */
    0x0, 0xff, 0xed, 0x21, 0x0, 0x7f, 0xc2, 0x46,
    0x8a, 0xcf, 0x13, 0x7d, 0xc3, 0x0, 0xfb, 0x37,
    0x1e, 0x26, 0xaf, 0x37, 0xbf, 0xdd, 0xb9, 0x75,
    0x30, 0xec, 0x82, 0x2d, 0x0, 0xfa, 0xc0, 0xe1,
    0xd9, 0x50, 0xc8, 0x40, 0x21, 0x23, 0x45, 0x67,
    0x89, 0xab, 0xc0, 0xf, 0x84, 0x0, 0x8c, 0xf3,
    0x57, 0x9b, 0xdf, 0x6b, 0xf9, 0x75, 0x30, 0xec,
    0xa8, 0x40, 0x1f, 0xef, 0x98, 0x65, 0x43, 0x21,
    0xc, 0x4d, 0x10, 0xf, 0xfe, 0x3b, 0x80, 0x7f,
    0x30, 0x10, 0x80, 0x7f, 0xf4, 0x18, 0x43, 0x80,
    0x3f, 0xf9, 0x4c, 0xe4, 0x1, 0xc, 0x3, 0xb9,
    0x59, 0xe2, 0x6a, 0x44, 0x3, 0xf8, 0x40, 0x2,
    0x0, 0x8d, 0xef, 0xf7, 0x8, 0x3d, 0xd4, 0xc3,
    0xb2, 0xb5, 0x0, 0x7f, 0xf0, 0xc, 0x10, 0x0,
    0x20, 0x1, 0x23, 0x45, 0x53, 0x3c, 0x48, 0x80,
    0x80, 0x7f, 0x38, 0x0, 0x40, 0x80, 0x17, 0xfe,
    0xed, 0xcb, 0xaa, 0x4c, 0x3b, 0x8, 0x68, 0x7,
    0xf0, 0x80, 0x7c, 0x20, 0x1f, 0xf1, 0x0, 0x8,
    0x3, 0xf8, 0xc0, 0x40, 0x22, 0xe, 0x89, 0xab,
    0xb6, 0x6f, 0x7f, 0xda, 0x0, 0x60, 0xf, 0xee,
    0x2, 0x0, 0x98, 0x11, 0xd9, 0x51, 0x6, 0x42,
    0x2, 0x30, 0x0, 0x80, 0x3f, 0x84, 0x1c, 0x2,
    0x10, 0x39, 0xab, 0xcd, 0xd7, 0x7f, 0xbb, 0x96,
    0x0, 0x10, 0xf, 0xe2, 0x2, 0x0, 0x88, 0x1d,
    0x95, 0xc, 0x88, 0x20, 0x18, 0xc0, 0x80, 0x3f,
    0xcc, 0x1e, 0x1, 0x70, 0x38, 0x7, 0xfd, 0xc0,
    0xc0, 0x1f, 0xe2, 0x2, 0x0, 0xe2, 0x9a, 0xa5,
    0xdb, 0x31, 0xbd, 0xcf, 0x70, 0x43, 0x0, 0xfc,
    0x40, 0x5, 0x0, 0x84, 0x5, 0x95, 0x48, 0x83,
    0x31, 0x8, 0x80, 0x44, 0x4a, 0x1, 0xf9, 0xc0,
    0x84, 0x2, 0x52, 0xa, 0xbc, 0xc8, 0x1, 0x7f,
    0xf7, 0x73, 0x58, 0x3, 0xf6, 0x3, 0x80, 0x62,
    0xea, 0x54, 0x33, 0x10, 0x1, 0xc0, 0x2, 0x80,
    0x1f, 0xf2, 0x86, 0x0, 0x75, 0x51, 0x40, 0x3f,
    0xaa, 0xe8, 0x3, 0xfc, 0x60, 0xe0, 0x1c, 0xe1,
    0x40, 0x1f, 0xc6, 0xb, 0x82, 0x1, 0xf2, 0x81,
    0x88, 0x6, 0x81, 0x8, 0x0, 0xfe, 0x87, 0x3,
    0xc1, 0x0, 0xf7, 0x84, 0x80, 0x63, 0x70, 0x67,
    0x0, 0xff, 0x43, 0x81, 0x60, 0x80, 0x61, 0x51,
    0x50, 0x8, 0x74, 0x16, 0x40, 0x3e, 0x10, 0xd,
    0xe, 0x5, 0x82, 0x1, 0x30, 0x48, 0x6, 0xd1,
    0x5a, 0x30, 0xf, 0xfe, 0xc, 0x28, 0x16, 0x80,
    0x52, 0x4e, 0x1, 0x51, 0xbd, 0x5, 0xf3, 0x0,
    0x7f, 0xf0, 0x28, 0xc0, 0x80, 0xe, 0x3c, 0x1,
    0x4a, 0xd4, 0x0, 0x21, 0xa7, 0x9c, 0x80, 0x3f,
    0xda, 0xfe, 0x3, 0x30, 0x60, 0x1, 0x17, 0x28,
    0x6, 0x89, 0x18, 0xc0, 0x0, 0x80, 0x7c, 0x30,
    0x20, 0xd2, 0xe0, 0x10, 0xc0, 0x80, 0x79, 0xb0,
    0x80, 0x21, 0x0, 0xff, 0x9d, 0xc0, 0x1f, 0xfc,
    0x23, 0xd7, 0x28, 0x20, 0xf, 0xf8,

    /* U+53F0 "台" */
    0x0, 0xff, 0xe0, 0x88, 0x7, 0xff, 0x46, 0x79,
    0x0, 0x3f, 0xf9, 0xe6, 0x36, 0x20, 0x1f, 0xfc,
    0xd3, 0x40, 0x31, 0x0, 0xff, 0xe6, 0xf8, 0x3,
    0x80, 0x3f, 0xf9, 0xac, 0x61, 0x4, 0x1, 0xff,
    0xcc, 0x29, 0x3, 0x70, 0xf, 0xfe, 0x6f, 0x0,
    0x38, 0x3, 0x8a, 0xcc, 0x3, 0xff, 0x8a, 0xc6,
    0x12, 0x40, 0x1d, 0x69, 0x88, 0x1, 0xff, 0xc3,
    0x29, 0x5, 0x60, 0xf, 0x4a, 0x5, 0xa0, 0x7,
    0xff, 0xb, 0xc0, 0xac, 0x3, 0xf5, 0xa8, 0x5a,
    0x0, 0x7f, 0xf0, 0x24, 0x83, 0xc4, 0x3, 0xfa,
    0x90, 0x2d, 0x0, 0x3f, 0xca, 0xc1, 0x44, 0x1,
    0xfc, 0x27, 0xc0, 0xb, 0x40, 0xf, 0xc5, 0x40,
    0xea, 0x4, 0x6a, 0xd1, 0x59, 0xbf, 0xd9, 0x40,
    0x15, 0x98, 0x1, 0x1d, 0x9e, 0x3c, 0x0, 0xdf,
    0xed, 0xca, 0x97, 0x53, 0x20, 0x14, 0x68, 0xa1,
    0xd, 0x20, 0x4, 0x4c, 0x39, 0x0, 0x4, 0x2,
    0x12, 0x47, 0x9b, 0xdf, 0xeb, 0x97, 0x5a, 0x1,
    0xc1, 0x47, 0x22, 0x22, 0xb4, 0x4d, 0xef, 0xf6,
    0xdc, 0x32, 0x10, 0x7, 0x92, 0x0, 0x6c, 0x23,
    0x75, 0x75, 0x2e, 0xc8, 0x40, 0x1f, 0xfc, 0x37,
    0x40, 0xd0, 0xf, 0xfe, 0x7d, 0xe3, 0x80, 0x61,
    0x96, 0x10, 0x8, 0x48, 0xcc, 0x8a, 0xcc, 0x78,
    0x99, 0x53, 0x80, 0x46, 0x1, 0xc2, 0x93, 0xdf,
    0xf7, 0x6e, 0x62, 0xea, 0x65, 0xe, 0xcc, 0x58,
    0xa0, 0xf, 0xe4, 0x0, 0xf8, 0x44, 0x46, 0x64,
    0x55, 0x32, 0x80, 0x8, 0x3, 0xfb, 0x80, 0x1b,
    0xdf, 0xf7, 0x73, 0x73, 0x17, 0x54, 0x9e, 0x0,
    0x60, 0x7, 0xf0, 0x80, 0x8, 0x40, 0x3f, 0xf8,
    0x4, 0x0, 0x60, 0xf, 0xe3, 0x0, 0x8, 0x7,
    0xff, 0x7, 0x80, 0x4, 0x1, 0xfc, 0xc0, 0x3,
    0x0, 0xff, 0xe0, 0x88, 0x10, 0x7, 0xf8, 0x40,
    0x2, 0x1, 0xff, 0xc1, 0x20, 0x60, 0xf, 0xf1,
    0x80, 0x18, 0x3, 0xff, 0x82, 0xc0, 0x60, 0x1f,
    0xe1, 0x0, 0x18, 0x7, 0xff, 0x0, 0x48, 0x38,
    0x3, 0xff, 0x83, 0x76, 0xcc, 0x6e, 0xbb, 0xaf,
    0xfd, 0xc0, 0xb, 0x0, 0xff, 0xe0, 0x92, 0x19,
    0x88, 0x82, 0x30, 0x7, 0xc4, 0xa0, 0x1f, 0xfc,
    0x3, 0xaa, 0x5d, 0xec, 0xcd, 0xbb, 0x77, 0x4a,
    0x1, 0xfe, 0x20, 0x65, 0x52, 0x26, 0x33, 0xc4,
    0x50, 0x8c, 0x1, 0xff, 0x64, 0x70, 0x7, 0xff,
    0x24,

    /* U+5408 "合" */
    0x0, 0xff, 0xe2, 0x3a, 0x80, 0x7f, 0xf5, 0x6a,
    0x98, 0x1, 0xff, 0xd3, 0x22, 0x0, 0x80, 0x7f,
    0xf4, 0xec, 0x1, 0x60, 0x1f, 0xfd, 0x22, 0x60,
    0x5, 0x88, 0x7, 0xff, 0x47, 0x80, 0x44, 0x58,
    0x20, 0x1f, 0xfc, 0xf7, 0x30, 0xbc, 0x2, 0xd0,
    0xf, 0xfe, 0x71, 0xc0, 0x32, 0x95, 0x81, 0xd8,
    0x7, 0xff, 0x30, 0x74, 0xa, 0x40, 0x9, 0x60,
    0x9a, 0x40, 0x1f, 0xfc, 0xad, 0x11, 0x60, 0x6,
    0x4b, 0x2, 0xc3, 0x0, 0xff, 0xe4, 0x51, 0x86,
    0x88, 0x7, 0x26, 0x8, 0xb1, 0x80, 0x3f, 0xf8,
    0xd4, 0xa1, 0x66, 0x1, 0xf1, 0xe1, 0x4, 0xd8,
    0x80, 0x7f, 0xf0, 0xe9, 0x42, 0xd0, 0x3, 0xf8,
    0xb5, 0x41, 0x39, 0x80, 0x3f, 0xf8, 0x36, 0xa3,
    0x88, 0x1, 0xf0, 0x92, 0x42, 0xd4, 0x80, 0x27,
    0x10, 0x3, 0xf8, 0x75, 0xa, 0x62, 0x6a, 0xf3,
    0x7b, 0xfd, 0xdb, 0x6f, 0x4c, 0xcd, 0x30, 0x3b,
    0xc4, 0x0, 0xf1, 0xf9, 0x2e, 0xb2, 0xb2, 0xa1,
    0x90, 0x80, 0x42, 0x46, 0x61, 0x2, 0xc8, 0x0,
    0x1d, 0xe2, 0x0, 0x4d, 0x81, 0x54, 0x1, 0xf9,
    0xab, 0xcd, 0xd7, 0x7f, 0xbb, 0x73, 0xe, 0x1,
    0x3e, 0xa0, 0x0, 0xf0, 0x6, 0xe5, 0x7d, 0x40,
    0x21, 0x65, 0x43, 0x22, 0x8, 0x7, 0xfc, 0x57,
    0x8b, 0x30, 0x58, 0x39, 0x42, 0x1, 0xff, 0xcd,
    0x3a, 0x60, 0x3c, 0xa3, 0x0, 0xff, 0xe9, 0x88,
    0x80, 0x39, 0x25, 0x0, 0x2, 0x22, 0x34, 0x42,
    0xb3, 0xba, 0x26, 0x9c, 0x40, 0x3f, 0xf8, 0x6c,
    0xcb, 0xff, 0x77, 0x37, 0x2e, 0xd5, 0x31, 0x7,
    0x65, 0x8d, 0x0, 0xff, 0xe1, 0x90, 0x80, 0x78,
    0x48, 0x86, 0x8a, 0xa6, 0x71, 0x7, 0x0, 0xff,
    0xe2, 0x10, 0x37, 0x7f, 0xdd, 0xba, 0xcb, 0xaa,
    0x4c, 0x0, 0x30, 0x3, 0xff, 0x88, 0xe0, 0x62,
    0x1, 0xff, 0x8, 0x80, 0xc0, 0x3f, 0xf8, 0x84,
    0x2, 0x1, 0xff, 0xc0, 0x20, 0x2, 0x80, 0x7f,
    0xf1, 0x4, 0x18, 0x3, 0xff, 0x80, 0xc0, 0x1,
    0x0, 0xff, 0xe2, 0x70, 0x18, 0x7, 0xff, 0x3,
    0x40, 0xc0, 0x3f, 0xf8, 0xa6, 0x2, 0x1, 0xfe,
    0x11, 0x18, 0x28, 0x7, 0xff, 0x14, 0x40, 0x1b,
    0xb7, 0x73, 0xff, 0xbb, 0x88, 0xc, 0x40, 0x1f,
    0xfc, 0x47, 0x0, 0x11, 0x42, 0x20, 0xf, 0xf2,
    0x80, 0x7f, 0xf1, 0x18, 0x1, 0x37, 0x99, 0x6e,
    0xdd, 0xdb, 0xfe, 0x70, 0xf, 0xfe, 0x20, 0x80,
    0x9, 0xc, 0xe2, 0x28, 0x47, 0x0, 0x7f, 0xf2,
    0x12, 0x95, 0x40, 0x1f, 0xfc, 0xb0,

    /* U+5427 "吧" */
    0x0, 0xff, 0xe0, 0x32, 0x80, 0x7c, 0x24, 0x68,
    0xac, 0xc2, 0x0, 0xff, 0xe2, 0x75, 0x75, 0xe6,
    0xf7, 0xfb, 0xb7, 0x2e, 0xa6, 0x5a, 0x20, 0x1f,
    0xfc, 0x3c, 0x1, 0x43, 0x21, 0x0, 0x88, 0x86,
    0x82, 0x2, 0x20, 0xf, 0xfe, 0x1b, 0x80, 0x2f,
    0x37, 0x46, 0x13, 0xba, 0xcb, 0x20, 0x50, 0xc,
    0xaa, 0x0, 0xc2, 0x46, 0x20, 0x1c, 0x86, 0x44,
    0x0, 0xf8, 0x40, 0x40, 0x31, 0xd7, 0xf7, 0xfb,
    0xb7, 0x38, 0x80, 0x3f, 0xf8, 0x66, 0x4, 0x1,
    0x90, 0x0, 0x20, 0x1, 0x20, 0x3, 0x0, 0x7f,
    0x8c, 0x3, 0x8, 0x78, 0x6, 0x20, 0x7, 0x7f,
    0xbb, 0x44, 0x1c, 0x3, 0xff, 0x8a, 0x40, 0x1f,
    0x8, 0x6, 0x10, 0x10, 0x70, 0xf, 0x8, 0x7,
    0x8, 0x0, 0x40, 0x3e, 0x10, 0xf, 0x18, 0x7,
    0xf8, 0x40, 0x23, 0x0, 0x30, 0x7, 0xc6, 0x1,
    0x8, 0x0, 0x40, 0x3f, 0xf8, 0x42, 0x0, 0x30,
    0xe, 0x10, 0xe, 0x30, 0xf, 0xfe, 0x2b, 0x0,
    0x4, 0x3, 0x8c, 0x4, 0x2, 0x10, 0x20, 0xe,
    0x22, 0x1a, 0x18, 0x63, 0xba, 0x38, 0x0, 0x40,
    0x1f, 0x38, 0x7, 0x8, 0x7, 0x6e, 0xb2, 0xc4,
    0x1e, 0x20, 0xe8, 0x0, 0xe0, 0xe, 0x10, 0xe,
    0x70, 0x70, 0xe, 0x12, 0x21, 0xa2, 0x15, 0x9d,
    0xd1, 0x32, 0xf0, 0xe, 0x70, 0x10, 0x8, 0x40,
    0x40, 0x3b, 0xb7, 0x59, 0x76, 0xa9, 0x88, 0x3b,
    0x30, 0xc0, 0x3e, 0x22, 0x19, 0xb0, 0x3, 0x8,
    0x7, 0xff, 0x24, 0x42, 0x37, 0x30, 0xc0, 0xa2,
    0x1, 0x8, 0x7, 0xff, 0x24, 0x48, 0xd1, 0xa,
    0xc0, 0x1f, 0xfc, 0xc6, 0x9, 0xdc, 0xbb, 0x54,
    0x88, 0x7, 0xff, 0x21, 0x98, 0xc, 0x1e, 0x1,
    0xff, 0xcf, 0xdf, 0xa, 0x9a, 0x0, 0xff, 0xe7,
    0xa8, 0x4, 0xc4, 0x1, 0xff, 0xce, 0x11, 0x0,
    0x7f, 0xf0, 0x4c, 0x3, 0xff, 0x8a, 0xe0, 0x20,
    0x1f, 0xfd, 0x2c, 0x0, 0xff, 0xe1, 0x18, 0x8,
    0x80, 0x3f, 0xf8, 0x28, 0xa1, 0xc0, 0x1f, 0xfc,
    0x4, 0x0, 0x75, 0xcc, 0x3b, 0x34, 0xee, 0x89,
    0xbe, 0xb0, 0x2, 0x0, 0x7f, 0xf0, 0x5, 0xc0,
    0x8, 0xcf, 0x13, 0x34, 0x41, 0xd9, 0x4, 0x0,
    0xc4, 0x1, 0xff, 0xc1, 0x8b, 0x75, 0x43, 0x22,
    0xf1, 0xa2, 0xb4, 0x64, 0x80,

    /* U+542C "听" */
    0x0, 0xff, 0xe6, 0xc4, 0x0, 0x3f, 0xfa, 0x4e,
    0xf8, 0x3, 0xff, 0x9e, 0x59, 0x0, 0xd, 0x0,
    0xff, 0xe6, 0x95, 0x69, 0x82, 0x5d, 0x0, 0x7f,
    0xf1, 0x84, 0x80, 0x24, 0xbd, 0x50, 0x6d, 0xb4,
    0x0, 0xf1, 0x0, 0x7f, 0xf0, 0x1b, 0x72, 0x36,
    0xd0, 0xe7, 0xe4, 0x80, 0x3f, 0x77, 0xd5, 0x2f,
    0x37, 0xbf, 0x4, 0x0, 0x80, 0x6e, 0xf, 0xb8,
    0xc0, 0x1f, 0xf5, 0x2, 0xa9, 0xc, 0x84, 0xd,
    0x40, 0x4, 0x0, 0x6d, 0x82, 0x0, 0xff, 0xe0,
    0x98, 0x15, 0x52, 0xf3, 0x40, 0xa, 0x0, 0x10,
    0x0, 0x80, 0x7f, 0xf1, 0x4, 0x5, 0x54, 0x86,
    0x60, 0x0, 0x80, 0x7f, 0xf2, 0x9c, 0x4, 0x3,
    0x18, 0x8, 0x7, 0xff, 0x2c, 0x40, 0xc0, 0x30,
    0x81, 0x80, 0x7b, 0xc0, 0x3c, 0x24, 0x68, 0xad,
    0x34, 0x40, 0x1f, 0x9c, 0x4, 0x3, 0xd5, 0x9b,
    0xdf, 0xf7, 0x6e, 0x5d, 0x4b, 0x2e, 0x9, 0x80,
    0x80, 0x61, 0x7, 0x0, 0x84, 0x0, 0x46, 0x42,
    0x1, 0xc6, 0x88, 0x56, 0x78, 0x10, 0xf, 0x8c,
    0x8, 0x2, 0x30, 0x3, 0xe6, 0xf7, 0xfa, 0x40,
    0x19, 0x76, 0xa9, 0x86, 0x1, 0x0, 0xf0, 0x80,
    0x80, 0x4c, 0x0, 0xb3, 0x21, 0x0, 0xff, 0xe2,
    0x8, 0x5, 0xe1, 0xe0, 0x10, 0x80, 0x8, 0x3,
    0xff, 0x8f, 0xfd, 0xfe, 0x70, 0xb0, 0xb, 0x40,
    0x2, 0x1, 0xff, 0xc5, 0x10, 0x11, 0x0, 0x62,
    0x20, 0x0, 0xc1, 0x0, 0x3f, 0xf8, 0xc2, 0x15,
    0xdc, 0xff, 0xb8, 0x80, 0x8, 0x18, 0x1, 0xff,
    0xc8, 0x61, 0x10, 0x7, 0x90, 0x0, 0x80, 0x1f,
    0xfc, 0x6a, 0x31, 0x0, 0xfd, 0xa0, 0x46, 0x1,
    0xff, 0xc6, 0x5c, 0x20, 0xf, 0xcc, 0x16, 0x1,
    0xf0, 0x80, 0x80, 0x7f, 0xf1, 0xd8, 0x5, 0x80,
    0x3f, 0xfa, 0x30, 0x10, 0x1, 0xff, 0xd1, 0x71,
    0x46, 0x0, 0xff, 0xe8, 0xc, 0xd, 0x0, 0x7f,
    0xf4, 0x6c, 0x34, 0x40, 0x3f, 0xfa, 0xa, 0xaa,
    0x30, 0xf, 0xfe, 0x81, 0x5d, 0x28, 0x7, 0xfd,
    0xc0, 0x1f, 0xfc, 0x56, 0xa5, 0x0, 0xff, 0xe0,
    0x18, 0x7, 0xff, 0x15, 0x10, 0x1, 0xff, 0xc1,
    0x92, 0x20, 0x7, 0xe0,

    /* U+548C "和" */
    0x0, 0xff, 0xe1, 0x10, 0x7, 0xff, 0x4c, 0xb6,
    0x40, 0x3f, 0xfa, 0x2f, 0xa0, 0xc4, 0x1, 0xff,
    0xce, 0x5e, 0x80, 0x1, 0x0, 0x7f, 0xf3, 0x53,
    0x68, 0x40, 0xab, 0x48, 0x3, 0xff, 0x94, 0xb9,
    0x64, 0x9, 0x7a, 0xa0, 0x1f, 0xfc, 0xa6, 0xda,
    0x33, 0x0, 0x3d, 0x0, 0x3f, 0xf9, 0x4f, 0xd2,
    0xd3, 0xd8, 0x20, 0x1f, 0xfc, 0xd2, 0xaf, 0xb6,
    0x10, 0xf, 0xf8, 0x40, 0x3f, 0xf8, 0x6a, 0x80,
    0x1f, 0xfc, 0x24, 0xec, 0x88, 0x4d, 0x52, 0xf3,
    0x7b, 0x8e, 0x1, 0xff, 0xc7, 0x42, 0x37, 0x73,
    0x2a, 0x90, 0xc8, 0x45, 0x0, 0x1f, 0x9, 0x18,
    0x87, 0x4d, 0xe7, 0xf9, 0x1, 0xc0, 0x99, 0x8f,
    0x13, 0x2a, 0x40, 0x20, 0x3, 0x76, 0xf7, 0xf6,
    0xe0, 0x1, 0x59, 0xc, 0x1, 0x20, 0x12, 0x4c,
    0xa1, 0xd9, 0x8a, 0x20, 0x20, 0x6, 0x22, 0x8,
    0x9, 0x0, 0x4b, 0x35, 0x7b, 0xda, 0x6, 0x6,
    0x1, 0xf0, 0x83, 0x0, 0x59, 0xdc, 0xfe, 0xe0,
    0x5, 0xcc, 0xa8, 0x42, 0x1, 0xff, 0xc0, 0x70,
    0x30, 0xc, 0x22, 0x0, 0x48, 0x5, 0x2c, 0x1,
    0xe1, 0x0, 0xfe, 0x10, 0x10, 0xf, 0x89, 0x40,
    0x40, 0xa6, 0x40, 0x1f, 0x8, 0x7, 0xf7, 0x0,
    0x7d, 0x20, 0x86, 0xc, 0xd, 0x60, 0x1f, 0xfc,
    0x23, 0x3, 0x0, 0xf2, 0x20, 0x20, 0xc3, 0x68,
    0x12, 0xc0, 0x2f, 0x7, 0x0, 0xf8, 0x40, 0x40,
    0x3d, 0x20, 0xc6, 0x1, 0x2c, 0x2, 0x58, 0x7,
    0xff, 0x9, 0x80, 0x3a, 0x8, 0x60, 0x3, 0x9d,
    0x81, 0x20, 0x4, 0x3, 0xf0, 0x80, 0xc, 0x3,
    0x13, 0x85, 0x8, 0x8, 0x6, 0x94, 0x5, 0x0,
    0x84, 0x3, 0xc6, 0x0, 0x10, 0xd, 0xc1, 0x8,
    0x1, 0xfa, 0xdf, 0x0, 0x22, 0xbc, 0xc6, 0xeb,
    0xb0, 0x0, 0x80, 0x13, 0x9a, 0xb8, 0x7, 0xfa,
    0x4, 0x3, 0x21, 0x98, 0x88, 0x22, 0x0, 0x50,
    0x0, 0xe0, 0xe8, 0x3, 0xff, 0x8b, 0x35, 0x4b,
    0xb6, 0x6e, 0xbb, 0x80, 0xe, 0x3d, 0x0, 0xff,
    0xe1, 0x90, 0x1, 0x95, 0x48, 0x83, 0x22, 0x8,
    0x2, 0x7, 0x44, 0x3, 0xff, 0x86, 0x99, 0x20,
    0x1f, 0xf6, 0x60, 0x40, 0x3f, 0xf8, 0xa6, 0xc0,
    0x1f, 0xf2, 0x0, 0x7f, 0xff, 0x44, 0x3, 0xff,
    0xa8, 0x60, 0x1f, 0xfd, 0x42, 0x81, 0x60, 0xf,
    0xfe, 0x48,

    /* U+56FD "国" */
    0x0, 0xff, 0xe3, 0x9, 0x1a, 0x2b, 0x3b, 0x88,
    0x1b, 0x61, 0x10, 0xac, 0xf1, 0x35, 0x79, 0xbd,
    0xff, 0x76, 0xe5, 0xd4, 0xc4, 0x34, 0x50, 0x9e,
    0xed, 0x53, 0xe, 0xca, 0x86, 0x42, 0x1, 0xc2,
    0x44, 0x32, 0x0, 0x9, 0x8, 0x12, 0x2b, 0x31,
    0xe2, 0x6a, 0x97, 0x9b, 0xdc, 0xff, 0x76, 0xeb,
    0x2c, 0x3, 0xd7, 0x6a, 0x99, 0x43, 0xb2, 0xa9,
    0xc, 0x84, 0x40, 0x1f, 0xfe, 0x61, 0x22, 0x1a,
    0x2c, 0x5a, 0x0, 0x7f, 0xf0, 0x7b, 0x75, 0xdf,
    0xee, 0xdd, 0x65, 0xd3, 0xa5, 0x88, 0x7, 0xff,
    0x2, 0xcc, 0x80, 0x8c, 0x80, 0x59, 0xe2, 0x13,
    0x62, 0x1, 0xff, 0xc0, 0x5e, 0xfe, 0xdc, 0xb0,
    0x59, 0x87, 0x73, 0x20, 0x7, 0xff, 0x8c, 0x40,
    0x3f, 0xfa, 0xa2, 0x1, 0xff, 0xc4, 0x9b, 0xaa,
    0x5c, 0x82, 0x6f, 0x7f, 0x48, 0x7, 0x84, 0x3,
    0xf6, 0xa2, 0xa9, 0x4, 0x0, 0x67, 0xc0, 0x1f,
    0xfc, 0x34, 0xed, 0xd7, 0x40, 0x27, 0x6e, 0x62,
    0x80, 0x30, 0x80, 0x7f, 0xc2, 0x44, 0x10, 0xd,
    0x9a, 0x20, 0x1f, 0xfc, 0x1, 0x0, 0xff, 0xe0,
    0x59, 0x60, 0x80, 0x7f, 0x18, 0x7, 0xff, 0x0,
    0x41, 0xdc, 0x58, 0x1, 0xff, 0xcd, 0x85, 0x22,
    0x0, 0x7f, 0xf1, 0xfc, 0x4, 0x88, 0x7d, 0x15,
    0x22, 0x1, 0xfc, 0xfd, 0xba, 0xef, 0xf9, 0xc1,
    0x37, 0x59, 0x70, 0xed, 0x40, 0x1f, 0xce, 0x45,
    0x0, 0x91, 0xd, 0x10, 0xaa, 0x67, 0x74, 0x44,
    0x1, 0xfe, 0xcf, 0xf7, 0x73, 0x75, 0x97, 0x6a,
    0xa4, 0xc4, 0x1d, 0xc6, 0x1, 0x18, 0x7, 0xff,
    0x88, 0x44, 0x44, 0x33, 0x26, 0x81, 0x80, 0x6a,
    0xbb, 0x66, 0x37, 0x6e, 0xe7, 0xfe, 0xee, 0x6e,
    0xb3, 0x16, 0xa0, 0x32, 0x6, 0x4, 0x88, 0x33,
    0x11, 0x42, 0x20, 0xf, 0xf8, 0x46, 0x20, 0x10,
    0x49, 0x95, 0x52, 0xee, 0xcc, 0xb7, 0x5d, 0xd7,
    0xff, 0x77, 0x56, 0x20, 0xc, 0x66, 0x2a, 0x91,
    0x23, 0x38, 0x88, 0x23, 0x0, 0x7f, 0xc, 0x89,
    0x0, 0x7f, 0xf3, 0x0,

    /* U+571F "土" */
    0x0, 0xff, 0xe1, 0xa, 0x88, 0x7, 0xff, 0x4c,
    0x6b, 0xa0, 0x3, 0xff, 0xa6, 0xa0, 0xc0, 0x1f,
    0xfd, 0x33, 0x0, 0xff, 0xff, 0x80, 0x7f, 0xff,
    0xc0, 0x3f, 0xff, 0xe0, 0x1f, 0xff, 0xf0, 0xe,
    0x30, 0x1, 0xa2, 0xa9, 0x9e, 0x2a, 0xc8, 0x3,
    0xfe, 0x7c, 0xbc, 0xc6, 0xf7, 0xfc, 0xa0, 0x39,
    0x75, 0x49, 0x87, 0x54, 0xd1, 0x0, 0xff, 0x31,
    0x21, 0x98, 0x84, 0x3, 0xc4, 0x68, 0x85, 0x67,
    0x88, 0x50, 0x80, 0x7f, 0x87, 0xea, 0x97, 0x9b,
    0xae, 0xf5, 0x1, 0xdc, 0xbb, 0x54, 0xc3, 0xb9,
    0x40, 0x3f, 0xf8, 0x2, 0xaa, 0x43, 0x22, 0x8,
    0x7, 0xff, 0xec, 0xc0, 0x3f, 0xff, 0xe0, 0x1f,
    0xff, 0xf0, 0xf, 0xff, 0xf8, 0x7, 0xff, 0x38,
    0x40, 0x3f, 0xe1, 0x11, 0x19, 0x91, 0x80, 0xd9,
    0x8f, 0x10, 0x99, 0x55, 0xdb, 0x37, 0xf9, 0x41,
    0x3f, 0x75, 0xdc, 0xff, 0xbb, 0x9b, 0x98, 0xb3,
    0x1, 0x99, 0x43, 0xb9, 0x98, 0xa8, 0x83, 0x20,
    0x5, 0x12, 0x11, 0x42, 0x20, 0xf, 0xf0, 0x88,
    0x88, 0x68, 0x85, 0x53, 0x3b, 0xa2, 0x13, 0x56,
    0x41, 0x93, 0x35, 0x52, 0xf3, 0x1b, 0xae, 0xff,
    0xbb, 0x9b, 0xac, 0xbb, 0x55, 0x26, 0x20, 0xee,
    0x65, 0x40,

    /* U+5728 "在" */
    0x0, 0xff, 0xe1, 0xa1, 0x0, 0x7f, 0xf5, 0x3b,
    0x60, 0x3, 0xff, 0xa6, 0xc0, 0xa0, 0x1f, 0xfd,
    0x21, 0x30, 0x50, 0xf, 0xfe, 0x93, 0x80, 0x28,
    0x3, 0xff, 0xa5, 0x40, 0x84, 0x1, 0xff, 0xd1,
    0x33, 0x7, 0x80, 0x7f, 0x9, 0x23, 0x0, 0x7f,
    0xf0, 0x84, 0x8e, 0x0, 0x7, 0x13, 0x57, 0x9b,
    0xdf, 0xee, 0xdb, 0x9e, 0x20, 0xe, 0x6e, 0xdd,
    0x77, 0xfb, 0xb7, 0x10, 0x1, 0xe, 0xca, 0x86,
    0x42, 0x1, 0x84, 0x88, 0xc0, 0x1c, 0xc6, 0x44,
    0x10, 0x8, 0x40, 0x2, 0x8a, 0xcf, 0x13, 0x57,
    0x9b, 0xdf, 0xee, 0xdc, 0x40, 0xf, 0x6e, 0x63,
    0x7b, 0xfd, 0xa0, 0xd, 0xba, 0x98, 0xec, 0x64,
    0x32, 0x10, 0xf, 0xfe, 0x9, 0x98, 0x84, 0x1,
    0xe0, 0xa6, 0x1, 0xbd, 0x74, 0x3, 0xff, 0x94,
    0xe6, 0x36, 0x1, 0xc6, 0x2, 0x1, 0xff, 0xc7,
    0x9d, 0x98, 0x8, 0x10, 0xf, 0xfe, 0x7e, 0x93,
    0x2, 0xb0, 0x7, 0xe1, 0x0, 0xff, 0xe3, 0xb0,
    0x0, 0x6c, 0x3, 0xff, 0xa2, 0xc0, 0xa, 0x10,
    0xf, 0xfe, 0x80, 0xd0, 0x1, 0x0, 0x3f, 0xc2,
    0x6a, 0xcf, 0x14, 0xe0, 0x1f, 0xf6, 0x88, 0x6,
    0x9b, 0xab, 0xce, 0xfa, 0x0, 0x65, 0x4c, 0x3a,
    0xc4, 0x0, 0x3f, 0xa4, 0xc8, 0x3, 0x5a, 0x2a,
    0x18, 0x80, 0x61, 0x23, 0x45, 0x67, 0xb0, 0xf,
    0xce, 0xc9, 0x20, 0x18, 0xb6, 0xaf, 0x37, 0x52,
    0x5, 0xdb, 0x97, 0x53, 0x6, 0x1, 0xf3, 0x42,
    0x5b, 0x80, 0x71, 0x2a, 0x19, 0x10, 0xc0, 0x3f,
    0xf8, 0x8b, 0x2d, 0x60, 0xe0, 0x1f, 0xf1, 0x80,
    0x7f, 0xf0, 0xda, 0xa9, 0x20, 0x18, 0x40, 0x3f,
    0xf9, 0x8f, 0xba, 0x50, 0xf, 0xfe, 0x93, 0x59,
    0x0, 0x7f, 0xf4, 0xc4, 0x3, 0xff, 0xb8, 0x20,
    0x1f, 0xfc, 0x31, 0x23, 0x32, 0x2b, 0x3c, 0x90,
    0x7, 0xfd, 0x55, 0xaf, 0x31, 0xbd, 0x20, 0x5f,
    0xdb, 0x98, 0xba, 0x98, 0x6c, 0x10, 0xf, 0xf7,
    0xaa, 0xc8, 0x66, 0x21, 0x0, 0xf8, 0x48, 0x86,
    0x64, 0x41, 0x80, 0x7c, 0x60, 0x5, 0xc9, 0x95,
    0x52, 0xed, 0x9b, 0xae, 0xff, 0xdd, 0xba, 0xcc,
    0x5d, 0x10, 0x7, 0xc2, 0x1, 0x1b, 0x31, 0x54,
    0x88, 0x32, 0x20, 0x80, 0x7f, 0xf1, 0xd4, 0xd4,
    0x3, 0xff, 0x98,

    /* U+58F0 "声" */
    0x0, 0xff, 0xe1, 0xb3, 0x4, 0x3, 0xff, 0xa0,
    0x33, 0xe2, 0x1, 0xff, 0xcf, 0x50, 0x12, 0x0,
    0xff, 0xee, 0x88, 0x7, 0xff, 0x8, 0x49, 0xc0,
    0x8, 0xac, 0xf1, 0x35, 0x79, 0xbf, 0xca, 0x1,
    0x4c, 0x4d, 0x5e, 0x6f, 0x7f, 0xbb, 0x68, 0x1,
    0x15, 0x30, 0xec, 0xa8, 0x64, 0x3, 0xc0, 0x10,
    0xbb, 0x2a, 0x19, 0x8, 0x9, 0x19, 0x80, 0xc,
    0xf1, 0x35, 0x79, 0xbd, 0xfe, 0xeb, 0x0, 0xa2,
    0xee, 0xcd, 0xef, 0xf7, 0x6e, 0x70, 0x2, 0xe1,
    0xd9, 0x50, 0xc8, 0x40, 0x3f, 0x22, 0x46, 0x42,
    0x1, 0xff, 0xd6, 0x12, 0x70, 0x2, 0xbc, 0x4d,
    0x5f, 0x50, 0x7, 0xfc, 0x3d, 0xbd, 0xff, 0x76,
    0xd0, 0x2, 0x20, 0xec, 0xa8, 0x2a, 0xe0, 0x1f,
    0xe1, 0x62, 0x10, 0x12, 0x34, 0x56, 0x63, 0xc4,
    0xd5, 0xe6, 0xf3, 0x80, 0x7f, 0xd1, 0xff, 0x76,
    0xe5, 0xd4, 0xca, 0x1d, 0x95, 0xc, 0x84, 0x3,
    0xfe, 0x42, 0x0, 0xff, 0xe1, 0x9, 0x1a, 0x20,
    0x3, 0xfd, 0xba, 0xb6, 0x78, 0x9a, 0xbb, 0x66,
    0xf7, 0xfd, 0xdb, 0x97, 0x6e, 0x10, 0xf, 0xde,
    0x9, 0x30, 0xec, 0xa8, 0x83, 0x21, 0x0, 0x84,
    0x8c, 0x80, 0x40, 0x3f, 0x8c, 0x0, 0xcf, 0x13,
    0x2a, 0x90, 0x6, 0x77, 0xfb, 0xb7, 0x14, 0x8,
    0x40, 0x3f, 0x8, 0x2, 0x61, 0xd9, 0x8a, 0xa0,
    0x1, 0x8, 0x7, 0x10, 0x38, 0x7, 0xf0, 0x80,
    0x7f, 0xf1, 0x98, 0x34, 0x3, 0xfe, 0x10, 0xf,
    0xe1, 0x0, 0xc2, 0x46, 0x4, 0x1, 0xfc, 0x40,
    0x6, 0x78, 0x99, 0x57, 0x80, 0x37, 0xbf, 0xee,
    0xd0, 0x4, 0x0, 0x7f, 0x70, 0xc, 0xc3, 0xb3,
    0x14, 0xc0, 0x4, 0x20, 0x1, 0x11, 0x19, 0x9c,
    0x80, 0x3f, 0x20, 0x24, 0x4c, 0xaa, 0xed, 0x9b,
    0xae, 0xff, 0xbb, 0x9b, 0x98, 0xa2, 0x0, 0xf8,
    0x48, 0x21, 0xd9, 0x8a, 0x88, 0x32, 0x20, 0x80,
    0x7f, 0xf1, 0x5c, 0x0, 0x60, 0x1f, 0xfc, 0xfa,
    0x6, 0x0, 0xff, 0xe7, 0xa1, 0x85, 0x0, 0x7f,
    0xf3, 0xe0, 0x14, 0xc0, 0x3f, 0xf9, 0xcc, 0x63,
    0x60, 0x1f, 0xfc, 0xe3, 0x90, 0xd1, 0x0, 0xff,
    0xe6, 0x8e, 0x85, 0x98, 0x7, 0xff, 0x34, 0x70,
    0x31, 0x0, 0x3f, 0xf9, 0xd6, 0x9e, 0x60, 0x1f,
    0xfc, 0xf0,

    /* U+597D "好" */
    0x0, 0xf8, 0x80, 0x3f, 0xfa, 0xdb, 0xc8, 0x1,
    0xff, 0xc1, 0x12, 0x34, 0x55, 0x10, 0x7, 0xff,
    0x0, 0x87, 0x80, 0x3d, 0x59, 0x8d, 0xef, 0xf7,
    0x6e, 0x5d, 0x53, 0x48, 0x3, 0xfe, 0x30, 0x20,
    0xf, 0x71, 0x98, 0x84, 0x0, 0x24, 0x68, 0x0,
    0x23, 0x0, 0xff, 0x84, 0x34, 0x3, 0xc9, 0xd9,
    0xbd, 0xfe, 0xed, 0xcd, 0x0, 0x70, 0x80, 0x7f,
    0x84, 0x0, 0xc0, 0x1f, 0x9, 0x90, 0x80, 0x62,
    0x90, 0x83, 0x0, 0xff, 0x88, 0x0, 0x60, 0x1f,
    0xfc, 0x3f, 0x4, 0x70, 0xf, 0xfe, 0x2, 0x81,
    0x80, 0x1e, 0xd0, 0x3, 0xfd, 0x64, 0x4a, 0x0,
    0xff, 0xe0, 0xf0, 0x28, 0x0, 0x52, 0xc0, 0x3e,
    0xbf, 0xb4, 0x1f, 0x10, 0xf, 0xfe, 0xa, 0x7,
    0x80, 0xc, 0x0, 0x26, 0x1, 0xf2, 0x6, 0x90,
    0x7, 0xff, 0x4, 0x4c, 0x5, 0xa2, 0x40, 0x1d,
    0xe6, 0x1, 0xa0, 0x1, 0x26, 0x1, 0xfd, 0x1b,
    0xae, 0xfe, 0x0, 0x44, 0xb9, 0x82, 0x76, 0x18,
    0x6, 0x32, 0x1, 0x0, 0xff, 0x51, 0x10, 0x40,
    0x22, 0x9c, 0xf5, 0xc, 0x10, 0xf, 0x94, 0x30,
    0x3, 0xfc, 0x5b, 0x59, 0xea, 0x16, 0xc6, 0xe,
    0x6, 0x1, 0xc2, 0x44, 0xf0, 0x56, 0x78, 0x99,
    0x56, 0x7e, 0x90, 0x12, 0x98, 0x38, 0x20, 0x4,
    0x40, 0xdf, 0xdc, 0xff, 0x76, 0xea, 0x0, 0x66,
    0x1d, 0x98, 0xa6, 0x5, 0x20, 0x18, 0x48, 0xa0,
    0x1, 0x81, 0x12, 0x44, 0x40, 0x10, 0x91, 0x80,
    0x11, 0x9e, 0x26, 0xaf, 0x36, 0xc0, 0x33, 0x82,
    0x0, 0x48, 0x8, 0xd, 0xdd, 0x7f, 0xbb, 0x70,
    0xc3, 0x66, 0x1d, 0x95, 0xc, 0x80, 0x3b, 0x3,
    0x0, 0x2b, 0xd, 0x0, 0x8, 0xc0, 0x1c, 0xc1,
    0xc0, 0x1f, 0xfc, 0x38, 0x10, 0x23, 0x14, 0x0,
    0xff, 0x18, 0x10, 0x7, 0xff, 0x6, 0x98, 0xbc,
    0xa8, 0x1c, 0x3, 0xfe, 0x10, 0x60, 0xf, 0xfe,
    0x14, 0xc0, 0xeb, 0x5, 0x80, 0x7f, 0xde, 0x1,
    0xff, 0xc5, 0x78, 0x1, 0x42, 0x0, 0xff, 0xe0,
    0x88, 0x7, 0xff, 0x11, 0x80, 0x8, 0x80, 0xf,
    0xf8, 0x40, 0xc0, 0x3f, 0xf8, 0x96, 0x6, 0x16,
    0x80, 0x1f, 0xfd, 0x5, 0x52, 0x63, 0x5, 0x98,
    0x7, 0xfc, 0x60, 0x1f, 0xfc, 0x22, 0xa1, 0xa0,
    0x94, 0xd, 0x20, 0xf, 0xc2, 0x1, 0xff, 0xc3,
    0x1f, 0xd, 0x10, 0x5, 0x90, 0xa0, 0x2, 0x24,
    0x80, 0x2f, 0x0, 0xff, 0xe1, 0xe9, 0x51, 0x80,
    0x6f, 0x86, 0x0, 0x4a, 0x6d, 0xa8, 0x10, 0x8,
    0x7, 0xff, 0x2, 0xce, 0xd4, 0x3, 0x89, 0xc0,
    0x21, 0xc4, 0x45, 0x7a, 0x82, 0x80, 0x7f, 0x87,
    0x1b, 0x50, 0x3, 0xff, 0x80, 0x37, 0x22, 0x1,
    0x78, 0x7, 0xfa, 0xd3, 0x48, 0x3, 0xff, 0x86,
    0xde, 0xe2, 0x6c, 0x1, 0xfc,

    /* U+59CB "始" */
    0x0, 0xff, 0xe5, 0x18, 0x7, 0xff, 0x15, 0x2d,
    0x80, 0x3f, 0xf8, 0x3d, 0xc5, 0x0, 0xff, 0xe1,
    0xba, 0x4a, 0x80, 0x7f, 0xf0, 0xc, 0x64, 0x3,
    0xff, 0x8c, 0x20, 0x1f, 0xf1, 0x8, 0x58, 0x7,
    0xff, 0xd, 0xc0, 0xa, 0x1, 0xff, 0x50, 0x1,
    0xc0, 0x3f, 0xf8, 0x64, 0x0, 0x10, 0xf, 0xf9,
    0x81, 0xc0, 0x3f, 0xf8, 0x9c, 0x6, 0x1, 0xff,
    0x30, 0x84, 0x80, 0x7f, 0xf1, 0xc, 0x14, 0x3,
    0xfe, 0xb0, 0x61, 0x1, 0x93, 0x0, 0xff, 0xe0,
    0x28, 0x78, 0x2, 0x5c, 0x40, 0x39, 0x88, 0x20,
    0x0, 0x8d, 0x84, 0x1, 0xfe, 0x11, 0x2, 0x80,
    0xa, 0x30, 0x3, 0xac, 0x18, 0x40, 0xa, 0x81,
    0xe0, 0x1f, 0xe4, 0x0, 0x18, 0x0, 0x40, 0xd5,
    0xd4, 0x18, 0x82, 0x0, 0x35, 0x9, 0x50, 0x7,
    0xf6, 0x0, 0xbc, 0xe2, 0x80, 0xcf, 0xa0, 0x58,
    0x40, 0x80, 0x61, 0xa0, 0x56, 0x0, 0xa7, 0x75,
    0xfe, 0x60, 0x18, 0x67, 0x0, 0x36, 0x40, 0xb1,
    0xb, 0x80, 0x42, 0x6d, 0x80, 0x9, 0x10, 0x5,
    0x91, 0x0, 0x33, 0xe7, 0xd8, 0x3, 0xc8, 0xa8,
    0x5, 0x9b, 0xdf, 0xec, 0x97, 0x0, 0xa8, 0x0,
    0x5b, 0x5b, 0x80, 0x8, 0x30, 0x30, 0x1, 0x4e,
    0xe8, 0x41, 0x19, 0x8, 0x5, 0x1a, 0x71, 0xc1,
    0x14, 0x0, 0x4a, 0x48, 0x6, 0x1, 0x28, 0x1,
    0x24, 0x80, 0x49, 0x5e, 0x73, 0xb9, 0x72, 0xc7,
    0x2, 0x16, 0x1, 0xd8, 0x8, 0x1, 0x60, 0x18,
    0x16, 0xff, 0x6d, 0x43, 0x18, 0x80, 0x7a, 0xc0,
    0x80, 0x39, 0x3, 0x0, 0x24, 0x4, 0x0, 0xff,
    0xe2, 0xad, 0xe0, 0x6, 0x30, 0x2, 0x80, 0x10,
    0x42, 0xc0, 0x23, 0x30, 0x7, 0xe1, 0x23, 0x30,
    0x20, 0x7, 0x10, 0x86, 0x8, 0x68, 0x11, 0x80,
    0x55, 0x9d, 0x79, 0xbd, 0xff, 0x76, 0xe6, 0x2c,
    0x3, 0xc3, 0xe6, 0x5e, 0x6c, 0x16, 0x1, 0xb4,
    0x5, 0xc, 0x84, 0x2, 0x11, 0x0, 0x14, 0x3,
    0xe1, 0xc4, 0x1c, 0x1, 0x60, 0xc, 0xc0, 0xa,
    0xcd, 0xee, 0x7f, 0xbb, 0x86, 0x8, 0x1, 0xfd,
    0x66, 0x0, 0x60, 0xe, 0x30, 0x3, 0x99, 0x8,
    0x80, 0x31, 0x1, 0x0, 0x7f, 0xf0, 0x5d, 0x0,
    0x30, 0x80, 0x4, 0x3, 0xf0, 0x86, 0x80, 0x7f,
    0x39, 0x82, 0x5, 0xa0, 0x7, 0x98, 0x3, 0xe1,
    0x0, 0x30, 0x7, 0xe3, 0x80, 0xab, 0x40, 0xb4,
    0x0, 0x84, 0xc, 0x3, 0xe2, 0x0, 0x10, 0x7,
    0xc3, 0xa1, 0xa, 0x14, 0x41, 0x66, 0x0, 0x30,
    0x10, 0xf, 0x98, 0x0, 0x20, 0x1e, 0x1c, 0x17,
    0x70, 0x0, 0x7c, 0x43, 0xc0, 0xc, 0x1e, 0x1,
    0x84, 0x44, 0x40, 0x20, 0xf, 0xe, 0x94, 0xc0,
    0x6, 0x2a, 0x9, 0x0, 0x8, 0x3f, 0xfe, 0xee,
    0x6c, 0x1, 0x18, 0x6, 0x2c, 0x1c, 0x60, 0xf,
    0x27, 0xa8, 0x7, 0xfc, 0x23, 0x15, 0x80, 0x45,
    0x95, 0xa6, 0x1, 0xff, 0xc0, 0x10, 0x4e, 0xff,
    0xee, 0xeb, 0x60, 0x2, 0x2e, 0x70, 0xf, 0xfe,
    0x17, 0x8, 0x8, 0x7, 0xff, 0x4,

    /* U+5BF9 "对" */
    0x0, 0xff, 0xe6, 0x1b, 0x8, 0x7, 0xff, 0x50,
    0xa7, 0x98, 0x3, 0xff, 0xa6, 0x28, 0x1a, 0x1,
    0xff, 0xd4, 0x20, 0xf, 0xf8, 0x84, 0x4, 0x8d,
    0x15, 0x9e, 0x1c, 0x40, 0x3f, 0xf9, 0x53, 0xdf,
    0xdb, 0x97, 0x53, 0xf, 0x1a, 0x1, 0xff, 0xca,
    0x91, 0x0, 0x9, 0x1a, 0xb3, 0x0, 0x8, 0x1,
    0xff, 0xc0, 0x70, 0xf, 0xe2, 0xef, 0xf7, 0x6e,
    0x54, 0xe8, 0x3, 0x0, 0x3f, 0xfa, 0x66, 0x0,
    0x50, 0xf, 0xfe, 0x61, 0x8, 0x7, 0x68, 0x10,
    0x80, 0x7c, 0x24, 0x66, 0x1, 0x78, 0x9b, 0xd6,
    0x0, 0xc3, 0xbe, 0x20, 0x19, 0xc1, 0x3, 0xb3,
    0x1b, 0xdf, 0xee, 0xdc, 0x50, 0x28, 0x76, 0x42,
    0x94, 0x0, 0x84, 0xc7, 0x40, 0x22, 0x20, 0x68,
    0x31, 0x98, 0x84, 0x3, 0x8, 0x0, 0x55, 0x9e,
    0x26, 0x90, 0x3, 0x68, 0x9c, 0x80, 0x14, 0x0,
    0x81, 0x17, 0x57, 0x9b, 0xdf, 0xee, 0x70, 0x2a,
    0x98, 0x76, 0x50, 0xe, 0x1d, 0x6, 0x50, 0xb0,
    0x50, 0x9, 0x15, 0xc, 0x84, 0x3, 0xff, 0x8c,
    0x72, 0x14, 0x86, 0x1c, 0x1, 0x92, 0x0, 0x3f,
    0xf9, 0x4c, 0xa1, 0x60, 0x28, 0x1, 0xa9, 0xe0,
    0x3, 0xff, 0x95, 0x44, 0x0, 0x90, 0xe, 0x80,
    0x75, 0x0, 0xff, 0xe5, 0x58, 0x3, 0xc0, 0x39,
    0x90, 0x2c, 0x80, 0x3f, 0xf9, 0x36, 0x0, 0x75,
    0x0, 0xea, 0x1, 0x90, 0xf, 0xfe, 0x42, 0x90,
    0x28, 0x51, 0x0, 0x61, 0x70, 0x46, 0x0, 0xc2,
    0x1, 0xff, 0xc2, 0x80, 0x9a, 0x20, 0xf0, 0xe,
    0x81, 0xf, 0x0, 0xff, 0xe3, 0x39, 0x1b, 0x7,
    0x81, 0x48, 0x7, 0x53, 0x48, 0x7, 0xff, 0x14,
    0xa0, 0x38, 0x0, 0x52, 0xc, 0xa0, 0x19, 0x24,
    0x2, 0xf0, 0xf, 0xfe, 0x14, 0x84, 0x10, 0x4,
    0xc8, 0x14, 0x20, 0x1f, 0xfc, 0xa6, 0x44, 0x38,
    0x7, 0x48, 0x1, 0x80, 0x3f, 0xf9, 0x25, 0x25,
    0x40, 0x1e, 0x2a, 0x77, 0x0, 0x7f, 0xf2, 0x7c,
    0x7c, 0x40, 0x3e, 0x58, 0x0, 0xff, 0xe4, 0xd1,
    0x69, 0x0, 0x7f, 0xf0, 0x53, 0x58, 0x3, 0xff,
    0x85, 0x9, 0x86, 0x1, 0xff, 0xc2, 0x4b, 0x9f,
    0x93, 0x0, 0xff, 0x2a, 0xb0, 0xc0, 0x3f, 0xf8,
    0x8d, 0x60, 0xd9, 0x0, 0x60, 0x1f, 0xb4, 0x80,
    0x3f, 0xf8, 0xc9, 0xa6, 0x1, 0x18, 0x7, 0xca,
    0x1, 0xff, 0xc9, 0x2c, 0x93, 0x18, 0x0, 0xf8,

    /* U+5C0F "小" */
    0x0, 0xff, 0xe1, 0xb1, 0x80, 0x7f, 0xf4, 0xeb,
    0x30, 0x1, 0xff, 0xd2, 0x50, 0x30, 0xf, 0xff,
    0xf8, 0x7, 0xff, 0xfc, 0x3, 0xff, 0xb2, 0x20,
    0x1f, 0xfd, 0x4e, 0xb2, 0x0, 0xff, 0xe0, 0x27,
    0x58, 0x7, 0xff, 0x11, 0x30, 0x40, 0x3f, 0xec,
    0x14, 0x70, 0xf, 0xfe, 0x9, 0x80, 0x42, 0x1,
    0xff, 0x41, 0x4, 0x18, 0x7, 0xff, 0x2, 0xc0,
    0x12, 0x1, 0xff, 0xc1, 0xe0, 0x7, 0x0, 0x7f,
    0xf0, 0x14, 0x0, 0xe0, 0x1f, 0xfc, 0x13, 0x80,
    0x29, 0x0, 0xff, 0x19, 0x3, 0x80, 0x7f, 0xf0,
    0xdc, 0xc1, 0x8c, 0x3, 0xfa, 0x40, 0x60, 0x3,
    0xff, 0x89, 0xe0, 0xe, 0x0, 0xfc, 0x4a, 0x10,
    0x1, 0xff, 0xc5, 0x36, 0x2, 0x70, 0xf, 0xac,
    0xd, 0x80, 0x3e, 0x30, 0x10, 0xf, 0xd0, 0x21,
    0x4, 0x1, 0xc6, 0xc1, 0xe0, 0x1f, 0xfc, 0x71,
    0x80, 0x4, 0x80, 0x77, 0x83, 0x98, 0x7, 0xff,
    0x21, 0x88, 0x11, 0x0, 0x13, 0x19, 0xa0, 0x3,
    0xff, 0x95, 0x0, 0x9, 0x0, 0xc, 0xe, 0x80,
    0x7f, 0xf2, 0xd4, 0xc0, 0x94, 0x2c, 0x74, 0x40,
    0x3f, 0xf9, 0x90, 0x0, 0x34, 0x5c, 0x30, 0xf,
    0xfe, 0x6a, 0x44, 0xb6, 0x69, 0x80, 0x7f, 0xf3,
    0xdd, 0x82, 0x8, 0x3, 0xff, 0xb6, 0xa6, 0x1,
    0xff, 0xd4, 0xcd, 0x61, 0x0, 0xff, 0xe8, 0x2e,
    0x1c, 0xf5, 0xb0, 0x80, 0x7f, 0xf3, 0x8f, 0xd8,
    0x12, 0x50, 0x3, 0xff, 0x9e, 0x33, 0x64, 0x1,
    0x10, 0x7, 0xff, 0x3d, 0x36, 0x8c, 0x60, 0x3,
    0xff, 0x86,

    /* U+5C31 "就" */
    0x0, 0xfc, 0xec, 0x20, 0x1f, 0xf3, 0xa0, 0x7,
    0xff, 0x1e, 0x7c, 0x3, 0xfe, 0xcb, 0xb0, 0x7,
    0xff, 0x14, 0xc0, 0x40, 0x3f, 0xed, 0x4, 0x0,
    0xff, 0xe3, 0x88, 0x7, 0xfc, 0x60, 0x11, 0x90,
    0x7, 0xff, 0x4c, 0x73, 0x6, 0x1, 0xff, 0xc0,
    0x11, 0x0, 0x11, 0x59, 0xe2, 0xac, 0x40, 0x23,
    0x1, 0x12, 0xe, 0x88, 0x6, 0x4d, 0xcd, 0xef,
    0xf7, 0x50, 0xd, 0xd4, 0xc3, 0xaa, 0x50, 0x7,
    0xd4, 0x43, 0xa0, 0x19, 0x18, 0xc8, 0x40, 0x21,
    0x23, 0x45, 0x67, 0x88, 0x4c, 0x0, 0x42, 0x6,
    0x3, 0xe0, 0x72, 0x1, 0xaf, 0x31, 0xbd, 0xfe,
    0xed, 0xcb, 0xa9, 0x87, 0x73, 0x18, 0x5, 0xe0,
    0x20, 0x2, 0x90, 0x70, 0xe, 0x33, 0x10, 0x80,
    0x7f, 0xf1, 0x4, 0x18, 0x2, 0x69, 0xd0, 0xf,
    0x3a, 0x88, 0x88, 0xd1, 0x59, 0xe2, 0xa, 0x1,
    0xe2, 0x1, 0x34, 0x56, 0xff, 0x28, 0x7, 0x6d,
    0x77, 0x37, 0x2e, 0xa6, 0x1d, 0xd4, 0xdd, 0xbd,
    0xfe, 0x40, 0x4c, 0xba, 0x96, 0x3a, 0x50, 0xd,
    0x80, 0x3, 0x32, 0x2b, 0x3c, 0x30, 0x1, 0x18,
    0x84, 0x3, 0x12, 0x2b, 0x3c, 0x55, 0xa8, 0x6,
    0x50, 0x2c, 0xc5, 0xd4, 0xc3, 0xe0, 0x0, 0xa3,
    0xbf, 0xdc, 0x0, 0xeb, 0xa9, 0x87, 0x54, 0x0,
    0xe1, 0x2, 0x0, 0xf8, 0xc0, 0xc0, 0x2, 0x0,
    0x50, 0x1, 0x0, 0x7f, 0xf0, 0x8, 0x3, 0xfb,
    0x81, 0x80, 0x38, 0xc0, 0x7a, 0xc8, 0x3, 0xfe,
    0x10, 0x20, 0x8, 0x48, 0xcc, 0x1a, 0x1, 0xda,
    0xe, 0x88, 0xa0, 0xf, 0xf8, 0xc3, 0x3f, 0xee,
    0xdc, 0x40, 0x92, 0x0, 0xc8, 0x1e, 0x40, 0x1f,
    0xfc, 0x13, 0x1, 0x22, 0x0, 0x15, 0x9e, 0x20,
    0x60, 0x11, 0x8, 0x20, 0x7, 0xff, 0xa, 0x2,
    0xb7, 0x42, 0x11, 0x30, 0xec, 0x20, 0x12, 0x1,
    0x10, 0x3, 0xff, 0x84, 0xd6, 0xa0, 0x1c, 0x34,
    0x60, 0x1d, 0xa0, 0xa0, 0x60, 0x1f, 0xfc, 0x13,
    0xb9, 0x0, 0xe4, 0x5d, 0x10, 0x8, 0x50, 0x28,
    0x2, 0xf0, 0xf, 0xf9, 0x1, 0x88, 0x2, 0x15,
    0x31, 0xa0, 0x9, 0x81, 0x8, 0x3, 0xf8, 0xe0,
    0x3, 0x48, 0x29, 0x0, 0x77, 0x82, 0x28, 0x2,
    0x43, 0xc0, 0x2, 0x1, 0xf2, 0x98, 0x4, 0xe2,
    0x2b, 0x0, 0xf1, 0xb0, 0x58, 0x28, 0x9a, 0x0,
    0x61, 0x0, 0xee, 0x70, 0xa, 0x42, 0x84, 0x3,
    0xe8, 0x1, 0x28, 0xf, 0x0, 0xff, 0x88, 0x2,
    0x91, 0x84, 0x0, 0xfc, 0x33, 0x4a, 0x4c, 0x60,
    0x13, 0x80, 0x7c, 0xe0, 0x4, 0x66, 0x84, 0x3,
    0xf9, 0x92, 0xa, 0x40, 0x3c, 0x60, 0x18, 0x49,
    0xc2, 0x5e, 0x43, 0x20, 0x40, 0x3f, 0x50, 0x78,
    0x7, 0xc6, 0x1, 0x9c, 0x4, 0x53, 0x0, 0x38,
    0xbd, 0x40, 0x7, 0x0, 0xa1, 0x30, 0x80, 0x39,
    0xc2, 0x19, 0x16, 0x24, 0x34, 0x50, 0x2, 0x1c,
    0x35, 0x10, 0xc, 0x8f, 0x86, 0x1, 0xee, 0x1,
    0x9b, 0xa7, 0x0, 0x28, 0x7, 0x87, 0x20, 0x55,
    0x0, 0x11, 0x86, 0x1, 0xf2, 0xc9, 0x0, 0x42,
    0x96, 0x40,

    /* U+5C3F "尿" */
    0x0, 0xf1, 0x98, 0x3, 0xff, 0x80, 0x24, 0x68,
    0xac, 0xf0, 0x80, 0x1f, 0xfc, 0x6, 0xcd, 0x77,
    0x44, 0xd5, 0xe6, 0xf7, 0xfb, 0xb7, 0x2e, 0xa6,
    0x1e, 0xd4, 0x3, 0xfe, 0x40, 0x28, 0x83, 0xb2,
    0xa1, 0x90, 0x88, 0x8d, 0x15, 0x98, 0xec, 0x0,
    0x10, 0xf, 0xf8, 0x40, 0x9, 0x35, 0x79, 0xbd,
    0xfe, 0xed, 0xcb, 0xa9, 0x94, 0x60, 0x1, 0x0,
    0x3f, 0xf8, 0x2, 0x18, 0xca, 0x86, 0x42, 0x1,
    0xfe, 0xd0, 0x20, 0xf, 0xfe, 0xa1, 0x3, 0x80,
    0x7f, 0xf0, 0x44, 0x4, 0x3, 0xff, 0x80, 0x24,
    0x68, 0xe0, 0x60, 0x1f, 0xfc, 0x3c, 0x67, 0x89,
    0xab, 0xcd, 0xef, 0xfb, 0xb7, 0x2c, 0x81, 0x94,
    0x3, 0xff, 0x84, 0xb3, 0xe, 0xca, 0x86, 0x42,
    0x22, 0x34, 0x56, 0x63, 0xc5, 0x20, 0x7, 0xff,
    0x9, 0x66, 0xaf, 0x37, 0xbf, 0xdd, 0xfb, 0x97,
    0x53, 0x28, 0x75, 0x10, 0xf, 0xf8, 0x40, 0x1c,
    0xca, 0x86, 0x42, 0x0, 0x6e, 0xc1, 0x0, 0xff,
    0xe3, 0x98, 0x1, 0xc0, 0x3f, 0x30, 0x1a, 0x80,
    0x78, 0x40, 0x3f, 0xf8, 0x2, 0x0, 0x10, 0xf,
    0xc2, 0x20, 0x10, 0xf, 0x7b, 0x80, 0x7f, 0xcc,
    0x0, 0x20, 0xf, 0xfe, 0x2a, 0x8c, 0x10, 0x7,
    0xf8, 0x80, 0x40, 0x3f, 0xf8, 0x4, 0x1, 0x8e,
    0xc0, 0x3f, 0xf8, 0x3c, 0x4, 0x73, 0x13, 0x57,
    0xb8, 0x60, 0x14, 0x10, 0x1, 0x30, 0x45, 0x84,
    0x1, 0xfe, 0x50, 0x53, 0x57, 0x65, 0x42, 0x39,
    0x0, 0xde, 0xf, 0x60, 0x7e, 0x60, 0x1f, 0xf1,
    0x7, 0x86, 0x55, 0xe5, 0x80, 0x3c, 0x2, 0x22,
    0x74, 0x4, 0x60, 0x80, 0x7f, 0xc2, 0x20, 0x50,
    0x2, 0xa1, 0xe8, 0x12, 0x80, 0x50, 0x42, 0x2d,
    0x70, 0xf, 0xfe, 0xb, 0x80, 0x98, 0x6, 0x16,
    0xb, 0x0, 0xef, 0x1, 0x40, 0xf, 0xfe, 0x16,
    0x2, 0x0, 0x74, 0x1, 0x30, 0x7, 0x15, 0x84,
    0xb0, 0x7, 0xff, 0x5, 0x3, 0xc0, 0x32, 0x30,
    0x70, 0x7, 0xc9, 0x21, 0x30, 0x1, 0xff, 0x18,
    0x89, 0x40, 0x21, 0x90, 0x83, 0x0, 0xfc, 0xd2,
    0xf, 0x40, 0x1f, 0xea, 0x6, 0x0, 0xd4, 0x4c,
    0xe0, 0x1f, 0xe6, 0x90, 0x5e, 0x40, 0xf, 0xcc,
    0x12, 0x1, 0x4a, 0x2c, 0x80, 0x7f, 0xf0, 0x1a,
    0xc4, 0x57, 0x44, 0x1, 0xcc, 0xc, 0x20, 0xa,
    0x67, 0xa0, 0xf, 0xfe, 0x12, 0x79, 0x82, 0xec,
    0x88, 0x5, 0x63, 0x0, 0xb, 0x4b, 0x80, 0x17,
    0x10, 0xf, 0xfe, 0x0, 0xe4, 0x88, 0x32, 0x80,
    0x1c, 0xac, 0x41, 0xf3, 0x90, 0x0, 0x39, 0xd0,
    0x20, 0x1f, 0xfc, 0x6, 0xf8, 0xa4, 0x0, 0x4a,
    0xa8, 0x0, 0xee, 0x0, 0xeb, 0x67, 0xeb, 0x10,
    0xf, 0xf8, 0x5d, 0x40, 0x10, 0x54, 0x1, 0xff,
    0x4d, 0x8a, 0x0, 0x4, 0x3, 0xff, 0x84, 0x9a,
    0x1, 0xff, 0xc1, 0x4e, 0x71, 0x44, 0x0, 0x7f,
    0xf0, 0x40,

    /* U+5C4F "屏" */
    0x0, 0xe3, 0x82, 0x0, 0xf8, 0x48, 0xd1, 0x59,
    0xe2, 0x6a, 0xf2, 0xc8, 0x3, 0xf8, 0x5f, 0x72,
    0xf3, 0x7b, 0xfd, 0xdb, 0x97, 0x53, 0xe, 0xca,
    0x86, 0x96, 0x1, 0xfc, 0x42, 0x6, 0x86, 0x42,
    0x2, 0x46, 0x8a, 0xcf, 0x13, 0x57, 0x80, 0xf,
    0x0, 0xff, 0x10, 0x26, 0xf7, 0x3f, 0xdd, 0xb9,
    0x75, 0x30, 0xec, 0xa8, 0x40, 0x5, 0x0, 0xff,
    0xe0, 0x11, 0x4, 0x40, 0x1f, 0xfc, 0x15, 0x0,
    0x18, 0x7, 0xf8, 0x40, 0x40, 0x38, 0x48, 0xd1,
    0x59, 0xe2, 0x65, 0x52, 0x0, 0x40, 0xf, 0xfe,
    0x3, 0x66, 0xf7, 0xfb, 0xb7, 0x2e, 0xa6, 0x1d,
    0x98, 0xa4, 0x0, 0xe0, 0xf, 0xfe, 0x0, 0x99,
    0x1, 0x10, 0xd1, 0x59, 0xe2, 0x69, 0x5f, 0x37,
    0xbe, 0x80, 0x3f, 0xc6, 0x11, 0xfe, 0xed, 0x5b,
    0xb5, 0x4c, 0x3b, 0x29, 0xbd, 0x10, 0x80, 0x7f,
    0xf0, 0x4, 0x8, 0x3, 0x34, 0x40, 0x3, 0xc8,
    0x8, 0x1, 0xff, 0xc4, 0x10, 0xd, 0x40, 0xee,
    0x0, 0xca, 0x41, 0xc0, 0x1f, 0xfc, 0x11, 0x0,
    0x38, 0x6, 0x49, 0x8, 0x30, 0xa, 0xc2, 0x4c,
    0x3, 0xff, 0x82, 0x60, 0x1, 0x0, 0xe6, 0x40,
    0x90, 0x5, 0xb, 0x30, 0x3, 0xff, 0x84, 0xc0,
    0x2, 0x0, 0xf4, 0x27, 0xa3, 0xa8, 0xc, 0xd6,
    0x77, 0x1c, 0x3, 0xf8, 0x80, 0x42, 0xb7, 0x5d,
    0xfe, 0xc4, 0xab, 0x80, 0x3, 0xb2, 0x98, 0x8a,
    0x8, 0x3, 0xf7, 0x1, 0x5, 0x81, 0x8, 0x80,
    0x2, 0xac, 0xc7, 0x50, 0x1b, 0xcd, 0xef, 0x20,
    0xf, 0xc4, 0xa, 0x3, 0xbf, 0xee, 0x70, 0x2a,
    0x99, 0x46, 0x0, 0x10, 0xc8, 0x40, 0x3f, 0xcc,
    0x1e, 0x1, 0xe1, 0x7, 0x0, 0xff, 0xe4, 0x98,
    0x28, 0x7, 0x8c, 0x4, 0x3, 0xff, 0x90, 0x80,
    0x3, 0x0, 0xf0, 0x80, 0xd, 0x10, 0xb8, 0x3,
    0x13, 0x2a, 0xcf, 0xf4, 0x0, 0x76, 0x2, 0x66,
    0xeb, 0xb9, 0xfe, 0x40, 0x5c, 0xbb, 0x52, 0x80,
    0x1d, 0x98, 0xa6, 0x0, 0x76, 0x0, 0xc8, 0x1b,
    0x24, 0x41, 0x10, 0x6, 0x23, 0x44, 0x29, 0x80,
    0x22, 0x13, 0x57, 0x6c, 0xd6, 0x0, 0x88, 0xc1,
    0xd7, 0xf7, 0xbf, 0xd8, 0x0, 0xdc, 0xbb, 0x55,
    0x0, 0x5d, 0xcc, 0xa8, 0x83, 0x20, 0xd, 0x40,
    0xa2, 0x0, 0x21, 0x0, 0x58, 0x18, 0x7, 0xff,
    0x21, 0x82, 0x40, 0x3e, 0x60, 0x90, 0xf, 0xfe,
    0x3a, 0xa, 0x18, 0x7, 0x9c, 0x44, 0xa0, 0x1f,
    0xfc, 0x7f, 0x8, 0x0, 0xf1, 0x40, 0x50, 0x7,
    0x84, 0x3, 0xff, 0x80, 0x88, 0x63, 0x0, 0xf7,
    0x83, 0xa0, 0x7, 0xbc, 0x3, 0xff, 0x81, 0x5,
    0x20, 0x1e, 0xb2, 0x68, 0x0, 0xf8, 0x40, 0x3f,
    0xe4, 0x2f, 0x0, 0xf5, 0xa4, 0xc8, 0x3, 0xf1,
    0x80, 0x7f, 0xdd, 0xa4, 0x1, 0xce, 0x5a, 0xc0,
    0x1f, 0xd2, 0x4a, 0x1, 0xfc,

    /* U+5DDE "州" */
    0x0, 0xff, 0xe6, 0x14, 0x18, 0x7, 0xff, 0x34,
    0xdf, 0xc, 0x3, 0xd7, 0xd4, 0x1, 0xe5, 0x40,
    0xf, 0x84, 0x0, 0xc0, 0x1e, 0xd1, 0x53, 0x0,
    0xec, 0xbc, 0x0, 0xff, 0xe2, 0x10, 0x7, 0xec,
    0x2, 0x0, 0xff, 0xff, 0x88, 0x7, 0xff, 0x94,
    0x80, 0x3f, 0xf9, 0xd1, 0xac, 0x1, 0xff, 0xc2,
    0x76, 0x0, 0xfe, 0x30, 0x8, 0x40, 0x7, 0x3e,
    0x60, 0x1c, 0x31, 0x28, 0x1, 0xf9, 0x81, 0x40,
    0x3b, 0x82, 0x40, 0x38, 0x58, 0x24, 0x3, 0xf1,
    0x1, 0x0, 0x61, 0x50, 0x51, 0x0, 0xe8, 0x2,
    0x50, 0xf, 0x18, 0x8, 0x80, 0xc0, 0x22, 0x30,
    0x70, 0xe, 0x17, 0x8, 0x0, 0xf2, 0x81, 0x0,
    0x4, 0x4, 0x1, 0x61, 0x40, 0x1e, 0x90, 0x25,
    0x1, 0x0, 0xb4, 0x2c, 0x1, 0xe0, 0x60, 0x4,
    0x3, 0x10, 0xe, 0x15, 0x9, 0x0, 0xc2, 0x80,
    0x80, 0x1, 0x6, 0x0, 0x18, 0x1, 0x40, 0x3d,
    0xe0, 0x64, 0x1, 0x38, 0x9, 0x80, 0x8, 0x8,
    0x2, 0x30, 0x70, 0xf, 0x28, 0x8, 0x6, 0xe0,
    0x40, 0x9, 0x83, 0xc0, 0x2e, 0xd3, 0x0, 0xfb,
    0xb8, 0x40, 0x14, 0x65, 0x80, 0x44, 0x8, 0x1,
    0x11, 0x0, 0x3f, 0x8, 0x7, 0x8c, 0x40, 0x8,
    0x2, 0x40, 0x1f, 0xfc, 0xcd, 0x7, 0x0, 0xff,
    0xe6, 0xb8, 0x50, 0x7, 0xff, 0x31, 0x44, 0xcc,
    0x1, 0xff, 0xcc, 0x80, 0x80, 0xf, 0xfe, 0x62,
    0x92, 0x20, 0x3, 0xf1, 0x0, 0x7f, 0x18, 0x7,
    0x58, 0x48, 0x7, 0xf2, 0x91, 0x80, 0x7f, 0xf0,
    0x20, 0x64, 0x80, 0x3f, 0x8b, 0x74, 0x1, 0xff,
    0x1b, 0xb3, 0x0, 0x3f, 0xf9, 0x6, 0x1, 0x72,
    0xc8, 0x7, 0xff, 0x24, 0x40, 0xe, 0xea, 0x0,
    0xff, 0xe5, 0x28, 0x88,

    /* U+5DE5 "工" */
    0x0, 0xff, 0xe2, 0x9, 0x1a, 0x2b, 0x3c, 0x4d,
    0xf4, 0x80, 0x7f, 0xd2, 0xf1, 0x35, 0x79, 0xbd,
    0xfe, 0xed, 0xcb, 0xa9, 0x87, 0x64, 0x16, 0x90,
    0xf, 0xf1, 0xc3, 0xb2, 0xa1, 0x90, 0x80, 0x78,
    0x48, 0xd1, 0x59, 0xe3, 0x40, 0x3f, 0xd5, 0xa,
    0xa6, 0x78, 0x9a, 0xb6, 0x0, 0x77, 0xf6, 0xe5,
    0xd4, 0xc3, 0xa0, 0x7, 0xfc, 0xf5, 0x49, 0x87,
    0x65, 0x4e, 0x0, 0xff, 0xec, 0x8, 0x7, 0xff,
    0xfc, 0x3, 0xff, 0xfe, 0x1, 0xff, 0xff, 0x0,
    0xff, 0xff, 0x80, 0x7f, 0xff, 0xc0, 0x3f, 0xfa,
    0x3e, 0x1, 0xff, 0xff, 0x0, 0xfc, 0x20, 0x1f,
    0xf0, 0x88, 0x88, 0x68, 0x40, 0x6, 0x77, 0x44,
    0x26, 0xa9, 0x76, 0xcd, 0xfe, 0xb1, 0x5e, 0xdd,
    0x77, 0x3f, 0xee, 0xe6, 0xeb, 0x2d, 0x40, 0x13,
    0x10, 0x77, 0x32, 0xa9, 0x10, 0x64, 0x0, 0x4b,
    0x53, 0x22, 0x8, 0x80, 0x3f, 0xe1, 0x22, 0x19,
    0x91, 0xa, 0xcc, 0x77, 0x44, 0x26, 0xa0, 0x36,
    0xa6, 0xa9, 0x76, 0xcc, 0x6f, 0x73, 0xff, 0x76,
    0xeb, 0x31, 0x76, 0xa9, 0x94, 0x41, 0xdc, 0xca,
    0x40,

    /* U+5DF2 "已" */
    0x0, 0xff, 0xe2, 0x9, 0x1a, 0x2a, 0x88, 0x3,
    0xe3, 0x54, 0x42, 0xb3, 0xc4, 0xd5, 0xe6, 0xf7,
    0xfb, 0xb7, 0x2e, 0xa9, 0xaa, 0x1, 0xf5, 0x5d,
    0xaa, 0x61, 0xd9, 0x50, 0xc8, 0x40, 0x21, 0x23,
    0x30, 0x3, 0x40, 0x3c, 0x74, 0x86, 0x8a, 0xcf,
    0x13, 0x57, 0x9b, 0xdf, 0xee, 0xdc, 0x80, 0x6,
    0x80, 0x7c, 0xb7, 0x97, 0x53, 0xe, 0xca, 0x86,
    0x42, 0x1, 0xc2, 0x0, 0x60, 0xf, 0xfe, 0x71,
    0x0, 0x8, 0x3, 0xff, 0x9d, 0xe0, 0x1, 0x0,
    0xfd, 0x76, 0x30, 0xf, 0xfe, 0x19, 0x0, 0x80,
    0x7f, 0x62, 0x60, 0x7, 0xff, 0xc, 0x40, 0x80,
    0x3f, 0x88, 0x3, 0xff, 0x8a, 0xc0, 0xc0, 0x1f,
    0xfc, 0xf3, 0x2, 0x0, 0xfe, 0x30, 0xf, 0xe1,
    0x23, 0x44, 0x2b, 0x38, 0x81, 0x0, 0x7f, 0xf0,
    0x33, 0x1b, 0xdf, 0xf7, 0x6e, 0x5d, 0xaa, 0x60,
    0x0, 0xae, 0x1, 0xff, 0x19, 0x88, 0x40, 0x38,
    0x48, 0xcc, 0x8a, 0xcf, 0xa, 0x1, 0xff, 0x4d,
    0x5e, 0x63, 0x7b, 0xfd, 0xdb, 0x98, 0xba, 0x98,
    0x72, 0x0, 0xfc, 0x20, 0x6, 0x54, 0x33, 0x10,
    0x80, 0x7f, 0xff, 0xc0, 0x4c, 0x3, 0x8, 0x7,
    0xff, 0x2d, 0xa8, 0x1, 0xe0, 0x1f, 0xfc, 0xdc,
    0x30, 0xf, 0xfe, 0x82, 0x0, 0x7f, 0xf4, 0x8,
    0xc, 0x3, 0x18, 0x7, 0xff, 0x29, 0x40, 0x40,
    0x2, 0x1, 0xff, 0xcc, 0xb0, 0xf0, 0xc, 0x60,
    0x1f, 0xfc, 0x91, 0x30, 0x20, 0x7, 0x0, 0xa0,
    0x7, 0xff, 0x10, 0x4d, 0x1b, 0x0, 0xc, 0x0,
    0x40, 0x5, 0xff, 0x73, 0x73, 0x35, 0xdb, 0x31,
    0xba, 0xef, 0xec, 0xb9, 0x20, 0x33, 0x0, 0xe,
    0x84, 0x0, 0x22, 0x23, 0x3c, 0x88, 0x33, 0x11,
    0x4, 0x3, 0x85, 0xf0, 0x3, 0x2f, 0x65, 0x4c,
    0x41, 0xdf, 0xe8, 0x8a, 0x65, 0x57, 0x9d, 0xc8,
    0x0, 0x0,

    /* U+5E55 "幕" */
    0x0, 0xff, 0xe4, 0x3c, 0x10, 0x7, 0xff, 0x28,
    0xbf, 0x8, 0x3, 0xde, 0xfa, 0x20, 0x1f, 0xfc,
    0x92, 0x53, 0x50, 0xf, 0x8, 0x18, 0x80, 0x7f,
    0xf2, 0xbc, 0x34, 0x2, 0x12, 0x35, 0x6, 0x63,
    0xc4, 0xd6, 0xf3, 0x0, 0x78, 0xdd, 0x59, 0xdd,
    0x13, 0x52, 0xb, 0xdf, 0xee, 0xdc, 0x30, 0x59,
    0x87, 0x65, 0x21, 0x81, 0x0, 0xe3, 0xaa, 0x4c,
    0x41, 0xd9, 0x4c, 0x0, 0x48, 0xac, 0xea, 0xd,
    0x57, 0x9b, 0xae, 0xff, 0x70, 0x80, 0x7b, 0x6e,
    0xd9, 0xbd, 0xff, 0x8, 0x75, 0xd4, 0xc6, 0x94,
    0xaa, 0x19, 0x10, 0x40, 0x3f, 0xe4, 0x41, 0x8a,
    0x8, 0x2, 0xd0, 0x4, 0x8c, 0xd9, 0x4c, 0xf1,
    0x3, 0x0, 0xff, 0xe2, 0xd7, 0x6e, 0xad, 0x37,
    0xb7, 0x30, 0x91, 0x30, 0xee, 0xc0, 0xf, 0xfe,
    0x21, 0x88, 0x18, 0xaa, 0x2b, 0x3c, 0x4c, 0xaa,
    0xf1, 0xc0, 0xc0, 0x3f, 0xf8, 0xa4, 0x15, 0x97,
    0x6a, 0x98, 0x76, 0x77, 0xc4, 0xa, 0x1, 0xff,
    0xc5, 0x60, 0x8a, 0xbc, 0xde, 0xe7, 0xfb, 0xb7,
    0x2d, 0x43, 0xc0, 0x3f, 0xf8, 0xa4, 0x6, 0x8c,
    0x22, 0x54, 0x66, 0x3c, 0x4c, 0x84, 0x14, 0x3,
    0xff, 0x8b, 0xc0, 0xdd, 0xba, 0xcb, 0xa9, 0x94,
    0x3b, 0x30, 0x40, 0xc0, 0x3f, 0xf8, 0xa6, 0xa,
    0x8a, 0xcc, 0x78, 0x84, 0xd5, 0xdb, 0x0, 0xc,
    0x1, 0xff, 0xc7, 0x3b, 0xa9, 0x94, 0x3b, 0x99,
    0x51, 0x4, 0x56, 0x0, 0x7f, 0xf1, 0x5c, 0x6,
    0xa8, 0x80, 0x9b, 0xae, 0xff, 0xbb, 0x75, 0x40,
    0x1f, 0xfc, 0x52, 0xfd, 0x53, 0x40, 0xc2, 0x20,
    0x88, 0x8c, 0xc8, 0xac, 0xee, 0x9b, 0xc6, 0x0,
    0xea, 0x87, 0x89, 0x95, 0x5f, 0xec, 0x80, 0x27,
    0xfe, 0xed, 0xcc, 0x5d, 0x4c, 0x41, 0x90, 0xe5,
    0x0, 0x36, 0xbc, 0x3b, 0x31, 0x50, 0xc8, 0x0,
    0x20, 0x46, 0x88, 0x52, 0x0, 0x35, 0x5e, 0x6e,
    0xbb, 0xd0, 0x3, 0x3f, 0xef, 0x73, 0xfc, 0xa0,
    0x9, 0xfe, 0xa6, 0xbb, 0xab, 0x58, 0x1b, 0x50,
    0xc8, 0x82, 0x1, 0xf8, 0x84, 0x45, 0xaa, 0x36,
    0xc0, 0x4, 0x44, 0x10, 0x5, 0x34, 0xf, 0xa8,
    0x1, 0xff, 0xc1, 0x6d, 0x21, 0xc4, 0x0, 0xc4,
    0xe, 0x68, 0x85, 0x36, 0x2, 0xbb, 0x18, 0x7,
    0xf0, 0xd4, 0x8c, 0xe, 0xeb, 0xbf, 0xe2, 0xa,
    0xcb, 0xb5, 0x4b, 0x14, 0x82, 0x65, 0x98, 0x7,
    0x9b, 0xd5, 0xbd, 0xc4, 0x5, 0x56, 0x61, 0x6,
    0x88, 0x4c, 0x9c, 0x5, 0xb9, 0x41, 0x33, 0x5c,
    0x40, 0xf2, 0x53, 0x64, 0x40, 0x2c, 0xba, 0xa4,
    0x98, 0x5b, 0xb9, 0x99, 0x60, 0x10, 0xd6, 0x28,
    0x14, 0x3b, 0xb6, 0xfa, 0x88, 0x3, 0xff, 0x96,
    0x75, 0xaf, 0x4c, 0xce, 0x71, 0x0, 0xff, 0xe1,
    0x90, 0x7, 0xfc, 0x50, 0xa0, 0x20, 0x1f, 0xfc,
    0x6a, 0xfb, 0x66, 0x0, 0x7f, 0xf2, 0x4, 0x3,
    0xfa, 0x29, 0x66, 0x80, 0x3f, 0xf9, 0x6, 0x1,
    0xe3, 0x0, 0x97, 0xa4, 0xc6, 0x0, 0x3f, 0xf8,
    0xd9, 0xe0, 0x1c, 0x20, 0x1c, 0xd9, 0xc8, 0x1,
    0xff, 0xcc, 0x10, 0xf, 0xfe, 0xb0, 0xb9, 0x18,
    0x7, 0xff, 0x10,

    /* U+5E7F "广" */
    0x0, 0xff, 0xe1, 0x8e, 0x41, 0x0, 0x7f, 0xf3,
    0xc5, 0x9f, 0x40, 0x3f, 0xfa, 0x1a, 0x1, 0xff,
    0xff, 0x0, 0xf3, 0x88, 0x7, 0xff, 0x0, 0x48,
    0xd1, 0x59, 0xe2, 0xba, 0xc4, 0x3, 0xa7, 0xa5,
    0x9e, 0x26, 0xaf, 0x36, 0x0, 0x1d, 0xb9, 0x75,
    0x30, 0xea, 0x29, 0xa0, 0x1c, 0xa0, 0xd3, 0xe,
    0xca, 0x86, 0x40, 0x1c, 0x24, 0x68, 0x85, 0x67,
    0x8f, 0x0, 0xe2, 0x0, 0x22, 0xb3, 0xc4, 0xd5,
    0xe6, 0xf7, 0xfb, 0xb7, 0x2e, 0xd5, 0x30, 0xe6,
    0x1, 0xfa, 0xea, 0x61, 0xd9, 0x50, 0xc8, 0x40,
    0x3f, 0xff, 0xe0, 0x18, 0xc0, 0x40, 0x3f, 0xfa,
    0x46, 0x1, 0xff, 0xd0, 0x10, 0x10, 0xf, 0xfe,
    0x93, 0x80, 0x7f, 0xf4, 0x1c, 0x4, 0x3, 0xff,
    0xa0, 0x20, 0x40, 0x1f, 0xfd, 0x2, 0xe, 0x0,
    0xff, 0xe7, 0x88, 0x0, 0x80, 0x3f, 0xf9, 0xe4,
    0x0, 0x50, 0xf, 0xfe, 0x7a, 0x80, 0x88, 0x3,
    0xff, 0x9f, 0xe0, 0xa0, 0x1f, 0xfd, 0x4, 0xc,
    0x0, 0xff, 0xe7, 0x89, 0x2, 0x80, 0x7f, 0xf3,
    0xdc, 0xc, 0x80, 0x3f, 0xf9, 0xf4, 0x14, 0x1,
    0xff, 0xcf, 0x23, 0x16, 0x0, 0xff, 0xe7, 0xd8,
    0x48, 0x7, 0xff, 0x3c, 0x58, 0x9c, 0x3, 0xff,
    0x9f, 0x1, 0xe0, 0x1f, 0xfc, 0xf2, 0x6a, 0x20,
    0xf, 0xfe, 0x7a, 0xd2, 0x80, 0x7f, 0xf4, 0x0,

    /* U+5EA6 "度" */
    0x0, 0xff, 0xe2, 0x32, 0x88, 0x7, 0xff, 0x4c,
    0x6b, 0x84, 0x3, 0xff, 0xa4, 0xa0, 0x3, 0x0,
    0xff, 0xff, 0x80, 0xa0, 0x7, 0xf6, 0xd1, 0x0,
    0x61, 0x23, 0x32, 0x0, 0x2e, 0x26, 0xaf, 0x37,
    0xbf, 0xaf, 0x0, 0x3f, 0x22, 0xee, 0xbb, 0xfd,
    0xdb, 0x98, 0x90, 0x3, 0x3b, 0x2a, 0x19, 0x8,
    0x4, 0x26, 0x1, 0xf7, 0x0, 0x8, 0x40, 0x31,
    0x1a, 0x2b, 0x3c, 0x29, 0x3e, 0x6e, 0xbb, 0xfd,
    0xa6, 0x1, 0xf0, 0x80, 0x33, 0x7b, 0xe8, 0xf,
    0xae, 0xa6, 0x1e, 0xc9, 0xdc, 0x44, 0x10, 0xf,
    0xfe, 0x11, 0x90, 0x82, 0x90, 0xa8, 0x7, 0x8,
    0x80, 0x40, 0x3f, 0xf9, 0x4e, 0x1e, 0x1, 0x84,
    0x84, 0x9, 0x5a, 0x29, 0x40, 0x3f, 0xe1, 0x79,
    0x95, 0x5a, 0x3, 0xf7, 0xfd, 0xda, 0x0, 0x8a,
    0x97, 0x5a, 0x60, 0xf, 0xc2, 0x6, 0x8c, 0xc5,
    0x41, 0x0, 0x8, 0x8, 0x88, 0x80, 0x6, 0x78,
    0x9a, 0xb7, 0x0, 0xfd, 0xe0, 0x3, 0xea, 0xa5,
    0xb8, 0x27, 0xfb, 0xb9, 0xbc, 0x3, 0x30, 0xec,
    0xa8, 0x20, 0x1f, 0x84, 0x4, 0x5, 0x54, 0x9a,
    0xe, 0x1, 0xce, 0x4, 0x1, 0xff, 0xc3, 0x30,
    0x60, 0xe, 0x10, 0x10, 0x8, 0x4b, 0x0, 0x3f,
    0xf8, 0xac, 0x6, 0x1, 0xce, 0x5, 0xff, 0x76,
    0xb8, 0x19, 0x80, 0x3f, 0xf8, 0x44, 0x1c, 0x1,
    0xfc, 0x24, 0x68, 0xac, 0xe2, 0x1, 0xff, 0xc2,
    0x10, 0x20, 0xe, 0x23, 0xf, 0xed, 0xcb, 0xa9,
    0x82, 0x0, 0xff, 0xe0, 0x90, 0x1, 0xc0, 0x38,
    0x73, 0x80, 0x2, 0x46, 0x64, 0x56, 0x50, 0xf,
    0xfe, 0x3, 0x80, 0x90, 0x2, 0x72, 0xf3, 0x7f,
    0xee, 0xdc, 0xc5, 0xd4, 0xd5, 0x0, 0x3f, 0xec,
    0x5, 0x0, 0xb4, 0xd0, 0xc8, 0x40, 0x2, 0x46,
    0x8a, 0x60, 0x2, 0x0, 0xff, 0x94, 0x30, 0x2,
    0x4e, 0xb7, 0xbd, 0xff, 0x76, 0xe5, 0xc1, 0x2,
    0xc0, 0x7, 0xfc, 0x60, 0xa0, 0x18, 0x44, 0xf4,
    0xe0, 0x1c, 0x3e, 0x27, 0x40, 0x1f, 0xf2, 0x81,
    0x10, 0x3, 0x91, 0x3, 0x54, 0x10, 0x1, 0x61,
    0x13, 0x40, 0x3f, 0xf8, 0x1e, 0xa, 0x1, 0xe1,
    0xb8, 0x5, 0xf5, 0x4d, 0x23, 0xc1, 0x0, 0xff,
    0xe0, 0x28, 0x48, 0x7, 0xe7, 0xd3, 0x1a, 0xb0,
    0x4c, 0x10, 0xf, 0xfe, 0x2, 0x82, 0x88, 0x7,
    0xf1, 0x78, 0x6, 0x12, 0x0, 0xff, 0xe0, 0xf0,
    0x40, 0x7, 0xf0, 0xce, 0x0, 0xa0, 0x2e, 0xc9,
    0x0, 0x7f, 0x8d, 0x18, 0x80, 0x3e, 0x29, 0xe6,
    0x7, 0xeb, 0xd6, 0x6, 0xdc, 0x50, 0xf, 0xd0,
    0x30, 0x1, 0xe5, 0xbd, 0x61, 0x7e, 0x80, 0x1,
    0x4f, 0x41, 0x1d, 0x7d, 0xb1, 0x0, 0x46, 0x9a,
    0x20, 0x12, 0x4f, 0x52, 0x22, 0xba, 0x4, 0x3,
    0x85, 0xf7, 0x18, 0x52, 0x77, 0xa4, 0x2e, 0xc6,
    0x1, 0x4c, 0x8a, 0x6f, 0xed, 0x40, 0x3f, 0xe3,
    0x9e, 0xb6, 0x20, 0xc0,

    /* U+5F00 "开" */
    0x0, 0xff, 0xe2, 0x9, 0x1a, 0x2b, 0x31, 0xe2,
    0x72, 0x40, 0x3e, 0x69, 0x89, 0xab, 0xb6, 0x6f,
    0x7f, 0xdd, 0xb9, 0x75, 0x32, 0x87, 0x63, 0x6a,
    0x0, 0xf2, 0xb3, 0xb2, 0xa2, 0xc, 0x84, 0x3,
    0x84, 0x40, 0x3, 0x56, 0x78, 0x87, 0x0, 0x78,
    0xed, 0xdd, 0x10, 0x91, 0x5, 0xdd, 0x77, 0xfb,
    0xbc, 0x1, 0x15, 0x30, 0xee, 0x40, 0xf, 0x92,
    0x20, 0xee, 0x62, 0x3, 0x22, 0x8, 0x7, 0xff,
    0xfc, 0x3, 0xff, 0xfe, 0x1, 0x84, 0x4, 0x3,
    0xff, 0xc8, 0x20, 0x1f, 0xf0, 0x98, 0x9, 0xa2,
    0xa9, 0x9e, 0x40, 0x1f, 0x57, 0x6c, 0xde, 0xe6,
    0xd, 0xe6, 0x5b, 0xdf, 0xf7, 0x8, 0x36, 0x5d,
    0x52, 0x61, 0xc0, 0x8, 0xa8, 0x83, 0x21, 0x3,
    0xbf, 0x33, 0x88, 0x40, 0x3e, 0x12, 0x33, 0x22,
    0xa8, 0x0, 0xd3, 0x57, 0x6c, 0xdd, 0x75, 0x26,
    0x4c, 0xaa, 0xf3, 0x1b, 0xa0, 0x6, 0x76, 0xe6,
    0x2e, 0xac, 0x1, 0xac, 0xa8, 0x83, 0x22, 0x8,
    0x0, 0xd9, 0x8a, 0x86, 0x62, 0x10, 0x1, 0x80,
    0x7f, 0xf4, 0x14, 0x4, 0x3, 0xff, 0xa3, 0x80,
    0xa0, 0x1f, 0xfd, 0x14, 0xc, 0x0, 0xff, 0xe8,
    0x20, 0x82, 0x80, 0x7f, 0xf4, 0x34, 0x8, 0x80,
    0x1f, 0xfc, 0xf1, 0x70, 0xb0, 0xf, 0xfe, 0x84,
    0x88, 0x98, 0x3, 0xff, 0x9e, 0x2e, 0x16, 0x1,
    0xff, 0xd0, 0xa0, 0x55, 0x0, 0x7f, 0xf3, 0xe1,
    0xe, 0x80, 0x3f, 0xf9, 0xec, 0xe5, 0xa0, 0x1f,
    0xfc, 0xf6, 0x93, 0xc1, 0x0, 0xff, 0x8c, 0x3,
    0xff, 0x85, 0x12, 0xf8, 0x20, 0x1f, 0xfc, 0x6,
    0x0, 0xff, 0xe0, 0xb1, 0x6c, 0x0, 0x7f, 0xf0,
    0x95, 0x1, 0x80, 0x3f, 0x80,

    /* U+5F53 "当" */
    0x0, 0xff, 0xaa, 0xd8, 0x3, 0xff, 0x95, 0xe9,
    0x26, 0x1, 0xff, 0xc9, 0x70, 0x3, 0x80, 0x7f,
    0xf5, 0x1c, 0x40, 0x3f, 0xf9, 0x47, 0x1e, 0x60,
    0xbe, 0xc0, 0x1f, 0xfc, 0x5b, 0x1, 0xa0, 0x20,
    0x99, 0x0, 0x78, 0xc0, 0x3f, 0xb, 0x80, 0xc0,
    0x3b, 0x81, 0xa4, 0x3, 0xff, 0x85, 0x40, 0xd,
    0x10, 0x4, 0x38, 0x34, 0x80, 0x7f, 0xf0, 0x1d,
    0x2, 0x8c, 0x3, 0x42, 0x83, 0x40, 0x7, 0xf8,
    0xe0, 0x29, 0x40, 0x3d, 0x46, 0xe, 0xa0, 0x1f,
    0x87, 0x42, 0xd4, 0x3, 0xf6, 0x88, 0x10, 0x7,
    0xea, 0x3d, 0x40, 0xf, 0xe1, 0xd8, 0x70, 0xf,
    0x87, 0x34, 0x80, 0x3f, 0xe3, 0x70, 0x8, 0x40,
    0x30, 0xb8, 0x7, 0xff, 0x14, 0x48, 0x0, 0x6a,
    0xa6, 0x78, 0x9a, 0xba, 0x23, 0xcb, 0xb6, 0x63,
    0x7b, 0xfd, 0xda, 0x0, 0x8a, 0xa4, 0xc3, 0xb2,
    0xa2, 0xf9, 0xba, 0x20, 0xcc, 0x42, 0x1, 0xc2,
    0x46, 0x64, 0x56, 0x78, 0x10, 0x10, 0xba, 0x89,
    0xab, 0xb6, 0x6f, 0x7f, 0xbb, 0x73, 0x17, 0x53,
    0xe, 0x60, 0xa0, 0x5, 0x76, 0x54, 0x41, 0x90,
    0x80, 0x7f, 0xc4, 0x1c, 0x1, 0xff, 0xcc, 0x20,
    0xf, 0xfe, 0x30, 0x91, 0xa8, 0x0, 0x40, 0x7,
    0x51, 0x9, 0x95, 0x5e, 0x63, 0x7b, 0x9f, 0xf7,
    0x6e, 0x50, 0x1, 0x80, 0x6, 0xef, 0x33, 0x15,
    0xc, 0xc4, 0x22, 0x0, 0xe1, 0x10, 0x0, 0x80,
    0x2c, 0x76, 0x77, 0x44, 0xd5, 0x2f, 0x37, 0x5d,
    0xff, 0x74, 0x0, 0x78, 0x62, 0x62, 0xe, 0xca,
    0xa4, 0x32, 0x20, 0x80, 0x61, 0x2, 0x0, 0xff,
    0xe5, 0x78, 0x8, 0x7, 0xff, 0x28, 0x41, 0x80,
    0x3f, 0xf9, 0x46, 0x4, 0x2, 0x20, 0xe, 0x11,
    0x88, 0x86, 0x72, 0x21, 0x54, 0xcc, 0x70, 0x20,
    0x5e, 0xff, 0xee, 0xeb, 0x75, 0x99, 0x5d, 0xaa,
    0x93, 0x22, 0x5, 0x44, 0x30, 0x7, 0xff, 0x0,
    0x46, 0x22, 0x19, 0xc8, 0x80, 0x4, 0xf6, 0x63,
    0x75, 0xdd, 0x7f, 0xee, 0xeb, 0x75, 0x99, 0x5d,
    0x90,

    /* U+5F55 "录" */
    0x0, 0xff, 0xe4, 0x88, 0x88, 0x40, 0x3f, 0xf8,
    0x27, 0x53, 0x2a, 0xa5, 0xdb, 0x37, 0x5d, 0xcf,
    0xfb, 0xb9, 0xbc, 0x60, 0x1f, 0xfc, 0x3, 0x46,
    0x62, 0xa9, 0x10, 0x64, 0x41, 0x1c, 0x46, 0x60,
    0x3, 0x80, 0x7f, 0xf0, 0x7e, 0xa9, 0x76, 0xcd,
    0xd7, 0x7f, 0xdd, 0xcd, 0xcd, 0x0, 0x28, 0x7,
    0xff, 0x4, 0x55, 0x48, 0x83, 0x22, 0x8, 0x7,
    0xc4, 0x0, 0x10, 0xf, 0xfe, 0x8b, 0x1, 0x0,
    0x7f, 0xf0, 0xda, 0x65, 0x54, 0xbb, 0x66, 0x37,
    0x5d, 0xff, 0x50, 0x30, 0x7, 0xff, 0xd, 0x1d,
    0x95, 0x48, 0x83, 0x31, 0x10, 0x46, 0x21, 0x1,
    0x0, 0xff, 0xe1, 0x97, 0xdd, 0xb3, 0x75, 0xdc,
    0xff, 0xbb, 0x9a, 0x80, 0x40, 0x1f, 0xfc, 0x41,
    0x44, 0x19, 0x10, 0x44, 0x1, 0xe1, 0xe, 0x0,
    0xff, 0xe9, 0x30, 0x10, 0x4, 0x2a, 0xc0, 0x1,
    0x43, 0x32, 0x21, 0x54, 0xcc, 0x77, 0x44, 0xca,
    0xa9, 0x76, 0xcc, 0x69, 0x5, 0xff, 0xdd, 0x53,
    0x20, 0x3b, 0xcc, 0x5d, 0xaa, 0x93, 0x28, 0x83,
    0xb3, 0x15, 0x48, 0x83, 0x31, 0x0, 0x4, 0x44,
    0x43, 0x32, 0x0, 0xa, 0xd5, 0x4c, 0xc7, 0x74,
    0x42, 0x65, 0x57, 0x61, 0x8, 0xde, 0xe7, 0xfd,
    0xdc, 0xdd, 0x66, 0x2e, 0x40, 0x9, 0x54, 0x99,
    0x44, 0x1d, 0xcc, 0xc5, 0x44, 0x0, 0x8, 0x82,
    0x20, 0x8, 0x48, 0x3, 0xff, 0x82, 0xc6, 0x1,
    0xfc, 0x60, 0x1e, 0x9d, 0x40, 0xf, 0xf9, 0x67,
    0x28, 0x40, 0x3f, 0xf8, 0x28, 0xe1, 0x0, 0x1f,
    0xf2, 0xc0, 0x2f, 0x30, 0x6, 0x30, 0xe0, 0xc,
    0x76, 0x3, 0xc0, 0x1f, 0xfc, 0x7, 0xd4, 0x9,
    0xa0, 0xe, 0x75, 0x0, 0x1e, 0x81, 0x61, 0x0,
    0x7f, 0xf0, 0x4a, 0xdc, 0x14, 0xc0, 0x3a, 0x91,
    0x70, 0x4f, 0x8, 0x3, 0xff, 0x89, 0x15, 0x26,
    0x42, 0x0, 0x30, 0xba, 0x6, 0xc1, 0x0, 0xff,
    0xe3, 0x2b, 0x47, 0x8, 0x2, 0xa4, 0x0, 0xd2,
    0x1, 0xff, 0xc8, 0x4d, 0x4d, 0x0, 0x85, 0xa4,
    0x1a, 0xc4, 0x3, 0xff, 0x8a, 0x55, 0x6d, 0x82,
    0x2, 0x1, 0x35, 0x8a, 0x7a, 0x0, 0x7f, 0xf0,
    0x86, 0x35, 0x5a, 0xc0, 0x3f, 0x27, 0x98, 0xdc,
    0x80, 0x7f, 0xc2, 0xfc, 0xe1, 0x32, 0x0, 0xff,
    0xe, 0x30, 0x37, 0x28, 0x7, 0xcd, 0x5d, 0x0,
    0x58, 0xc0, 0x1f, 0x78, 0x7, 0x4d, 0x88, 0xaa,
    0xcc, 0x3, 0xbd, 0x40, 0xd, 0xa6, 0x1, 0xff,
    0xc3, 0x4f, 0x60, 0x4c, 0xa1, 0x0, 0xa7, 0x6b,
    0x64, 0x13, 0x60, 0xc0, 0x3f, 0xf8, 0x23, 0x36,
    0x40, 0x86, 0x1, 0x89, 0x48, 0x0, 0x9c, 0x99,
    0xd4, 0xe2, 0x2, 0x1, 0xfc, 0x9b, 0x7c, 0x40,
    0x1f, 0xe3, 0xcb, 0x25, 0x82, 0x1, 0x0, 0xff,
    0x90, 0x3, 0xff, 0x84, 0x99, 0x85, 0x13, 0xa0,
    0xf, 0xfe, 0x18,

    /* U+601D "思" */
    0x0, 0xff, 0xe4, 0x9, 0x1a, 0x2b, 0x20, 0x7,
    0xf9, 0x3e, 0xd9, 0x59, 0xe2, 0x6a, 0xf3, 0x7b,
    0xfd, 0xdb, 0x97, 0x53, 0x70, 0x1, 0xfc, 0x84,
    0x93, 0x53, 0xe, 0xca, 0x86, 0x42, 0x1, 0x9,
    0x19, 0x80, 0x3f, 0xf8, 0x28, 0x0, 0x45, 0x67,
    0x89, 0xa1, 0x8, 0xef, 0xf7, 0x6e, 0x60, 0x1,
    0xc0, 0x1f, 0xe1, 0x2, 0xba, 0x98, 0x76, 0x50,
    0x1, 0x8, 0x7, 0x8, 0x0, 0x80, 0x3f, 0xde,
    0x6, 0x1, 0xff, 0xc4, 0x20, 0x3, 0x80, 0x7f,
    0x84, 0x4, 0x3, 0xe1, 0x1, 0x0, 0xf3, 0x80,
    0x8, 0x3, 0xfc, 0x60, 0x1e, 0x12, 0x30, 0x6,
    0x33, 0xc4, 0x26, 0xa0, 0x0, 0x20, 0x1f, 0xe1,
    0x0, 0x77, 0xfd, 0xdb, 0x80, 0x7, 0x98, 0x77,
    0x32, 0x98, 0x8, 0x7, 0xfc, 0xe0, 0x1, 0x0,
    0x9, 0x1a, 0x0, 0x15, 0xe2, 0x13, 0x56, 0xa0,
    0x40, 0x1f, 0xf0, 0x80, 0x33, 0xfd, 0xdb, 0x96,
    0x0, 0x98, 0x77, 0x32, 0xa0, 0x1, 0xc0, 0x3f,
    0xe2, 0x0, 0x38, 0x7, 0xff, 0xd, 0x80, 0x80,
    0x3f, 0xf8, 0x42, 0x1, 0xff, 0xc3, 0x10, 0xe0,
    0xf, 0xfe, 0x0, 0x81, 0x80, 0x7e, 0x10, 0x0,
    0x88, 0x8c, 0x80, 0x40, 0x3f, 0xf8, 0x55, 0x35,
    0x76, 0xcd, 0x0, 0x6f, 0xfb, 0xb9, 0xb8, 0x0,
    0x81, 0x0, 0xff, 0x84, 0xd, 0x95, 0x10, 0x64,
    0x1, 0xe1, 0x22, 0x1a, 0x20, 0xc0, 0x3f, 0xe3,
    0x3, 0x9a, 0xa5, 0xe6, 0x37, 0xb9, 0xff, 0x76,
    0xeb, 0x2e, 0x88, 0x3, 0xfe, 0xc8, 0xf6, 0x55,
    0x22, 0xf8, 0x8, 0x80, 0x3f, 0xf9, 0x4e, 0x60,
    0x1b, 0xcf, 0x50, 0x3, 0xf3, 0x98, 0x7, 0xf8,
    0x90, 0x3, 0xe9, 0x40, 0xb4, 0x0, 0xf1, 0xc6,
    0x28, 0x7, 0xf7, 0xd9, 0x82, 0x51, 0x0, 0x56,
    0x61, 0x68, 0x1, 0xc6, 0xa1, 0x4c, 0x1, 0xf1,
    0x10, 0x8, 0x39, 0x6c, 0x3, 0x61, 0x85, 0x98,
    0x7, 0x52, 0x4, 0xb8, 0x7, 0xa8, 0xc, 0x43,
    0x41, 0xc0, 0x3b, 0x44, 0x20, 0x0, 0x80, 0x15,
    0xa0, 0x43, 0x80, 0x72, 0x85, 0x80, 0x10, 0x4,
    0x80, 0x30, 0xe8, 0xf0, 0x2, 0x18, 0x2, 0xb3,
    0x8, 0x60, 0x9, 0x8, 0x18, 0x0, 0x64, 0x14,
    0x1, 0xc7, 0xca, 0x0, 0x58, 0x0, 0xda, 0x21,
    0x24, 0x0, 0xf0, 0x41, 0x0, 0xa8, 0x1c, 0x80,
    0x3f, 0xb4, 0x60, 0x2, 0x1d, 0x0, 0x30, 0x1a,
    0x7, 0x0, 0x67, 0x10, 0xf2, 0x0, 0xfc, 0x80,
    0xe6, 0x1, 0x1d, 0xca, 0x7, 0x80, 0xa8, 0x7,
    0x50, 0x16, 0xb8, 0x80, 0x7c, 0xa1, 0xc0, 0x19,
    0x18, 0x8, 0xc2, 0x0, 0x3c, 0x94, 0x0, 0x8e,
    0xb8, 0x65, 0x5c, 0x20, 0x4e, 0x1, 0xe2, 0x85,
    0x60, 0xf, 0x97, 0x54, 0x0, 0x8f, 0x35, 0x59,
    0x0, 0x18, 0x1, 0xf3, 0xd0, 0x7, 0xf1, 0x57,
    0x53, 0x21, 0x0, 0x42, 0x22, 0x6a, 0x0, 0xf0,

    /* U+6211 "我" */
    0x0, 0xff, 0xe2, 0x88, 0x7, 0xff, 0x4c, 0xfb,
    0x4c, 0x3, 0xff, 0xa2, 0x66, 0x2a, 0x0, 0xff,
    0xe7, 0xd, 0x80, 0x14, 0x8, 0x3, 0xff, 0x9a,
    0x5a, 0x94, 0x2, 0xe, 0x0, 0x55, 0x0, 0x7f,
    0xf2, 0x1f, 0x4c, 0x18, 0x3c, 0x8, 0xa, 0xa9,
    0x20, 0x1f, 0xfc, 0x55, 0xe8, 0x2, 0x9c, 0x2,
    0x1, 0x2, 0x80, 0x6b, 0x0, 0xff, 0xe1, 0x36,
    0xd0, 0x85, 0x6b, 0x0, 0x4, 0x0, 0x20, 0xf4,
    0x9, 0x80, 0x1f, 0xe2, 0x9f, 0x91, 0x50, 0x15,
    0x0, 0xcc, 0x0, 0x20, 0x2, 0xd0, 0x1d, 0x80,
    0x7e, 0x3e, 0x39, 0xec, 0xe0, 0xf, 0x88, 0x0,
    0xc0, 0x12, 0xc8, 0x8, 0x7, 0xe3, 0xca, 0x61,
    0x0, 0x84, 0x3, 0xc4, 0x4, 0x1, 0x9b, 0x28,
    0x3, 0xff, 0x96, 0xc1, 0xc0, 0x1, 0x23, 0x75,
    0x7a, 0x40, 0x8, 0x40, 0x21, 0x22, 0x19, 0x80,
    0xf, 0x13, 0x57, 0x8a, 0xd, 0xfe, 0xed, 0xcb,
    0xa8, 0x5b, 0x30, 0x7, 0x7f, 0xdd, 0xba, 0xc8,
    0x0, 0x43, 0xb2, 0xa1, 0x88, 0x7, 0x84, 0x8d,
    0x15, 0x84, 0x1, 0x0, 0x1c, 0x24, 0x40, 0x3,
    0x3c, 0x42, 0x6a, 0x40, 0x19, 0xdf, 0xee, 0x9e,
    0xba, 0x92, 0x0, 0x3f, 0xf7, 0xfd, 0xdb, 0x20,
    0x9, 0x87, 0x73, 0x2b, 0x0, 0x18, 0x40, 0x2d,
    0xd2, 0x0, 0x7c, 0x20, 0x1f, 0xfc, 0x34, 0xc,
    0x0, 0xce, 0x1c, 0x1, 0xff, 0xcb, 0xc0, 0x40,
    0x9, 0x84, 0x38, 0x3, 0xff, 0x8e, 0xb5, 0x0,
    0x80, 0x44, 0x0, 0x40, 0x22, 0x0, 0x3f, 0xf8,
    0x2e, 0x0, 0x6a, 0xfa, 0x39, 0x3, 0x10, 0xa0,
    0x71, 0x9, 0x0, 0xff, 0xe0, 0x9d, 0x0, 0x25,
    0x1f, 0xa4, 0x40, 0xe, 0xa, 0x50, 0xe, 0x40,
    0x1f, 0x85, 0x22, 0xff, 0x18, 0x1, 0x3d, 0x2,
    0x1, 0xac, 0xb, 0x0, 0xe0, 0x3, 0xe6, 0xfe,
    0xb7, 0x40, 0x25, 0x0, 0x30, 0x7, 0xc4, 0x80,
    0x22, 0xd0, 0xf, 0xcc, 0x60, 0x1, 0x6c, 0xd9,
    0x0, 0xff, 0x88, 0x1, 0x2, 0x1, 0xc2, 0x20,
    0x6, 0x56, 0x74, 0x98, 0x7, 0xff, 0x1, 0xd8,
    0x1, 0x60, 0x1e, 0x97, 0x0, 0x94, 0xc0, 0x3f,
    0xf8, 0x4f, 0x3, 0x20, 0x4e, 0x1, 0xc8, 0x20,
    0x1f, 0xfc, 0x69, 0x82, 0xc6, 0x60, 0x41, 0x0,
    0x63, 0x0, 0xe3, 0x20, 0xf, 0xf0, 0xdb, 0x26,
    0x90, 0x48, 0x87, 0x80, 0x46, 0x2, 0x1, 0x9b,
    0x64, 0x40, 0x3e, 0x3c, 0x49, 0xb0, 0xd, 0xa0,
    0x56, 0x0, 0x40, 0x30, 0xc, 0xac, 0xce, 0xa5,
    0x0, 0x8, 0x2e, 0x3f, 0x30, 0x7, 0x1c, 0x82,
    0x58, 0x60, 0x8, 0x7, 0x4b, 0x82, 0xc8, 0x4,
    0x39, 0x8a, 0x10, 0xf, 0x99, 0x80, 0x9a, 0x80,
    0xc0, 0x1e, 0x8a, 0x10, 0xc, 0x32, 0x60, 0x1f,
    0xe9, 0x60, 0x20, 0x12, 0x0, 0xf9, 0x7d, 0x46,
    0x44, 0x3, 0xff, 0x85, 0x34, 0x61, 0x60,

    /* U+624B "手" */
    0x0, 0xff, 0xe5, 0xa6, 0x88, 0x7, 0xff, 0x45,
    0x2a, 0xca, 0x0, 0x3f, 0xf9, 0xc9, 0x3d, 0x6a,
    0x0, 0x40, 0xf, 0xfe, 0x50, 0xad, 0x7d, 0xb0,
    0x80, 0xb5, 0xe8, 0x7, 0xff, 0x1d, 0x23, 0x3a,
    0x94, 0x5, 0x67, 0x7a, 0x50, 0x3, 0xff, 0x88,
    0x8f, 0x7f, 0x6e, 0x46, 0x20, 0xdd, 0x4c, 0x40,
    0x1f, 0xfc, 0x56, 0xd8, 0xd3, 0x9b, 0xee, 0x63,
    0x82, 0x0, 0x7f, 0xf2, 0x5b, 0x72, 0xa1, 0x90,
    0x40, 0x18, 0x4, 0x1, 0xff, 0xd3, 0x70, 0x1,
    0x80, 0x7f, 0xf4, 0x88, 0x0, 0xa0, 0x1, 0x24,
    0x59, 0x70, 0xf, 0xfe, 0x8, 0x8c, 0x68, 0xac,
    0xf1, 0x40, 0x9, 0xff, 0x76, 0xdd, 0x34, 0x48,
    0x7, 0xff, 0x1, 0xbb, 0x99, 0x75, 0x30, 0xea,
    0x1, 0x84, 0x8d, 0x59, 0xe6, 0x80, 0x3f, 0xf8,
    0xe, 0xa4, 0x68, 0xcf, 0x13, 0x6a, 0x5, 0xfd,
    0xb9, 0x53, 0xc, 0x60, 0x1f, 0xfc, 0x1a, 0xdc,
    0xb9, 0x87, 0x64, 0xc0, 0x30, 0xf, 0xfe, 0x99,
    0x80, 0x80, 0x7f, 0xf4, 0xd8, 0x0, 0x20, 0x1f,
    0xfd, 0x21, 0x0, 0x10, 0x4, 0x24, 0x68, 0xac,
    0xf3, 0xb0, 0x1, 0xf8, 0x48, 0xd1, 0x54, 0xcf,
    0x10, 0x0, 0x6f, 0x7f, 0xbb, 0x72, 0xea, 0x61,
    0x89, 0xe1, 0xfb, 0x75, 0xdf, 0xee, 0xdc, 0xba,
    0xa4, 0xc3, 0xa8, 0x0, 0x44, 0x1, 0xe1, 0x11,
    0x1a, 0x2e, 0xb0, 0x11, 0x4, 0x2, 0x11, 0x11,
    0xa2, 0xb3, 0xc0, 0x1, 0x6e, 0xd9, 0xbd, 0xfe,
    0xee, 0x6e, 0x5d, 0x28, 0xf6, 0xe6, 0xf7, 0xfb,
    0xb9, 0xb9, 0x75, 0x30, 0xe0, 0xd, 0x44, 0x19,
    0x8, 0x7, 0xfc, 0x46, 0x42, 0x1, 0xff, 0xc1,
    0xf0, 0xf, 0xff, 0xf8, 0x7, 0xff, 0xb4, 0x40,
    0x3f, 0xf9, 0xc8, 0x1, 0xe3, 0x0, 0x78, 0x7,
    0xff, 0x2f, 0xfa, 0x8, 0x2, 0x60, 0x0, 0x80,
    0x7f, 0xf2, 0xed, 0xdd, 0xb9, 0x9, 0x80, 0x3,
    0x0, 0xff, 0xe6, 0x4d, 0x91, 0xbd, 0xb8, 0x1,
    0x80, 0x3f, 0xf9, 0xa9, 0xae, 0x1, 0x84, 0xc0,
    0x3f, 0xf9, 0xf1, 0xd0, 0x43, 0xa0, 0x1f, 0xfc,
    0x30,

    /* U+62E9 "择" */
    0x0, 0xf2, 0x39, 0x0, 0x7f, 0xf5, 0x1e, 0x34,
    0xc0, 0x3f, 0xfa, 0x66, 0x20, 0xa0, 0x18, 0xce,
    0x45, 0x67, 0x89, 0xab, 0xcd, 0xec, 0x40, 0xf,
    0xfe, 0x1, 0x80, 0x7b, 0x73, 0x17, 0x53, 0xe,
    0xca, 0x86, 0x42, 0x7e, 0x1, 0xff, 0xc7, 0xd3,
    0x23, 0x45, 0x67, 0x89, 0xab, 0x60, 0x4, 0x0,
    0x7f, 0xf0, 0x8c, 0x3, 0x1e, 0x7b, 0xfd, 0x4c,
    0x3b, 0x2b, 0xb0, 0x41, 0x80, 0x7f, 0xf2, 0x59,
    0x2d, 0x0, 0x3b, 0x81, 0x1c, 0x3, 0xff, 0x94,
    0x92, 0x16, 0xa0, 0x15, 0x90, 0xd0, 0x7, 0xe2,
    0x1, 0x23, 0x43, 0xf, 0x8b, 0xe5, 0x0, 0x9a,
    0x42, 0x9c, 0x2d, 0x7, 0x4, 0x3, 0xf6, 0x7f,
    0x6e, 0x58, 0x82, 0xba, 0xd, 0x18, 0x4, 0xd6,
    0x11, 0xc8, 0x38, 0x40, 0x1f, 0xd6, 0x22, 0x23,
    0x40, 0x3, 0x55, 0xe6, 0x98, 0x6, 0x4b, 0x1,
    0x6, 0x20, 0xf, 0xf2, 0xf7, 0x37, 0x2c, 0x43,
    0x55, 0xc, 0x80, 0x39, 0x28, 0x4, 0x1e, 0xcc,
    0x3, 0xff, 0x9d, 0x16, 0x2f, 0xd6, 0x49, 0x96,
    0x80, 0x1f, 0xfc, 0xa4, 0xd7, 0x2c, 0xa0, 0x4d,
    0x81, 0x4b, 0xe8, 0x20, 0xf, 0xfe, 0x12, 0xe9,
    0x95, 0x58, 0x4e, 0x9f, 0x7b, 0x83, 0xf4, 0x90,
    0xbe, 0xea, 0x0, 0x3f, 0xdb, 0xaa, 0xb5, 0xc0,
    0xbd, 0x60, 0x5, 0x85, 0x80, 0x4d, 0xb6, 0xa0,
    0x42, 0x1, 0xfe, 0x61, 0xd6, 0x7e, 0xa4, 0x0,
    0xc2, 0x1, 0xf2, 0x57, 0xec, 0x80, 0x70, 0xbf,
    0x8, 0x3e, 0x10, 0x8, 0x8, 0x6, 0x11, 0x0,
    0xa2, 0xb4, 0xd0, 0x80, 0x8, 0x3, 0x1c, 0xf4,
    0x8, 0x3, 0x0, 0x30, 0xf7, 0xfe, 0xe8, 0x2,
    0xba, 0x96, 0x5c, 0x0, 0xe9, 0xec, 0x60, 0x2b,
    0x0, 0xf8, 0x64, 0x84, 0x88, 0x64, 0x2, 0xcf,
    0x13, 0x52, 0x1, 0xd4, 0x0, 0x2a, 0xd4, 0x0,
    0xfc, 0xdb, 0xdb, 0xac, 0xb0, 0x29, 0x87, 0x65,
    0x40, 0xe, 0x3f, 0xcd, 0x50, 0xf, 0xfe, 0x98,
    0x98, 0x7, 0x9c, 0x3, 0xff, 0x84, 0x22, 0x22,
    0x1a, 0xb0, 0x80, 0x7f, 0xf1, 0x33, 0xb7, 0x5d,
    0xff, 0x48, 0x1f, 0x73, 0x75, 0x95, 0x3e, 0x40,
    0x1f, 0xfc, 0x3f, 0x2, 0x20, 0x80, 0x78, 0x88,
    0x68, 0x85, 0x53, 0x88, 0x7, 0xff, 0xc, 0xfb,
    0x9b, 0xdc, 0xff, 0x48, 0x1e, 0xeb, 0x2e, 0xd5,
    0x49, 0x30, 0xc, 0x20, 0x1f, 0xfc, 0x1, 0x21,
    0x10, 0x7, 0xff, 0x19, 0xac, 0x40, 0x3f, 0xfa,
    0x8e, 0xee, 0x81, 0x0, 0xff, 0xe9, 0xe9, 0x3f,
    0x0, 0x7f, 0xf0, 0x84, 0x3, 0xff, 0x88, 0x38,
    0x40, 0x1f, 0xfc, 0x3e, 0x0, 0xff, 0xe2, 0x8e,
    0xb0, 0xb9, 0x80, 0x7f, 0xd4, 0x4c, 0x1, 0xff,
    0x0,

    /* U+6362 "换" */
    0x0, 0xe4, 0x61, 0x0, 0xff, 0x42, 0x80, 0x7f,
    0xf2, 0x67, 0xc8, 0x3, 0xf9, 0x6a, 0x80, 0x1f,
    0xfc, 0x74, 0x1, 0x60, 0xf, 0xc2, 0x40, 0xe0,
    0x1f, 0xfc, 0x81, 0x0, 0xff, 0x30, 0x2, 0x0,
    0x3f, 0xfa, 0x72, 0x6, 0xa0, 0x1f, 0xfd, 0x27,
    0x10, 0x1b, 0xcd, 0xef, 0xf6, 0x8, 0x7, 0xff,
    0x28, 0x64, 0x0, 0x48, 0x40, 0x60, 0x1, 0x0,
    0xff, 0xe5, 0xd8, 0xa7, 0x7f, 0xbb, 0x5c, 0x1,
    0xe2, 0x1, 0xff, 0x9, 0x0, 0x31, 0xed, 0x80,
    0xa, 0xa2, 0xb1, 0x0, 0x95, 0x41, 0x64, 0x1,
    0xf8, 0xbf, 0xee, 0xd1, 0x7, 0x84, 0x95, 0x2b,
    0x2c, 0x0, 0xc5, 0x41, 0x8, 0x1, 0xfc, 0x4e,
    0x22, 0x23, 0x0, 0x2c, 0x56, 0x27, 0x8a, 0x18,
    0x0, 0x4b, 0xc0, 0x88, 0xcf, 0xe, 0x20, 0x1e,
    0x8e, 0xe6, 0xe0, 0x87, 0x3a, 0x9d, 0x2, 0xb6,
    0xff, 0xbb, 0x48, 0xa, 0xa6, 0x1e, 0x34, 0x3,
    0xff, 0x89, 0x3, 0xbc, 0x0, 0x12, 0x33, 0x0,
    0x1e, 0x21, 0x28, 0xa, 0x1, 0xff, 0xc1, 0x70,
    0x4, 0xd0, 0x38, 0xf, 0x6e, 0x70, 0x2, 0x1d,
    0xcc, 0x21, 0xe0, 0x1f, 0xf0, 0x80, 0x65, 0x40,
    0x10, 0x10, 0xf, 0xf3, 0x1, 0x0, 0x7f, 0xf0,
    0x86, 0xa5, 0x40, 0xc0, 0x38, 0x40, 0x40, 0x31,
    0x3, 0x0, 0x7f, 0xf0, 0x67, 0x87, 0x44, 0x4,
    0x3, 0x9c, 0xc, 0x3, 0x8, 0x10, 0x7, 0xff,
    0x5, 0x5e, 0xc0, 0x3c, 0x20, 0x1, 0x1, 0x0,
    0x84, 0x8, 0x3, 0xfc, 0xba, 0x0, 0x98, 0x0,
    0xe1, 0x3, 0x0, 0x10, 0x30, 0x4, 0x40, 0xc0,
    0x1f, 0x93, 0x68, 0x80, 0xa, 0x1, 0xe3, 0x1,
    0x1, 0xd0, 0x2, 0xb3, 0x24, 0x1a, 0xaf, 0xb0,
    0x81, 0xf6, 0xc8, 0x1c, 0x3, 0xab, 0x73, 0x48,
    0x33, 0xf9, 0x41, 0x6a, 0x64, 0xa0, 0x4a, 0x82,
    0x74, 0x6, 0x40, 0x79, 0x0, 0x1d, 0x2, 0x64,
    0x24, 0x67, 0x0, 0x43, 0x13, 0x54, 0xbc, 0xdd,
    0x74, 0x2, 0x76, 0xe1, 0x80, 0x78, 0xb3, 0xfd,
    0xdb, 0x98, 0x50, 0x42, 0x10, 0x65, 0x52, 0x19,
    0x10, 0x40, 0x21, 0x20, 0xf, 0xfe, 0x18, 0xb0,
    0x4f, 0x4, 0x20, 0x7, 0xff, 0x3e, 0x81, 0x88,
    0xe4, 0x2c, 0xc0, 0x3f, 0xf9, 0xb0, 0x85, 0x20,
    0x6, 0x60, 0x62, 0x0, 0x7f, 0xf0, 0xc4, 0x3,
    0xe7, 0x70, 0xf8, 0x6, 0x95, 0xb, 0x50, 0xf,
    0x9a, 0x0, 0x3f, 0xf8, 0x11, 0x1, 0xc2, 0x0,
    0xea, 0x50, 0xa9, 0x0, 0xf3, 0xb6, 0xa8, 0x7,
    0xe1, 0xb7, 0x3f, 0x20, 0xf, 0xa9, 0x81, 0xb5,
    0x0, 0x30, 0xe1, 0xd7, 0x0, 0x4, 0x2, 0x5f,
    0x47, 0xc1, 0x0, 0xfe, 0x98, 0x2, 0xbb, 0x18,
    0x4, 0x58, 0x22, 0x0, 0x8, 0x15, 0xd2, 0xec,
    0x0, 0x7f, 0xf0, 0x1f, 0x4, 0x13, 0x10, 0x2,
    0x2f, 0x50, 0x72, 0x3f, 0x3d, 0xb2, 0x0, 0xff,
    0xe1, 0x1f, 0x38, 0xba, 0x0, 0x61, 0xaf, 0x80,
    0x3d, 0x82, 0x0, 0xff, 0xe3, 0x47, 0x40, 0x0,

    /* U+64AD "播" */
    0x0, 0xf3, 0x20, 0x7, 0xff, 0x22, 0x98, 0x3,
    0xfe, 0xfb, 0xb0, 0x7, 0xff, 0x11, 0x6b, 0x96,
    0x44, 0x3, 0xfd, 0xa0, 0x80, 0x1f, 0xfc, 0x3,
    0x7b, 0xfa, 0x51, 0x1, 0x30, 0xf, 0xf3, 0x80,
    0x7f, 0xa, 0x3d, 0xfe, 0x42, 0x1, 0xb3, 0xd7,
    0x10, 0x7, 0xff, 0x15, 0xab, 0xb9, 0x70, 0xea,
    0x3, 0x9f, 0x93, 0xf5, 0x20, 0x1f, 0xf3, 0x80,
    0x78, 0xbd, 0xf3, 0xbf, 0x28, 0x0, 0x60, 0x15,
    0x1, 0x80, 0x7f, 0xf0, 0x44, 0x3, 0x20, 0x36,
    0x90, 0x7, 0xe6, 0x21, 0xb0, 0xf, 0xfe, 0x3a,
    0xb0, 0xe2, 0x80, 0x46, 0x0, 0x29, 0x1c, 0x10,
    0xf, 0x19, 0xe5, 0xc0, 0x19, 0xcf, 0xb0, 0x4,
    0xb8, 0x51, 0x80, 0x77, 0x9f, 0x90, 0x7, 0xcb,
    0x99, 0x53, 0x80, 0x18, 0xc1, 0x10, 0x0, 0x86,
    0x33, 0x0, 0x42, 0xa9, 0x8, 0xad, 0x14, 0x40,
    0x13, 0x42, 0xb4, 0x30, 0x3, 0x37, 0xdf, 0x66,
    0xad, 0x47, 0xbc, 0xb, 0xa9, 0xae, 0xa9, 0x2e,
    0xbe, 0x1, 0x9e, 0xa5, 0xf4, 0x4, 0xc8, 0x35,
    0x98, 0xa8, 0x40, 0x20, 0x19, 0x22, 0x13, 0x57,
    0x6c, 0xc0, 0x7, 0xff, 0x9, 0x7f, 0xbf, 0xdd,
    0x0, 0x10, 0x89, 0x3d, 0xd9, 0x51, 0x6, 0x20,
    0x1f, 0xfc, 0x41, 0x0, 0x25, 0x3, 0x80, 0x30,
    0x9f, 0x50, 0x3, 0xff, 0x8c, 0x98, 0x20, 0x5,
    0xb0, 0x8a, 0x0, 0x16, 0xa9, 0x5d, 0x8c, 0x3,
    0xff, 0x84, 0x57, 0x50, 0x20, 0xd4, 0x12, 0xe0,
    0x3, 0x0, 0x55, 0x5, 0x32, 0xcc, 0x3, 0xfe,
    0x1d, 0x7f, 0x40, 0x99, 0x16, 0x30, 0x30, 0x7,
    0x2f, 0x38, 0x26, 0x61, 0x40, 0x3c, 0x3c, 0x0,
    0x7c, 0x12, 0xc6, 0x66, 0x98, 0x1, 0xc0, 0x3e,
    0x8d, 0x40, 0x3a, 0x60, 0x8, 0x67, 0x94, 0x6,
    0x1, 0x34, 0xd2, 0x0, 0x31, 0xe5, 0x89, 0x1a,
    0x21, 0xa2, 0xb1, 0xa1, 0x80, 0xeb, 0x98, 0x3,
    0xdb, 0x7a, 0x9f, 0x9b, 0xae, 0xfc, 0x9e, 0xdc,
    0xbb, 0x4a, 0xc1, 0xcb, 0x84, 0xe2, 0x80, 0x22,
    0x40, 0xc0, 0x12, 0x84, 0x2, 0x64, 0x40, 0x20,
    0x2, 0x2a, 0x99, 0xc8, 0x30, 0x3, 0x4a, 0x83,
    0x73, 0x98, 0x7, 0xf7, 0xfd, 0xda, 0x0, 0xba,
    0xa4, 0xc3, 0x3, 0x0, 0x75, 0x7c, 0x88, 0x7,
    0xf0, 0x80, 0x80, 0x7f, 0xce, 0x4, 0x1, 0xff,
    0xc6, 0x30, 0x30, 0x11, 0x10, 0x1, 0x54, 0xce,
    0xe2, 0x1, 0x0, 0xff, 0xe3, 0x8, 0x6f, 0xf7,
    0x34, 0x1, 0x54, 0x98, 0x80, 0x88, 0x3, 0xff,
    0x8e, 0xe0, 0x68, 0xac, 0xc0, 0x4, 0xd5, 0x2e,
    0xc0, 0x40, 0x1f, 0x8, 0x7, 0xfc, 0x21, 0x37,
    0x53, 0x20, 0x16, 0x55, 0x22, 0x83, 0x80, 0x7d,
    0xb2, 0x40, 0x1f, 0xc6, 0x6, 0x1, 0x8, 0x7,
    0x88, 0x8, 0x3, 0xef, 0x6d, 0xac, 0x0, 0xf8,
    0x43, 0x62, 0x65, 0x60, 0x37, 0x6c, 0xc6, 0x82,
    0x80, 0x7c, 0x74, 0xa, 0xc0, 0x1f, 0x78, 0x23,
    0xb3, 0x14, 0x0, 0x88, 0x33, 0x8, 0x1a, 0x80,
    0x7c, 0xb4, 0x1, 0x30, 0x7, 0x78, 0x1d, 0x52,
    0xee, 0xcc, 0x6e, 0xbb, 0xaf, 0x50, 0xf, 0xcb,
    0x84, 0x49, 0x0, 0xed, 0x25, 0x59, 0x12, 0x33,
    0x11, 0x4, 0x60, 0xf, 0x0,

    /* U+653E "放" */
    0x0, 0xff, 0xe4, 0xbb, 0x80, 0x3f, 0xf8, 0xea,
    0xa1, 0x0, 0xff, 0xb6, 0x28, 0x3, 0xff, 0x8c,
    0x75, 0xe2, 0x1, 0xfe, 0x70, 0x40, 0xf, 0xfe,
    0x33, 0x80, 0x98, 0x7, 0xf0, 0x90, 0x38, 0x7,
    0xff, 0x4d, 0x80, 0x14, 0x1, 0xff, 0xd3, 0xb0,
    0x23, 0x0, 0xff, 0xe3, 0x8, 0x7, 0xfc, 0x46,
    0x16, 0x1, 0xff, 0xca, 0x74, 0x67, 0x9d, 0x70,
    0x2, 0x80, 0x18, 0x3, 0xff, 0x80, 0x3b, 0x76,
    0xcd, 0xef, 0x0, 0x55, 0xcc, 0x31, 0x42, 0x85,
    0x3, 0x80, 0x61, 0x23, 0x47, 0xb5, 0x0, 0xb,
    0xa2, 0xc, 0x84, 0x0, 0x24, 0x68, 0xac, 0xf2,
    0x88, 0x20, 0x5d, 0xef, 0xf7, 0x6e, 0x5c, 0x25,
    0x20, 0x2, 0xae, 0xaf, 0x18, 0x17, 0xb7, 0x2e,
    0xa6, 0x18, 0x7c, 0x0, 0x44, 0x11, 0x88, 0x0,
    0x6c, 0xf0, 0xc0, 0x12, 0x2a, 0x19, 0x83, 0x40,
    0x3f, 0x12, 0x2, 0xf7, 0xfb, 0xb9, 0x20, 0x8,
    0x98, 0x72, 0x0, 0xf9, 0xc0, 0xc0, 0x3f, 0x40,
    0x1, 0x4, 0x3, 0x68, 0xa, 0x0, 0x7f, 0xc4,
    0x2, 0x8a, 0xf0, 0x80, 0x2, 0x54, 0x31, 0x60,
    0xc, 0xe0, 0x80, 0x1f, 0xf1, 0x80, 0x2a, 0xea,
    0x1e, 0xcc, 0x24, 0x26, 0x82, 0x80, 0x23, 0x10,
    0xe0, 0xf, 0xf9, 0x40, 0x55, 0x9d, 0xc0, 0x1,
    0x54, 0xa2, 0x61, 0x34, 0x0, 0x50, 0xa, 0x0,
    0x7f, 0xda, 0x11, 0x53, 0x18, 0x0, 0x2b, 0x75,
    0x0, 0x48, 0x48, 0x1, 0x81, 0x80, 0x3f, 0xf8,
    0x8, 0x8, 0x1, 0x10, 0x11, 0x26, 0x0, 0x26,
    0x12, 0x67, 0x0, 0x48, 0x7, 0xfc, 0x60, 0x24,
    0x1, 0x70, 0x31, 0x38, 0x6, 0x18, 0x8, 0x90,
    0x51, 0x0, 0xff, 0xac, 0x18, 0x3, 0x10, 0x10,
    0x7, 0xcc, 0x42, 0x20, 0x80, 0xf, 0xfe, 0x2,
    0x85, 0x80, 0x61, 0xe, 0x0, 0xfd, 0x0, 0x6,
    0x20, 0xf, 0xf8, 0xc8, 0x86, 0x1, 0x98, 0x8,
    0x3, 0xf7, 0x80, 0x1c, 0x40, 0x3f, 0xea, 0xb,
    0x0, 0xe2, 0x6, 0x0, 0xf9, 0x14, 0x4, 0x54,
    0x1, 0xff, 0x30, 0xb0, 0x6, 0x30, 0x1, 0x0,
    0x7d, 0x20, 0xda, 0x9, 0x0, 0x1f, 0xcc, 0x12,
    0x1, 0xca, 0x2, 0x20, 0xf, 0x51, 0x12, 0x4e,
    0x41, 0xdc, 0x1, 0xfa, 0xc9, 0xd4, 0x3, 0x60,
    0x28, 0x7, 0x99, 0x43, 0xc0, 0xc, 0xa1, 0xa,
    0x1, 0xe6, 0x29, 0xf, 0xb1, 0x0, 0x20, 0x60,
    0x7, 0x24, 0x85, 0x90, 0x5, 0x46, 0x14, 0xa0,
    0x1d, 0x6c, 0x81, 0x6b, 0xec, 0x62, 0x8, 0x1,
    0x8e, 0xc2, 0x90, 0x3, 0xb4, 0x82, 0x98, 0x2,
    0x50, 0x90, 0x0, 0xe8, 0xce, 0x0, 0x98, 0x4,
    0x5a, 0x14, 0xa0, 0x1e, 0x1f, 0x10, 0x98, 0x0,
    0xbc, 0x3, 0x1d, 0x80, 0x52, 0x1, 0x1e, 0x6,
    0x28, 0x7, 0xe2, 0xc0, 0x3, 0xd0, 0x29, 0x0,
    0x72, 0x62, 0xc3, 0x80, 0x13, 0x13, 0xcc, 0x3,
    0xfc, 0x58, 0x0, 0x59, 0x0, 0xfc, 0x74, 0xe0,
    0x1, 0xfb, 0xa1, 0x0, 0xff, 0xe0, 0x1e, 0x12,
    0x40,

    /* U+6570 "数" */
    0x0, 0xff, 0xe5, 0x18, 0x7, 0xff, 0x20, 0xbe,
    0x80, 0x3f, 0xef, 0xe4, 0x0, 0xff, 0xe3, 0x10,
    0xa9, 0x80, 0x9, 0xc0, 0x3c, 0x22, 0x80, 0xf,
    0xfe, 0x13, 0x10, 0x4, 0x60, 0x19, 0x22, 0x40,
    0x38, 0x81, 0x40, 0x3f, 0xf8, 0x53, 0x84, 0x1,
    0xf4, 0x7, 0x80, 0x62, 0x0, 0x60, 0x7, 0xff,
    0xa, 0xc7, 0x8, 0x3, 0xa4, 0x65, 0x80, 0x32,
    0x0, 0x14, 0x3, 0xff, 0x84, 0x92, 0x3e, 0x1,
    0x99, 0x96, 0xc0, 0x1d, 0xe0, 0x80, 0x1f, 0xfc,
    0x46, 0x51, 0x0, 0x9f, 0x35, 0x0, 0x3c, 0x81,
    0xa0, 0x1f, 0xfc, 0x11, 0x0, 0xc, 0x7a, 0x18,
    0x69, 0x5d, 0xb3, 0xb4, 0x40, 0x88, 0xe, 0x0,
    0x12, 0x36, 0x98, 0x0, 0xe9, 0xff, 0x76, 0xe5,
    0x88, 0x33, 0xb2, 0x18, 0x82, 0x2, 0x0, 0x3f,
    0xee, 0xdc, 0x96, 0x7a, 0x0, 0xd2, 0xc8, 0xac,
    0xc0, 0xa, 0x33, 0x7b, 0xfd, 0xaa, 0x1a, 0x2,
    0x66, 0x45, 0x10, 0x18, 0x99, 0x0, 0x61, 0x9b,
    0xa8, 0x50, 0x10, 0x8d, 0x41, 0x0, 0xc2, 0x81,
    0x9b, 0x97, 0x40, 0x7, 0x73, 0x18, 0x7, 0xed,
    0x37, 0x30, 0x71, 0x9d, 0x30, 0x9, 0x80, 0x8,
    0x1, 0x8, 0x83, 0x0, 0x3f, 0xd6, 0x6f, 0x6,
    0x15, 0xca, 0x59, 0x20, 0xa, 0x0, 0x68, 0x4,
    0x80, 0x4, 0x0, 0xfc, 0x38, 0x93, 0x0, 0x20,
    0x1, 0xa9, 0x6, 0x33, 0x13, 0xa, 0x0, 0x5a,
    0x6, 0x20, 0x1f, 0x16, 0xe, 0x30, 0x6, 0x30,
    0x3, 0x64, 0x1c, 0x84, 0x38, 0x28, 0x1, 0x42,
    0xc0, 0x3e, 0x2f, 0x5d, 0x30, 0x3, 0x4b, 0x8,
    0x4, 0x6e, 0x2b, 0x23, 0x41, 0xc0, 0x44, 0x5,
    0x0, 0xf8, 0xf2, 0x0, 0x35, 0xcd, 0x80, 0x18,
    0x80, 0xc, 0x8c, 0x6, 0x48, 0x4a, 0x6, 0x40,
    0x1f, 0x8, 0x80, 0x31, 0x10, 0x4, 0x1, 0x7a,
    0x60, 0x76, 0x1, 0x58, 0x55, 0x2, 0x80, 0x3f,
    0xf8, 0x2, 0x56, 0x4, 0xa, 0xc4, 0x1d, 0x95,
    0x20, 0x13, 0x3, 0x90, 0x30, 0x7, 0xed, 0xff,
    0xbb, 0x58, 0xb, 0x2a, 0x0, 0x15, 0x19, 0x20,
    0x19, 0xc0, 0xe, 0x1, 0xfd, 0x20, 0x10, 0x80,
    0xe, 0xb7, 0xd4, 0x15, 0xd0, 0x80, 0x3b, 0x0,
    0x18, 0x1, 0xfc, 0x9f, 0xdf, 0xc2, 0x1c, 0xa4,
    0x44, 0x9, 0x0, 0xfd, 0x20, 0x9, 0x0, 0xff,
    0x84, 0x1c, 0x58, 0x80, 0x16, 0x8, 0x60, 0x1f,
    0x31, 0x9, 0x12, 0x0, 0x3f, 0xf8, 0x1a, 0xd,
    0x44, 0x6c, 0x10, 0x1, 0xf0, 0xc0, 0x57, 0x3,
    0xa0, 0x7, 0xfd, 0x50, 0x2b, 0xba, 0x7, 0x30,
    0xf, 0xa8, 0x59, 0xd, 0xc2, 0x88, 0x3, 0xfe,
    0x7e, 0x60, 0x10, 0xf0, 0xf, 0x9d, 0xe, 0x40,
    0x10, 0x63, 0xe2, 0x1, 0xff, 0x13, 0x80, 0x84,
    0x69, 0x80, 0x64, 0x82, 0xd0, 0xd, 0xc2, 0x5a,
    0x1, 0xfe, 0x6d, 0x16, 0xea, 0x12, 0xc8, 0x0,
    0x15, 0x8f, 0x88, 0x6, 0x2a, 0x3, 0xc1, 0x0,
    0xf1, 0xdc, 0x8d, 0x48, 0x2f, 0xa0, 0x38, 0x8b,
    0xb, 0x8, 0x3, 0xc9, 0x20, 0x78, 0x20, 0x12,
    0x5e, 0x2b, 0xfa, 0x80, 0x43, 0x70, 0xa1, 0x85,
    0x84, 0x1, 0xf9, 0xa0, 0xb, 0xc4, 0x2e, 0xa,
    0xba, 0x4, 0x3, 0xcf, 0x5a, 0xb8, 0x20, 0x1f,
    0xe7, 0x81, 0x91, 0xb, 0xc9, 0x50, 0xf, 0xfb,
    0x60, 0x3, 0xff, 0x82, 0xfc, 0xe0,

    /* U+6587 "文" */
    0x0, 0xff, 0xe1, 0xc4, 0xc, 0x3, 0xff, 0xa6,
    0x2f, 0x80, 0x1f, 0xfd, 0x3f, 0x0, 0x8, 0x7,
    0xff, 0x48, 0xc0, 0x3f, 0xfb, 0x2, 0x1, 0xff,
    0xf7, 0x11, 0x11, 0xa2, 0xb3, 0xc4, 0xd5, 0xeb,
    0x0, 0x66, 0x62, 0xb3, 0xc4, 0xd5, 0x2f, 0x37,
    0xa8, 0x1, 0xdc, 0xdc, 0xba, 0x98, 0x76, 0x54,
    0x29, 0x60, 0x8, 0x66, 0xa6, 0x1d, 0x95, 0x48,
    0x64, 0x20, 0x18, 0x48, 0xc4, 0x0, 0xaf, 0x13,
    0x57, 0x8c, 0x1, 0x3b, 0x91, 0xa, 0xcc, 0x0,
    0x3d, 0xe6, 0xeb, 0xbf, 0xdd, 0xb8, 0x0, 0x1a,
    0x87, 0x65, 0x43, 0x0, 0xe8, 0xbb, 0x54, 0xc8,
    0xc0, 0xd0, 0xc8, 0x82, 0x1, 0x94, 0x42, 0x40,
    0x3f, 0xf8, 0xde, 0x8, 0x60, 0x1f, 0xb8, 0x0,
    0xc0, 0x1f, 0xfc, 0x63, 0x40, 0x80, 0xf, 0x89,
    0x1, 0xc4, 0x3, 0xff, 0x8f, 0x0, 0x8a, 0x1,
    0xe8, 0x0, 0x48, 0x7, 0xff, 0x20, 0xd8, 0x20,
    0x3, 0x8d, 0x41, 0xc4, 0x3, 0xff, 0x93, 0x0,
    0x50, 0x1, 0xbc, 0x6, 0x0, 0x3f, 0xf9, 0x43,
    0x20, 0xe6, 0x0, 0x53, 0xb, 0x0, 0xff, 0xe6,
    0x31, 0x86, 0x88, 0xac, 0xd, 0x40, 0x3f, 0xf9,
    0xbc, 0x3, 0x54, 0x10, 0xe0, 0xf, 0xfe, 0x71,
    0x50, 0x22, 0x2, 0x48, 0x3, 0xff, 0x9e, 0xaa,
    0x0, 0x13, 0x0, 0x7f, 0xf4, 0x11, 0x40, 0x5,
    0x60, 0x1f, 0xfc, 0xf4, 0xb0, 0x26, 0x4, 0xd1,
    0x0, 0xff, 0xe6, 0x35, 0x81, 0xe4, 0xb8, 0x17,
    0x98, 0x7, 0xff, 0x2a, 0x24, 0xf, 0x44, 0x22,
    0x40, 0x72, 0x0, 0x3f, 0xf8, 0xe3, 0x6e, 0xd,
    0x82, 0x1, 0x35, 0x88, 0x3e, 0x10, 0x7, 0xff,
    0x10, 0xfd, 0x2, 0x64, 0x1, 0xe4, 0xf3, 0x3,
    0xd7, 0x0, 0xff, 0xe1, 0x46, 0x9, 0xeb, 0x0,
    0x7e, 0x1c, 0x60, 0x4, 0x72, 0x80, 0x7f, 0x8f,
    0x5c, 0x67, 0x8, 0x3, 0xfe, 0x9b, 0x20, 0x1a,
    0xc5, 0x0, 0xf0, 0xce, 0x13, 0xfb, 0x0, 0x7f,
    0xf0, 0x93, 0x5c, 0x0, 0x75, 0xac, 0x1, 0x37,
    0xb3, 0xf4, 0x8, 0x7, 0xff, 0x16, 0x35, 0x40,
    0x5, 0x28, 0x19, 0x51, 0xf0, 0x20, 0x1f, 0xfc,
    0x82, 0xad, 0x41, 0x94,

    /* U+65B0 "新" */
    0x0, 0xfd, 0x70, 0x20, 0x1f, 0xfc, 0x54, 0x50,
    0xf, 0xfe, 0xb, 0xc0, 0x7, 0xff, 0x10, 0xaa,
    0x88, 0x1, 0xff, 0x18, 0x7, 0xff, 0x15, 0x30,
    0x43, 0x40, 0x3f, 0xf9, 0xe3, 0x36, 0x20, 0xb2,
    0x1, 0xff, 0x78, 0x7, 0x9, 0x0, 0x42, 0x1,
    0x3f, 0xb0, 0x26, 0x50, 0x7, 0x91, 0xd9, 0xe2,
    0x6c, 0x1f, 0x7b, 0xfb, 0x60, 0x13, 0xae, 0x3a,
    0x5, 0x72, 0xcc, 0x3, 0xe7, 0x89, 0x87, 0x63,
    0x1, 0x20, 0x23, 0x40, 0x2, 0x2, 0x38, 0x3f,
    0x51, 0x80, 0x7f, 0x1d, 0xc4, 0x26, 0xf3, 0x7f,
    0xcf, 0x39, 0x70, 0x1, 0xa3, 0xa0, 0x40, 0x3f,
    0xf8, 0x8, 0xf3, 0xc, 0x64, 0x0, 0x6b, 0x40,
    0xc, 0x20, 0x40, 0x1f, 0xfc, 0x57, 0x1c, 0x10,
    0x2, 0x80, 0x18, 0x3, 0xc2, 0x1, 0xff, 0xc5,
    0x92, 0x1b, 0x0, 0x40, 0x41, 0x0, 0x7f, 0xf3,
    0x78, 0x14, 0x60, 0x91, 0xc0, 0x3f, 0xe1, 0x23,
    0x46, 0x7a, 0x80, 0xf, 0x8e, 0xad, 0x5c, 0x39,
    0x5a, 0x28, 0x80, 0x29, 0xde, 0xfe, 0xdc, 0xb9,
    0x85, 0x79, 0xc, 0xcb, 0x7b, 0xea, 0xec, 0x0,
    0xaa, 0x4b, 0xae, 0x0, 0x81, 0x10, 0x40, 0x31,
    0xa2, 0xbc, 0x50, 0x49, 0x98, 0x84, 0x4, 0x40,
    0x28, 0xac, 0xf1, 0x34, 0x1, 0x56, 0xf7, 0xe0,
    0x3, 0x2e, 0xa1, 0xcc, 0x17, 0xba, 0xff, 0x75,
    0x82, 0xdd, 0x4c, 0x3b, 0x20, 0x4, 0x84, 0x20,
    0x1f, 0xfc, 0x1, 0x18, 0x3, 0xff, 0x82, 0x20,
    0x1, 0x0, 0xff, 0xe3, 0x89, 0x83, 0xa2, 0xb4,
    0x48, 0x81, 0x80, 0x80, 0x7f, 0xf0, 0xdb, 0xff,
    0x74, 0x81, 0xdd, 0x4b, 0xb6, 0x83, 0x1, 0x0,
    0x7f, 0xf0, 0xd9, 0x48, 0xcc, 0x86, 0x5, 0x10,
    0x9a, 0xa7, 0x1, 0x3, 0x0, 0x7f, 0xf1, 0x2b,
    0x73, 0x17, 0x0, 0xce, 0xe6, 0x55, 0x10, 0x70,
    0x68, 0x6, 0x70, 0xf, 0xfe, 0x2, 0x61, 0x80,
    0x76, 0x70, 0x80, 0x46, 0x6, 0x1, 0xff, 0xc5,
    0xc3, 0xc0, 0xf, 0xd, 0x0, 0x4a, 0xa, 0x1,
    0xff, 0xc5, 0x60, 0x60, 0xe, 0xf0, 0x45, 0x2,
    0x13, 0x10, 0xf, 0xfe, 0x23, 0x8, 0xa0, 0x3,
    0x8d, 0x42, 0x1, 0x2, 0xc0, 0x3f, 0xf8, 0xb0,
    0x14, 0x20, 0x1e, 0xe0, 0x24, 0xd0, 0x60, 0xf,
    0xfe, 0x24, 0x8c, 0x20, 0x7, 0xc8, 0x68, 0xc8,
    0xa2, 0x1, 0xff, 0xc3, 0x46, 0x63, 0x80, 0x7f,
    0x65, 0xa8, 0x40, 0x7, 0xff, 0x12, 0x5a, 0x55,
    0xc0, 0x3f, 0xd4, 0xa4, 0x1, 0xff, 0xc3, 0x5a,
    0x90, 0x5b, 0xe7, 0x20, 0xf, 0x31, 0xd8, 0x7,
    0xc4, 0x1, 0xf9, 0x5c, 0x2, 0xc6, 0x89, 0x1,
    0x0, 0x86, 0x28, 0x40, 0x3e, 0x10, 0xf, 0xfe,
    0x14, 0x61, 0x8c, 0x0, 0x4f, 0x8, 0x1, 0xf9,
    0x8c, 0xc0, 0x1e,

    /* U+662F "是" */
    0x0, 0xfc, 0x20, 0x1f, 0xfc, 0x1, 0x23, 0x30,
    0x7, 0xff, 0x14, 0xbb, 0x93, 0x13, 0x57, 0x9b,
    0xae, 0xff, 0x76, 0xe6, 0x38, 0x40, 0x3f, 0xf8,
    0x64, 0x82, 0xce, 0xca, 0x86, 0x46, 0x72, 0x21,
    0x50, 0x4, 0x40, 0x1f, 0xfc, 0x43, 0x3, 0xbc,
    0xde, 0xff, 0x76, 0xe5, 0xda, 0xb4, 0x4, 0x3,
    0xff, 0x8b, 0xc0, 0x4, 0x32, 0x10, 0xf, 0xdc,
    0x4, 0x1, 0xff, 0xc5, 0x30, 0x27, 0x88, 0x4d,
    0x5e, 0x6f, 0x73, 0xfc, 0xe0, 0xc0, 0x1f, 0xfc,
    0x56, 0x1, 0x87, 0x73, 0x2a, 0x10, 0x11, 0x11,
    0x48, 0x8, 0x3, 0xff, 0x8a, 0x20, 0xa, 0xcd,
    0xef, 0xf7, 0x6e, 0x62, 0xe8, 0x43, 0x80, 0x3f,
    0xf8, 0xa6, 0x0, 0x73, 0x21, 0x0, 0xfc, 0x20,
    0x40, 0x1f, 0xfc, 0x51, 0x0, 0x5b, 0xc4, 0xd5,
    0xe6, 0x37, 0xbf, 0xc4, 0x1e, 0x1, 0xff, 0xc6,
    0x10, 0x68, 0x76, 0x54, 0x33, 0x10, 0x11, 0xd,
    0x8, 0x3, 0xff, 0x90, 0xb5, 0x79, 0xbd, 0xcf,
    0xf7, 0x6e, 0xb2, 0xe4, 0x3, 0xff, 0x8d, 0x67,
    0xea, 0x86, 0x42, 0x20, 0xf, 0xfe, 0x72, 0xe2,
    0x80, 0x61, 0x22, 0x1a, 0x2b, 0x3b, 0xa2, 0x6a,
    0xfa, 0x40, 0x3e, 0x98, 0x8a, 0x6a, 0xf3, 0x75,
    0xdf, 0xee, 0xdd, 0x65, 0xd4, 0xc4, 0x1d, 0x95,
    0x5, 0x98, 0x1, 0xe1, 0x77, 0x99, 0x50, 0xc8,
    0x82, 0x1, 0x84, 0x8d, 0x10, 0xac, 0xf1, 0x9,
    0xab, 0x60, 0xf, 0x44, 0x1d, 0xd1, 0x35, 0x79,
    0x8d, 0xef, 0x20, 0x8d, 0xcb, 0xb5, 0x4c, 0x3b,
    0x99, 0x50, 0x3, 0xf3, 0xc4, 0x1d, 0x89, 0xcc,
    0xc4, 0x20, 0x1f, 0xfd, 0x1a, 0xc6, 0x0, 0xff,
    0xe0, 0xa, 0x0, 0x7f, 0xf1, 0x44, 0x82, 0x80,
    0x3d, 0x7b, 0xdc, 0xff, 0x75, 0xe8, 0x80, 0x7f,
    0xf0, 0xd8, 0x1, 0x0, 0x1e, 0x22, 0x8, 0x80,
    0x2, 0x31, 0x0, 0x7f, 0xf0, 0xe4, 0x11, 0x0,
    0x18, 0xc1, 0xf7, 0x5d, 0xfe, 0xee, 0x61, 0x80,
    0x7f, 0xf0, 0xa0, 0x43, 0x80, 0x3e, 0xd2, 0x20,
    0x80, 0x7f, 0xf1, 0xc9, 0xc0, 0x15, 0x66, 0x1,
    0xff, 0xd0, 0xe0, 0x24, 0x4, 0xcb, 0x50, 0xf,
    0xfe, 0x6c, 0x98, 0xfd, 0xe2, 0x2, 0x57, 0x8,
    0x7, 0xff, 0x29, 0x58, 0x34, 0x80, 0xef, 0x5c,
    0x44, 0x0, 0x89, 0x40, 0xf, 0xfe, 0x29, 0xd0,
    0x61, 0x80, 0x62, 0x8e, 0xa4, 0x2, 0x6b, 0xfc,
    0x96, 0x30, 0xf, 0xf8, 0xb4, 0x70, 0xc0, 0x3f,
    0x2d, 0xfd, 0x28, 0x81, 0xb4, 0xe7, 0xf6, 0x54,
    0x3a, 0x98, 0x0, 0xf1, 0x3c, 0xc0, 0x3f, 0xf8,
    0xb, 0x5d, 0xb2, 0xa4, 0x0, 0x13, 0x57, 0x8a,
    0xc2, 0x1f, 0xaa, 0x8, 0x7, 0xff, 0x10, 0x9a,
    0xb7, 0xf2, 0x59, 0x4c, 0x42, 0x8,

    /* U+663E "显" */
    0x0, 0xe5, 0x30, 0xf, 0xfe, 0x0, 0x88, 0x88,
    0x66, 0x0, 0xff, 0xe0, 0xfe, 0x6c, 0xd5, 0xdb,
    0x37, 0x5d, 0xff, 0x77, 0x37, 0x59, 0x8e, 0x10,
    0xf, 0xfa, 0x40, 0x99, 0x51, 0x6, 0x44, 0x11,
    0x88, 0xd1, 0xa, 0x80, 0x20, 0x1f, 0xfc, 0x2,
    0x0, 0x55, 0xe6, 0xf7, 0x3f, 0xdd, 0xcd, 0xcb,
    0xb5, 0x78, 0x0, 0x40, 0x3f, 0xe1, 0x0, 0x3a,
    0x19, 0x8, 0x80, 0x3f, 0x84, 0x8, 0x3, 0xff,
    0x82, 0x20, 0x20, 0x1f, 0xe1, 0x22, 0x1e, 0x3,
    0x0, 0x7f, 0xf0, 0x4c, 0x22, 0xaf, 0x31, 0xbd,
    0xcf, 0xfb, 0xb7, 0x58, 0xc0, 0x20, 0x1f, 0xfc,
    0x11, 0x4, 0x54, 0x21, 0x2, 0x54, 0x56, 0x63,
    0xba, 0xc, 0x8, 0x3, 0xff, 0x82, 0xe1, 0x1f,
    0xee, 0xdd, 0x65, 0xda, 0xa6, 0x51, 0x7, 0x70,
    0x78, 0x7, 0xff, 0x4, 0x43, 0xc0, 0x3f, 0xf8,
    0x4e, 0x4, 0x1, 0xff, 0xc1, 0x30, 0x10, 0xf,
    0xfe, 0x0, 0x8c, 0x2, 0x1, 0xff, 0xc1, 0x10,
    0x49, 0x95, 0x5d, 0xb3, 0x75, 0xdf, 0xf7, 0x70,
    0x82, 0x0, 0x3f, 0xf8, 0x64, 0xcc, 0x54, 0x41,
    0x91, 0x4, 0x44, 0x43, 0x44, 0x2a, 0x80, 0x3f,
    0xf8, 0x3a, 0x3, 0x79, 0x8d, 0xee, 0x7f, 0xdd,
    0xba, 0xcb, 0xb5, 0x48, 0x7, 0xff, 0x5, 0x72,
    0x90, 0xd4, 0x46, 0x0, 0x43, 0x8, 0x7, 0xff,
    0x20, 0xd0, 0x1, 0x98, 0xa0, 0xd, 0x38, 0x1,
    0xff, 0xcc, 0xf0, 0x40, 0xb, 0x0, 0xc0, 0x31,
    0x69, 0x80, 0x7f, 0xcc, 0x80, 0x18, 0x40, 0x3f,
    0xf8, 0xc, 0x58, 0x40, 0x1f, 0xc5, 0x36, 0x40,
    0x1f, 0xf1, 0x80, 0x6d, 0x0, 0xff, 0xe0, 0x12,
    0x7, 0x80, 0x4e, 0x2, 0x1, 0x8, 0x7, 0xb,
    0x2, 0x10, 0x7, 0xfa, 0x80, 0x9c, 0x3, 0xf1,
    0x80, 0x80, 0x52, 0x3, 0x40, 0x1f, 0xf0, 0xc0,
    0x41, 0x0, 0x7c, 0x20, 0x18, 0x5c, 0x28, 0x40,
    0x3f, 0xf8, 0xe, 0x41, 0x0, 0x20, 0x1f, 0x38,
    0x2, 0xc2, 0x50, 0x3, 0xff, 0x85, 0x20, 0xa6,
    0x1, 0xef, 0x1, 0x4, 0x57, 0x60, 0xf, 0xfe,
    0x1a, 0x18, 0x59, 0x80, 0x4, 0x0, 0x20, 0x14,
    0xb4, 0x0, 0x7f, 0xf1, 0x7d, 0xa4, 0x3, 0xf1,
    0x95, 0x48, 0x7, 0xff, 0x18, 0xe4, 0x40, 0x3c,
    0x60, 0x3, 0x62, 0x28, 0xcc, 0x88, 0x68, 0x20,
    0x89, 0x9a, 0xaa, 0xbb, 0x66, 0x40, 0xf, 0xef,
    0x50, 0x6e, 0xe6, 0xed, 0x98, 0xbb, 0x4b, 0xe9,
    0x73, 0x34, 0xab, 0x22, 0xc, 0xc4, 0x0, 0x11,
    0x0, 0x61, 0x11, 0x10, 0xce, 0x44, 0x2a, 0x98,
    0xda, 0xa6, 0x55, 0x4b, 0xbb, 0x31, 0xba, 0xee,
    0x7f, 0xf7, 0x73, 0x75, 0x99, 0x5d, 0xaa, 0x92,
    0x20,

    /* U+667A "智" */
    0x0, 0xf3, 0xa8, 0x7, 0xff, 0x46, 0xe9, 0x0,
    0x3f, 0xfa, 0x6, 0xc, 0x1, 0xff, 0xcf, 0x60,
    0x52, 0x0, 0x84, 0x90, 0x40, 0x3f, 0xf9, 0x10,
    0xf, 0xbd, 0xfe, 0xed, 0xbf, 0x14, 0xc9, 0x78,
    0x9a, 0xbc, 0xde, 0xe3, 0x80, 0x73, 0x89, 0xb,
    0x0, 0x12, 0x26, 0xf4, 0x50, 0x9a, 0x1d, 0x95,
    0xc, 0x84, 0x50, 0x1, 0x8a, 0x1b, 0x72, 0xc8,
    0x39, 0xd9, 0xc, 0x0, 0x40, 0xf9, 0xbd, 0xff,
    0x48, 0x10, 0x6, 0xe4, 0x90, 0xf, 0xfe, 0x3,
    0x7, 0x19, 0x8, 0x5, 0xc0, 0xe0, 0x13, 0xb5,
    0x80, 0x62, 0x6, 0x0, 0x89, 0x0, 0xc3, 0x80,
    0x3c, 0x20, 0x40, 0x7, 0xc, 0x77, 0x44, 0xd0,
    0x86, 0xf7, 0xfb, 0x6e, 0x44, 0x4, 0x3, 0xc4,
    0x1c, 0x0, 0xd8, 0x98, 0x83, 0xb2, 0x80, 0xc,
    0x91, 0x59, 0xff, 0xc0, 0x60, 0x1e, 0x70, 0x20,
    0x5, 0x5d, 0x5e, 0x6e, 0x94, 0x1b, 0x72, 0xea,
    0x61, 0x84, 0x4, 0x3, 0xc4, 0xa, 0x1, 0x22,
    0xa1, 0x91, 0xa8, 0x34, 0x88, 0x7, 0x10, 0x2d,
    0x5d, 0xb3, 0x78, 0x41, 0x40, 0x3f, 0x40, 0x10,
    0xb7, 0x38, 0x7, 0x85, 0x51, 0x6, 0x7e, 0x0,
    0xf9, 0x18, 0x3f, 0xcc, 0x11, 0xa8, 0x0, 0x70,
    0x1d, 0xef, 0xf7, 0x6e, 0x61, 0xc0, 0x3c, 0x54,
    0x14, 0x43, 0x38, 0x44, 0xb8, 0x3, 0x84, 0x21,
    0x0, 0xff, 0xe0, 0x1e, 0xc, 0xa8, 0x4, 0x7a,
    0xa0, 0xe0, 0x7, 0xa0, 0xf, 0xfe, 0xb, 0xe0,
    0x5b, 0x10, 0x7, 0x55, 0x2c, 0x3, 0x84, 0x40,
    0x1f, 0x8b, 0x21, 0xf9, 0xb, 0x72, 0x21, 0x35,
    0x4e, 0x8d, 0xee, 0x7f, 0xbb, 0x94, 0x1, 0xf2,
    0xd7, 0xc0, 0x0, 0x88, 0x6e, 0xe6, 0x55, 0x21,
    0x90, 0x19, 0x19, 0x2, 0x80, 0x7c, 0xec, 0x1,
    0xcc, 0xd, 0x98, 0xde, 0xff, 0xbb, 0x75, 0x94,
    0x4, 0x1, 0xff, 0xc2, 0x10, 0x13, 0x31, 0x8,
    0x7, 0xde, 0x2, 0x1, 0xff, 0xc2, 0x30, 0xf,
    0xfe, 0x8, 0x83, 0x0, 0x7f, 0xf0, 0x84, 0x16,
    0x65, 0x57, 0x6c, 0xdd, 0x77, 0xf9, 0x80, 0xc0,
    0x3f, 0xf8, 0x5e, 0x4, 0xcc, 0x54, 0x41, 0x91,
    0x0, 0x48, 0x0, 0x20, 0x1f, 0xfc, 0x21, 0x3,
    0xbc, 0xdd, 0x77, 0xfd, 0xdc, 0xd4, 0xf, 0x0,
    0xff, 0xe1, 0x18, 0x3a, 0x19, 0x10, 0x40, 0x3c,
    0xe0, 0x40, 0x1f, 0xfc, 0x21, 0x7, 0x0, 0xff,
    0x84, 0x4, 0x3, 0xff, 0x84, 0xe0, 0x20, 0x1e,
    0x11, 0x11, 0xc, 0xc0, 0x1f, 0xfc, 0x41, 0x2,
    0xee, 0x7f, 0xee, 0xe6, 0xeb, 0x4, 0x20, 0x3,
    0xff, 0x84, 0x20, 0x1, 0x10, 0x0, 0x44, 0x45,
    0x19, 0x91, 0xc, 0x1, 0xff, 0xc5, 0xff, 0xdd,
    0xcd, 0xdb, 0x31, 0x76, 0xa0, 0xf, 0xfe, 0x11,
    0xca, 0x80, 0x7f, 0xf2, 0x0,

    /* U+675F "束" */
    0x0, 0xff, 0xe1, 0xe4, 0x90, 0x7, 0xff, 0x4d,
    0x5b, 0x80, 0x3f, 0xfa, 0x7c, 0x2, 0x1, 0xff,
    0xff, 0x1, 0x20, 0xf, 0xfe, 0x28, 0x91, 0xa7,
    0x1, 0xc4, 0xd5, 0xe6, 0xeb, 0xb9, 0xac, 0x1,
    0xfd, 0x9b, 0xae, 0xe7, 0xfb, 0xb7, 0x2d, 0x80,
    0x5d, 0x95, 0xc, 0x88, 0x20, 0x8, 0x0, 0xfe,
    0x82, 0x20, 0x88, 0x0, 0x24, 0x68, 0x40, 0x2f,
    0x13, 0x54, 0xbc, 0xde, 0xfe, 0x0, 0xfe, 0x4e,
    0xde, 0xff, 0xbb, 0x72, 0xe8, 0xe, 0x1d, 0x95,
    0x48, 0x64, 0x20, 0x1f, 0xfc, 0x1, 0x21, 0x0,
    0xff, 0xea, 0x42, 0x80, 0x70, 0x97, 0x80, 0x15,
    0x9e, 0x26, 0x55, 0x74, 0x40, 0x1f, 0xfc, 0x2,
    0xaf, 0xde, 0xff, 0x76, 0xb8, 0x15, 0x4c, 0x3b,
    0x31, 0x51, 0x78, 0x3, 0xff, 0x81, 0xe0, 0x2,
    0x11, 0x11, 0xa1, 0x0, 0xbc, 0x4d, 0x52, 0xf0,
    0x81, 0x0, 0x3f, 0xf8, 0xe, 0x0, 0xff, 0x76,
    0xe5, 0xd0, 0x1c, 0x3b, 0x2a, 0x90, 0xc8, 0x30,
    0x3, 0xff, 0x80, 0x60, 0x1, 0x0, 0xff, 0xe1,
    0x10, 0x1, 0x40, 0x3f, 0xf8, 0x2, 0x0, 0x30,
    0xf, 0xfe, 0x13, 0x81, 0x8, 0x7, 0xff, 0x4,
    0x81, 0x80, 0x3f, 0x84, 0x88, 0x69, 0xe0, 0xe0,
    0x1f, 0xfc, 0x26, 0xf, 0x9a, 0xbc, 0xd9, 0x2,
    0xfe, 0xdd, 0x65, 0xa8, 0x29, 0x80, 0x7f, 0xf0,
    0xd1, 0x95, 0xc, 0x84, 0x2, 0x46, 0x78, 0x84,
    0xd5, 0x90, 0x7, 0xff, 0x4, 0x81, 0x7b, 0x9e,
    0xa0, 0x1c, 0xb5, 0xe, 0xe6, 0x54, 0x10, 0xf,
    0xfe, 0xc, 0xd4, 0x88, 0xa9, 0x45, 0x40, 0x94,
    0x71, 0x0, 0x3f, 0xf9, 0xa, 0x61, 0x4a, 0x1b,
    0xa0, 0x5, 0x30, 0x5b, 0x80, 0x7f, 0xf2, 0x7,
    0x14, 0x70, 0xc0, 0x34, 0xc0, 0x45, 0x88, 0x7,
    0xff, 0x14, 0xb0, 0xc7, 0xc, 0x3, 0xcf, 0x40,
    0x9e, 0x60, 0x1f, 0xfc, 0x35, 0xd2, 0x3f, 0x20,
    0xf, 0xcb, 0x84, 0x39, 0x0, 0x1f, 0xfc, 0x19,
    0xa0, 0x7c, 0x10, 0xf, 0xf1, 0xe2, 0x83, 0xea,
    0x0, 0x7f, 0x16, 0x31, 0x5c, 0x0, 0x7f, 0xf0,
    0x46, 0xa4, 0xa, 0xe8, 0x80, 0x3d, 0x1a, 0x6f,
    0xa8, 0x1, 0xff, 0xc4, 0x6e, 0x40, 0x5d, 0xb3,
    0x0, 0x1e, 0xbb, 0x74, 0x0, 0x7f, 0xf1, 0xc6,
    0xe8, 0x41, 0x32, 0x4f, 0xab, 0xa4, 0x40, 0x3f,
    0xf9, 0x4b, 0xd0, 0x22, 0xb3, 0xd7, 0x10, 0xf,
    0xfb, 0xc0, 0x3f, 0xf8, 0x4f, 0xdc, 0x20, 0xf,
    0xfe, 0x19, 0x80, 0x7f, 0xf5, 0x60, 0x9c, 0x3,
    0xff, 0x88,

    /* U+6765 "来" */
    0x0, 0xff, 0xe1, 0xdc, 0x90, 0x7, 0xff, 0x4c,
    0x9a, 0x40, 0x3f, 0xfa, 0x7c, 0xe, 0x1, 0xff,
    0xff, 0x0, 0x10, 0x7, 0xff, 0x18, 0x48, 0xf4,
    0x5, 0xe2, 0x6a, 0xf3, 0x7b, 0xf6, 0x40, 0x3f,
    0x9e, 0xed, 0x9b, 0xdf, 0xee, 0xdc, 0x50, 0x28,
    0x76, 0x54, 0x32, 0x10, 0x2, 0x8, 0x7, 0xe5,
    0x44, 0x19, 0x8, 0x9, 0x1a, 0x10, 0xc, 0x4d,
    0x5e, 0x6c, 0xf7, 0xfb, 0x44, 0x3, 0xf1, 0x76,
    0x6f, 0x7f, 0xbb, 0x72, 0xd4, 0x15, 0xd9, 0x50,
    0xc2, 0x6c, 0x3, 0xff, 0x82, 0x26, 0x9a, 0x40,
    0x1f, 0xfc, 0x1a, 0x5, 0x40, 0xf, 0xfe, 0x16,
    0x9e, 0xa0, 0x7, 0xfc, 0x4e, 0x4, 0x80, 0x1f,
    0xfc, 0x2a, 0x30, 0xb4, 0x0, 0xff, 0x70, 0x16,
    0x0, 0x7f, 0xf0, 0xc7, 0x10, 0x2d, 0x0, 0x3f,
    0x49, 0x96, 0x8, 0x7, 0xff, 0x16, 0xcc, 0x2c,
    0x80, 0x3c, 0xec, 0x98, 0x20, 0x1f, 0xfc, 0x7d,
    0x10, 0x50, 0xe, 0x68, 0x7b, 0x10, 0xf, 0xfe,
    0x40, 0xe4, 0x38, 0x7, 0x66, 0x20, 0x3, 0xc2,
    0x62, 0x1, 0xff, 0xc1, 0x10, 0x43, 0x43, 0x6,
    0x83, 0x9b, 0xcc, 0x6f, 0x7f, 0xbb, 0x39, 0x0,
    0x31, 0x6e, 0x6f, 0x7f, 0xdd, 0xb9, 0x8b, 0x40,
    0x27, 0x65, 0x43, 0x31, 0x8, 0x6, 0x1c, 0x0,
    0xc4, 0xe6, 0x42, 0x1, 0x9, 0x19, 0x84, 0x2,
    0x39, 0x95, 0x5e, 0x63, 0x7b, 0xfe, 0xe8, 0x0,
    0xea, 0xdd, 0x77, 0xfd, 0xdb, 0x90, 0x20, 0x11,
    0x83, 0x2a, 0x19, 0x88, 0x40, 0x3f, 0xe2, 0x20,
    0x80, 0x71, 0x58, 0x4, 0x21, 0x2c, 0x1, 0xff,
    0xcc, 0x1f, 0x3, 0x50, 0x4a, 0x9, 0x80, 0xf,
    0xfe, 0x5e, 0x91, 0x34, 0xc0, 0xb, 0x60, 0xf4,
    0x1, 0xff, 0xc8, 0x1c, 0x31, 0xf1, 0x0, 0xc9,
    0x82, 0xba, 0x40, 0x1f, 0xfc, 0x51, 0xc3, 0x1c,
    0x20, 0xf, 0x1e, 0x11, 0x35, 0x80, 0x3f, 0xf8,
    0x65, 0x84, 0x38, 0x40, 0x1f, 0x8b, 0x54, 0x27,
    0x8, 0x3, 0xff, 0x80, 0x98, 0x47, 0xe4, 0x1,
    0x18, 0x7, 0xd5, 0x20, 0x7b, 0x0, 0x1f, 0xe7,
    0xb1, 0x5c, 0x10, 0xf, 0xfe, 0xb, 0x69, 0x3,
    0xf2, 0x80, 0x78, 0x6a, 0x6, 0xa8, 0x1, 0xff,
    0xc4, 0x2d, 0x70, 0x1a, 0xd5, 0x0, 0x97, 0xd5,
    0xbd, 0x40, 0x3f, 0xf8, 0xf1, 0x86, 0x5, 0x54,
    0x1a, 0xa2, 0x6c, 0x88, 0x7, 0xf8, 0xc0, 0x3f,
    0xc7, 0x94, 0x43, 0x2c, 0x5b, 0x44, 0x1, 0xfe,
    0x10, 0xf, 0xfe, 0x12, 0xef, 0x1b, 0xc1, 0x0,
    0x7f, 0xf0, 0x1c, 0x3, 0xff, 0xab, 0x5, 0xc0,
    0x1f, 0xfc, 0x40,

    /* U+6790 "析" */
    0x0, 0xf8, 0x44, 0x1, 0xff, 0xc6, 0x6b, 0x0,
    0xff, 0xe0, 0xb7, 0x50, 0x7, 0xff, 0x11, 0x65,
    0x24, 0x3, 0xff, 0x80, 0xc0, 0xa6, 0x1, 0xff,
    0xc1, 0x2b, 0xa0, 0x1, 0x80, 0x7f, 0xf0, 0x4,
    0x0, 0x20, 0x1f, 0xfc, 0x8, 0xd4, 0x2, 0xba,
    0x0, 0xff, 0xe4, 0x88, 0x6, 0x7e, 0x70, 0x2a,
    0xd4, 0x0, 0xff, 0xe5, 0x57, 0x44, 0xfc, 0xa,
    0x5e, 0xa8, 0x7, 0xff, 0x33, 0x5, 0xd8, 0xa3,
    0xad, 0x0, 0x3f, 0xf9, 0x6, 0x1, 0xc6, 0x0,
    0xbd, 0x71, 0x0, 0xff, 0xe3, 0x88, 0x7, 0xfc,
    0xa0, 0x1f, 0xfc, 0xa2, 0x0, 0x33, 0xc5, 0xb8,
    0x38, 0x7, 0xff, 0x1d, 0x3b, 0x7b, 0xfd, 0x80,
    0x8, 0x83, 0xa4, 0x30, 0x4, 0x20, 0x1f, 0xfc,
    0x44, 0x52, 0x10, 0x10, 0x9, 0x5a, 0x26, 0x9d,
    0xc0, 0x18, 0x48, 0xd1, 0x59, 0xe2, 0x6b, 0x70,
    0x40, 0x2b, 0xde, 0xfe, 0x20, 0x5, 0x4b, 0xb2,
    0x88, 0x5, 0xfe, 0xed, 0xcb, 0xa9, 0x87, 0x65,
    0x23, 0xc0, 0xc, 0x42, 0x6, 0x40, 0x1f, 0x84,
    0x3, 0x9, 0x10, 0xc0, 0xa, 0xf1, 0x35, 0x7e,
    0x1, 0xf4, 0x80, 0x4e, 0x40, 0x18, 0xc0, 0x7f,
    0xdd, 0xbb, 0x0, 0x22, 0xe, 0xca, 0x84, 0x1,
    0xe1, 0x50, 0xa, 0x30, 0xc0, 0x21, 0x2, 0x0,
    0xff, 0xe4, 0xc8, 0x20, 0x1, 0x47, 0x48, 0x1,
    0xc0, 0xe0, 0x1f, 0xfc, 0x97, 0xe, 0x0, 0x51,
    0x8e, 0x8, 0x18, 0x10, 0x7, 0xff, 0x21, 0xc1,
    0x58, 0x2, 0xe0, 0x1b, 0x7, 0xf, 0x0, 0xff,
    0xe3, 0x8c, 0x85, 0x80, 0x62, 0xa0, 0xd0, 0x20,
    0x20, 0xf, 0xfe, 0x3c, 0xc, 0x88, 0x7, 0x2f,
    0xb9, 0x0, 0x14, 0x3, 0xff, 0x8c, 0x4c, 0xac,
    0xe, 0x2, 0x1, 0xc8, 0x6, 0x20, 0x1f, 0xfc,
    0x6e, 0x2a, 0x0, 0xff, 0x60, 0x20, 0x7, 0x8c,
    0x3, 0xfe, 0x72, 0xc0, 0xf, 0xf9, 0x2, 0xc0,
    0x3f, 0xf8, 0xa5, 0x58, 0x20, 0x1f, 0xe4, 0x13,
    0x30, 0x7, 0xff, 0x14, 0xf4, 0x80, 0x3f, 0xef,
    0x9, 0x0, 0xff, 0xe3, 0x8, 0x7, 0xe3, 0x0,
    0x85, 0x9, 0x40, 0x3f, 0xfa, 0x70, 0x12, 0x1,
    0xff, 0xce, 0x10, 0xc, 0x4c, 0xc4, 0x0, 0xff,
    0xe7, 0x18, 0x6, 0x84, 0x90, 0xf, 0xe6, 0x0,
    0xff, 0xe2, 0xf8, 0x8, 0x10, 0x58, 0x7, 0xf8,
    0x40, 0x3f, 0xf8, 0xb6, 0x4c, 0x5, 0x40, 0x1f,
    0xf2, 0xa8, 0x48, 0x3, 0xe0,

    /* U+679C "果" */
    0x0, 0xff, 0xe4, 0x9, 0x1a, 0x21, 0x88, 0x3,
    0xff, 0x81, 0x1d, 0x2c, 0xf1, 0x35, 0x79, 0xba,
    0xef, 0xf7, 0x6e, 0x5d, 0xa7, 0x48, 0x3, 0xfe,
    0xa1, 0x69, 0x87, 0x65, 0x43, 0x22, 0x8, 0x88,
    0xd1, 0x59, 0x0, 0x6, 0x1, 0xff, 0x10, 0x1,
    0xea, 0xf3, 0x1b, 0xc4, 0x15, 0xdb, 0x97, 0x53,
    0xa0, 0x22, 0x0, 0xff, 0xe0, 0x10, 0x62, 0xa1,
    0x98, 0x84, 0x3, 0xfb, 0x80, 0x80, 0x3f, 0xf8,
    0x22, 0x2, 0x1, 0xff, 0x9, 0x1a, 0x18, 0x30,
    0x7, 0xff, 0x5, 0xc3, 0xa2, 0x6a, 0xf3, 0x48,
    0x2b, 0xfd, 0xdb, 0x96, 0x80, 0x40, 0x1f, 0xfc,
    0x12, 0x4, 0x76, 0x54, 0x32, 0x0, 0x9, 0xa2,
    0xa9, 0x9c, 0x43, 0x80, 0x3f, 0xf8, 0x22, 0x9,
    0x9b, 0xdc, 0xff, 0x10, 0x5e, 0x5d, 0x52, 0x60,
    0x0, 0x60, 0x1f, 0xfc, 0x1f, 0x0, 0x19, 0x8,
    0x80, 0x3f, 0xe1, 0x6, 0x0, 0xff, 0xe0, 0x90,
    0x38, 0x7, 0xff, 0x14, 0x80, 0x3f, 0xf8, 0x22,
    0x2, 0x1, 0x8, 0x88, 0x1, 0xac, 0xc7, 0x88,
    0x50, 0x1, 0x40, 0x3f, 0xf8, 0x2e, 0x5, 0xdf,
    0xee, 0xe6, 0x90, 0x3c, 0xca, 0x1d, 0xca, 0x0,
    0xa0, 0xf, 0xfe, 0x20, 0x8c, 0x46, 0x60, 0x2,
    0x33, 0xba, 0x26, 0xa9, 0x78, 0x1, 0xff, 0xc1,
    0x31, 0xe, 0xeb, 0x73, 0x4, 0x1d, 0x31, 0x7,
    0x65, 0x52, 0x10, 0x7, 0xff, 0xb, 0xe8, 0x40,
    0x3f, 0xf9, 0x6, 0x40, 0x1f, 0xc2, 0xa2, 0x44,
    0x34, 0x53, 0xf, 0x88, 0x4d, 0x52, 0xf3, 0x1b,
    0xdf, 0xec, 0xd3, 0x0, 0x6e, 0x63, 0x7b, 0xfe,
    0xed, 0xd6, 0x5d, 0x8, 0x2b, 0xb9, 0x95, 0x48,
    0x66, 0x21, 0x0, 0x85, 0x0, 0xa, 0x66, 0x21,
    0x0, 0xc2, 0x46, 0x20, 0x1c, 0xd3, 0x2a, 0xbc,
    0xc6, 0xf7, 0xfd, 0xce, 0x0, 0x8d, 0xcd, 0xee,
    0x7f, 0xdd, 0xb0, 0x20, 0x10, 0x83, 0x1b, 0x2a,
    0x19, 0x88, 0x40, 0x3f, 0x11, 0x90, 0x88, 0x3,
    0x35, 0x82, 0x90, 0x5b, 0x85, 0x50, 0x40, 0x3f,
    0xf9, 0x31, 0x20, 0xd4, 0x1, 0x45, 0x2, 0xfa,
    0x80, 0x7f, 0xf1, 0x86, 0xdc, 0x22, 0x40, 0x39,
    0x74, 0xc6, 0xb0, 0x80, 0x3f, 0xf8, 0x67, 0x88,
    0x36, 0xe0, 0x18, 0x40, 0x5, 0x90, 0x7, 0xb4,
    0x40, 0x1f, 0xfc, 0x8, 0xc2, 0x4f, 0x40, 0xf,
    0xf3, 0xe9, 0x82, 0xed, 0x18, 0x7, 0xe3, 0xc7,
    0x19, 0xb1, 0x0, 0xff, 0xe0, 0x16, 0x51, 0x2,
    0xe6, 0x14, 0x3, 0xc, 0xe1, 0xbf, 0x30, 0x7,
    0xff, 0x11, 0x76, 0x4, 0xe, 0xb9, 0x1, 0xf9,
    0x99, 0xd0, 0x1, 0xf8, 0xc0, 0x3f, 0xe7, 0xe9,
    0x20, 0x2, 0xcd, 0xcf, 0xc8, 0x80, 0x7f, 0x8,
    0x7, 0xff, 0x5, 0xb7, 0x3c, 0x67, 0x18, 0x3,
    0xff, 0xa0, 0x62, 0x1, 0xff, 0xc3, 0x10, 0xf,
    0xfe, 0xa8, 0xe2, 0xa8, 0x3, 0xff, 0x88,

    /* U+6B63 "正" */
    0x0, 0xff, 0xe5, 0x9, 0x1a, 0x34, 0x28, 0x7,
    0xf1, 0x21, 0x1a, 0x2b, 0x3c, 0x4d, 0x52, 0xf3,
    0x7b, 0xfd, 0xdb, 0x97, 0x2f, 0x4e, 0x1, 0xf8,
    0x6f, 0x72, 0xea, 0x61, 0xd9, 0x54, 0x86, 0x42,
    0x1, 0xe1, 0x23, 0xf0, 0xf, 0xc7, 0x22, 0x2,
    0x46, 0x88, 0x56, 0x73, 0x0, 0x5e, 0x6f, 0x7f,
    0xdd, 0xb9, 0x0, 0x1f, 0xcd, 0xdf, 0xdb, 0x97,
    0x6a, 0x98, 0x50, 0x14, 0x32, 0x10, 0xf, 0xff,
    0xf8, 0x7, 0xff, 0x85, 0x94, 0x3, 0xf8, 0x40,
    0x3f, 0xf9, 0x43, 0x5c, 0x40, 0x1c, 0x20, 0x1f,
    0xfc, 0xc4, 0x1, 0x60, 0xf, 0xfe, 0x90, 0x80,
    0x4, 0x3, 0xff, 0x82, 0x26, 0xa0, 0x1f, 0xfc,
    0x23, 0x0, 0xff, 0xaf, 0x37, 0xbf, 0xb2, 0xac,
    0x3, 0xff, 0x9a, 0x86, 0x42, 0x1, 0x91, 0x0,
    0x1f, 0xfc, 0x1, 0x0, 0xff, 0xa2, 0x6a, 0xed,
    0x9b, 0xde, 0x80, 0x1f, 0xfc, 0x33, 0x0, 0xfc,
    0xec, 0xa8, 0x83, 0x21, 0x0, 0xff, 0xff, 0x80,
    0x7f, 0xf1, 0x3c, 0x3, 0xff, 0xde, 0x20, 0x20,
    0x1f, 0xff, 0x53, 0x0, 0xff, 0xfc, 0xf1, 0x10,
    0xcc, 0x9c, 0x0, 0x66, 0x3b, 0xa2, 0x13, 0x35,
    0x5e, 0xfc, 0x1, 0x7f, 0x73, 0xff, 0x10, 0x36,
    0xeb, 0x31, 0x6c, 0x0, 0x99, 0x44, 0x1d, 0xcc,
    0xd2, 0xa1, 0x3, 0xb8, 0x94, 0x44, 0x1, 0xff,
    0xc0, 0x11, 0x11, 0xc, 0xe4, 0x42, 0xa9, 0x98,
    0xee, 0x88, 0x20, 0x56, 0x5d, 0xb3, 0x1b, 0xb7,
    0x73, 0xff, 0x77, 0x37, 0x59, 0x95, 0xda, 0xa9,
    0x32, 0x88, 0x3b, 0x8c,

    /* U+6C14 "气" */
    0x0, 0xfc, 0x20, 0x1f, 0xfd, 0x4a, 0xd4, 0x0,
    0xff, 0xe9, 0x31, 0x50, 0x7, 0xff, 0x44, 0x88,
    0xe, 0x1, 0xff, 0xd1, 0xb0, 0x4, 0x0, 0x7f,
    0x9, 0x1a, 0x2b, 0x3c, 0x90, 0x7, 0xf8, 0x98,
    0x11, 0xa2, 0x6a, 0xf3, 0x7b, 0xfd, 0xdb, 0x97,
    0x53, 0xd, 0xa2, 0x1, 0xfd, 0x20, 0x4, 0x87,
    0x65, 0x43, 0x21, 0x0, 0xc2, 0x46, 0x8a, 0xd0,
    0x20, 0x1f, 0x99, 0x1, 0x15, 0x98, 0xf1, 0x35,
    0x79, 0xbd, 0xfe, 0xed, 0xcb, 0xa9, 0x70, 0xf,
    0xc5, 0x21, 0x76, 0xa9, 0x94, 0x3b, 0x2a, 0x19,
    0x8, 0x7, 0xff, 0x17, 0x81, 0xd0, 0x3, 0xff,
    0x80, 0x24, 0x8c, 0x20, 0x1f, 0xf4, 0x9a, 0xc1,
    0xbb, 0x31, 0xe2, 0x6f, 0x37, 0xbf, 0xdd, 0xb7,
    0x3e, 0x20, 0x1f, 0xce, 0xc9, 0x40, 0x31, 0x32,
    0x87, 0x64, 0x32, 0x10, 0x8, 0x4d, 0x10, 0x1,
    0xfc, 0xb0, 0xb6, 0x0, 0x2b, 0x66, 0x3c, 0x4d,
    0x5e, 0x6f, 0x7f, 0xbb, 0x2e, 0x84, 0x3, 0xe3,
    0xa8, 0xa0, 0xc, 0x93, 0x28, 0x76, 0x54, 0x32,
    0x10, 0xf, 0xfe, 0x13, 0xeb, 0x80, 0x7f, 0xf4,
    0x90, 0x80, 0x3f, 0xc2, 0x46, 0x8c, 0xf1, 0x35,
    0x79, 0xba, 0x50, 0xf, 0xf6, 0x5d, 0x5e, 0x6f,
    0x7f, 0xbb, 0x72, 0xe6, 0x1d, 0x95, 0xc, 0x89,
    0x0, 0x1f, 0xe4, 0x42, 0xa1, 0x90, 0x80, 0x4,
    0x8d, 0x15, 0x9e, 0x26, 0xad, 0x1, 0x80, 0x3f,
    0xd1, 0x75, 0x4c, 0xde, 0xff, 0x76, 0xe5, 0xd4,
    0xc3, 0xb2, 0xa0, 0x80, 0x80, 0x7f, 0xc8, 0xaa,
    0x32, 0x10, 0xf, 0xfe, 0x8, 0x81, 0x80, 0x7f,
    0xfc, 0xc4, 0x3, 0xff, 0xa8, 0x60, 0x60, 0x1f,
    0xfd, 0x21, 0x6, 0x0, 0xe2, 0x70, 0xf, 0xfe,
    0x5e, 0x81, 0x0, 0x72, 0xe0, 0x7, 0xff, 0x2d,
    0xc0, 0x48, 0x3, 0x60, 0x80, 0x7f, 0xf2, 0xc8,
    0x41, 0x40, 0x32, 0x98, 0x7, 0xff, 0x31, 0xc2,
    0x40, 0x23, 0x11, 0x0, 0x7f, 0xf3, 0x2c, 0x6,
    0x0, 0x16, 0x1e, 0x1, 0xff, 0xcc, 0x26, 0x7,
    0x60, 0x50, 0x20, 0xf, 0xfe, 0x6c, 0x10, 0x4e,
    0x90, 0x20, 0x7, 0xff, 0x34, 0x7c, 0x80, 0x80,
    0x44, 0x1, 0xff, 0xce, 0x2d, 0x82, 0x8, 0x0,

    /* U+6C27 "氧" */
    0x0, 0xfd, 0x2a, 0x1, 0xff, 0xd5, 0x4a, 0x80,
    0xf, 0xfe, 0x99, 0x90, 0x8, 0x7, 0xff, 0x4e,
    0x40, 0x10, 0x1, 0xf0, 0x91, 0xa2, 0xb3, 0x1e,
    0x2b, 0x1c, 0x3, 0xfe, 0x25, 0x2, 0x8a, 0xbc,
    0xde, 0xff, 0x76, 0xe5, 0xd4, 0xca, 0x1d, 0x4e,
    0x14, 0x3, 0xfd, 0x0, 0x2, 0x65, 0x43, 0x21,
    0x1, 0x23, 0x45, 0x67, 0x89, 0xab, 0xcd, 0x50,
    0xf, 0xe4, 0x50, 0x8a, 0xbc, 0xc6, 0xf7, 0xfb,
    0xb7, 0x2e, 0xa6, 0x1d, 0x95, 0xc, 0x80, 0x3f,
    0xd2, 0x10, 0xea, 0x86, 0x62, 0x10, 0x0, 0x91,
    0xd, 0x15, 0xe5, 0xc0, 0x3f, 0xf8, 0x32, 0x48,
    0xed, 0x97, 0x6c, 0xde, 0xff, 0x76, 0xeb, 0x2e,
    0xa1, 0xa1, 0x80, 0x3f, 0xe4, 0x62, 0xa0, 0x70,
    0x44, 0x19, 0x1, 0x1a, 0x2b, 0x3c, 0x42, 0x6a,
    0xdc, 0x3, 0xfc, 0x54, 0x3e, 0x20, 0x39, 0xdc,
    0xff, 0x76, 0xe5, 0xd4, 0xc3, 0xb9, 0x95, 0x4,
    0x3, 0xfd, 0xe1, 0x84, 0x1, 0x84, 0x40, 0x10,
    0x91, 0xd, 0x15, 0x9e, 0x26, 0x0, 0x3f, 0xd6,
    0xd9, 0x31, 0x9, 0xab, 0xcd, 0xef, 0xf7, 0x6e,
    0xb2, 0xea, 0x61, 0xd9, 0xdc, 0x1, 0xfd, 0xd6,
    0x4e, 0xf3, 0x2a, 0x19, 0x8, 0x9, 0x1a, 0x2b,
    0x3c, 0x4d, 0x0, 0x8, 0x3, 0xf9, 0x40, 0x1b,
    0x52, 0xf5, 0x9b, 0xdf, 0xe9, 0x6d, 0xba, 0x98,
    0x76, 0x50, 0x0, 0x80, 0x7f, 0xf0, 0x5, 0x59,
    0xe0, 0x48, 0x40, 0x1a, 0x94, 0x1, 0xfc, 0xe0,
    0x1f, 0xfc, 0x39, 0x2c, 0x20, 0x1, 0x28, 0x40,
    0x7, 0xf0, 0x80, 0x7f, 0xf0, 0xd9, 0xc7, 0xc0,
    0x12, 0x14, 0x60, 0x1e, 0x10, 0xf, 0xfe, 0x3c,
    0x18, 0x9c, 0x21, 0x94, 0x4d, 0xd0, 0x7, 0x8c,
    0x3, 0xfe, 0x1e, 0xeb, 0xfc, 0x66, 0xc7, 0x3,
    0x87, 0x64, 0x58, 0x0, 0x8, 0x0, 0xc0, 0x3f,
    0xe1, 0x82, 0x22, 0x2b, 0x30, 0x1, 0x15, 0x79,
    0xbd, 0xf0, 0x1, 0xff, 0xc6, 0x6c, 0xc5, 0xd4,
    0xc8, 0x0, 0xca, 0x86, 0x42, 0x1, 0xc2, 0xc,
    0x1, 0xff, 0xc5, 0x12, 0x0, 0x3b, 0x3c, 0x5d,
    0x80, 0x38, 0x80, 0xc0, 0x3f, 0xf8, 0x35, 0xff,
    0x76, 0x80, 0x26, 0x50, 0xe8, 0x89, 0x0, 0xc8,
    0x18, 0x1, 0xff, 0xc1, 0xb6, 0x56, 0x68, 0x1,
    0x15, 0x79, 0xbd, 0x20, 0x1b, 0x41, 0x4, 0x3,
    0xa0, 0x80, 0x38, 0x66, 0xa6, 0x60, 0x3, 0xaa,
    0x19, 0x8, 0x7, 0x20, 0x1, 0x80, 0x39, 0x58,
    0x3, 0xe1, 0x11, 0x18, 0x1, 0x98, 0xee, 0x89,
    0x95, 0xea, 0x0, 0xa8, 0x48, 0x6, 0x22, 0x38,
    0x57, 0x7f, 0xee, 0xe6, 0xe0, 0x2, 0x65, 0x10,
    0x76, 0x62, 0x15, 0x0, 0x24, 0x6, 0x0, 0x25,
    0x1, 0xb, 0x53, 0x39, 0x10, 0xac, 0xc0, 0x3,
    0xc4, 0xd5, 0xdb, 0x37, 0x5c, 0x0, 0x34, 0x7,
    0x20, 0x5, 0x81, 0x0, 0xde, 0x65, 0x76, 0xa9,
    0x80, 0x4, 0x3b, 0x2a, 0x20, 0xc8, 0x80, 0x1a,
    0x80, 0x18, 0x67, 0x10, 0x7, 0xfc, 0x60, 0x1f,
    0xfc, 0x31, 0xa0, 0x1c, 0xc0, 0x38, 0x7, 0xfc,
    0xe0, 0x1f, 0xfc, 0x45, 0x90, 0xd, 0x80, 0x1f,
    0xf2, 0x28, 0x80, 0x7f, 0xf0, 0xdb, 0x58, 0xd1,
    0xc0,

    /* U+6C5F "江" */
    0x0, 0x85, 0x80, 0x3f, 0xfa, 0x73, 0x2d, 0x30,
    0xf, 0xfe, 0x8d, 0x11, 0x31, 0xc0, 0x3f, 0xfa,
    0x5, 0x88, 0x11, 0x40, 0x1f, 0xfd, 0x1, 0xb6,
    0x5, 0xc0, 0xf, 0xfe, 0x20, 0xa9, 0x80, 0x7f,
    0xa5, 0xc0, 0xc8, 0x15, 0x10, 0xac, 0xf1, 0x35,
    0x79, 0xbd, 0xfd, 0x58, 0xa0, 0x1f, 0xe8, 0xa9,
    0x20, 0x9b, 0xb5, 0x4c, 0x3b, 0x2a, 0x19, 0x8,
    0x6, 0xf0, 0xf, 0xf9, 0x58, 0x1, 0xc6, 0x64,
    0x56, 0x75, 0x0, 0x5e, 0x6f, 0x7f, 0xd4, 0x1,
    0x94, 0x3, 0xfc, 0x59, 0x8b, 0xa9, 0x8f, 0x0,
    0x21, 0x90, 0x80, 0x7c, 0xd5, 0xa8, 0x1, 0xff,
    0xd1, 0x42, 0x25, 0xc0, 0x7, 0xff, 0x40, 0xb5,
    0x81, 0xf0, 0x40, 0x3f, 0xfa, 0x13, 0x20, 0x3f,
    0x20, 0xf, 0xfe, 0x83, 0x58, 0x8c, 0x1, 0xff,
    0x18, 0x7, 0xff, 0x15, 0x3e, 0x8c, 0x3, 0xff,
    0xa4, 0x2a, 0x0, 0x11, 0x0, 0x7f, 0x84, 0x3,
    0xff, 0x91, 0x84, 0x1, 0xff, 0xd2, 0x70, 0x30,
    0xf, 0xfe, 0x89, 0x45, 0x0, 0x7f, 0xf4, 0xa4,
    0x18, 0x3, 0xf8, 0x40, 0x3f, 0xf8, 0xea, 0x8c,
    0x20, 0x1f, 0xfd, 0x1b, 0xb, 0x0, 0xff, 0xe8,
    0xc8, 0xa9, 0x0, 0x7f, 0xf4, 0x11, 0x82, 0x0,
    0x3f, 0xfa, 0x34, 0xa, 0x40, 0x1f, 0xe1, 0xf0,
    0x1, 0xa2, 0x15, 0x4c, 0xc7, 0x96, 0x0, 0xd2,
    0x21, 0x0, 0xbf, 0xdb, 0xdc, 0xff, 0xdc, 0xe0,
    0x39, 0x76, 0xaa, 0x4c, 0xa1, 0xa5, 0xc0, 0x8,
    0xc0, 0xc4, 0xa, 0x62, 0x42, 0x20, 0xf, 0xf0,
    0x88, 0x88, 0x66, 0x44, 0x0, 0x6, 0x80, 0x60,
    0x2, 0xda, 0xa5, 0xdb, 0x31, 0xba, 0xee, 0x7f,
    0xee, 0xe6, 0xeb, 0x31, 0x76, 0x73, 0xc1, 0x8,
    0x10, 0x8, 0x55, 0x48, 0x83, 0x31, 0x10, 0x44,
    0x1, 0xff, 0xc1, 0x26, 0x3, 0x60, 0xf, 0xfe,
    0x80, 0xdf, 0x60, 0x7, 0xff, 0x44,

    /* U+6CF5 "泵" */
    0x0, 0xff, 0xe7, 0xa, 0x30, 0x7, 0xff, 0x8,
    0x48, 0xcc, 0x8a, 0xcf, 0x13, 0x2a, 0xbc, 0xde,
    0xff, 0x75, 0xcd, 0x80, 0x7e, 0x8e, 0xe7, 0xfb,
    0xb7, 0x31, 0x75, 0x30, 0xec, 0xc5, 0x43, 0x20,
    0x23, 0x45, 0x6c, 0x0, 0xfd, 0xa, 0x4, 0x43,
    0x45, 0x66, 0x0, 0x6, 0xaf, 0x37, 0xbf, 0xdd,
    0xb9, 0x75, 0x2e, 0x1, 0xfd, 0x7d, 0xba, 0xcb,
    0xa9, 0x0, 0xb5, 0x50, 0xc8, 0x40, 0x3f, 0xf9,
    0xb0, 0xc1, 0x46, 0x1, 0xff, 0xd1, 0x77, 0x4,
    0x28, 0x4, 0x24, 0x68, 0x85, 0x30, 0xf, 0xfe,
    0x3c, 0xc0, 0x2, 0xf7, 0xbf, 0xdd, 0xb9, 0x76,
    0xac, 0x50, 0xf, 0xfe, 0x2d, 0x30, 0x4, 0x67,
    0x91, 0x59, 0x8e, 0xe0, 0x0, 0x80, 0x7f, 0xf0,
    0xcb, 0x54, 0xdc, 0xf, 0xfb, 0x72, 0xea, 0x65,
    0x16, 0x0, 0x50, 0xf, 0xfe, 0x13, 0x69, 0x46,
    0x58, 0x10, 0x7, 0xf3, 0x1, 0x8, 0x7, 0xff,
    0x0, 0xae, 0x53, 0x5c, 0x4, 0x4, 0x3, 0xf8,
    0x81, 0x0, 0x3f, 0xf8, 0xd, 0xa1, 0x96, 0x40,
    0x2, 0x0, 0x44, 0x26, 0xae, 0xd9, 0xbd, 0x0,
    0xa0, 0x1f, 0xfc, 0x1, 0xdb, 0x30, 0xe, 0x10,
    0x77, 0x32, 0xa2, 0xc, 0x84, 0x44, 0x4, 0x1,
    0xff, 0x39, 0x0, 0x7f, 0x3e, 0x63, 0x7b, 0xff,
    0x76, 0xe1, 0x0, 0x7f, 0xf2, 0x2c, 0xf0, 0xeb,
    0x1c, 0x3, 0xf8, 0xc0, 0x3f, 0xf8, 0xcb, 0x88,
    0x14, 0x32, 0x1, 0xf8, 0xf1, 0x40, 0x3f, 0xf9,
    0x22, 0x0, 0x20, 0xf, 0xf, 0x4, 0x0, 0x7f,
    0xf0, 0xc4, 0x8c, 0xc2, 0x1, 0xb8, 0x3, 0x87,
    0x48, 0x2c, 0x3, 0xf8, 0x7b, 0xaf, 0xf7, 0x6e,
    0x63, 0x90, 0x2, 0x39, 0x0, 0x8b, 0xc, 0x2d,
    0x80, 0x3f, 0x86, 0x44, 0x62, 0x45, 0x10, 0x15,
    0x0, 0x85, 0x98, 0xd, 0xa4, 0x7a, 0x80, 0x1f,
    0xf3, 0xff, 0xbb, 0x6f, 0xc4, 0x28, 0x40, 0x2b,
    0x9, 0xd9, 0x7, 0xc2, 0x0, 0xff, 0xe2, 0x9d,
    0x4, 0xa0, 0x6, 0x59, 0x2, 0x1d, 0x80, 0xf,
    0xfe, 0x32, 0xe0, 0x43, 0x0, 0x79, 0xa8, 0x7,
    0x88, 0x3, 0xff, 0x8a, 0xf4, 0x14, 0xe0, 0x1f,
    0x96, 0xc4, 0xf6, 0x48, 0x3, 0xff, 0x82, 0x59,
    0x5, 0x8a, 0x1, 0x8c, 0x3, 0x93, 0xd4, 0x1b,
    0x69, 0x40, 0x3f, 0x86, 0x34, 0xa3, 0x4c, 0x3,
    0xff, 0x80, 0x35, 0x66, 0xb, 0x5f, 0x4c, 0x40,
    0x11, 0x4f, 0x34, 0x73, 0x80, 0x6, 0xdc, 0x40,
    0x3f, 0xc9, 0x98, 0x40, 0x2, 0xce, 0xf0, 0x14,
    0x8e, 0x73, 0x80, 0x61, 0xf9, 0xec, 0x80, 0xf,
    0xf1, 0xdf, 0x4a, 0x0, 0x1c, 0xa, 0xe0, 0xc0,
    0x3e, 0x4f, 0x63, 0x60, 0xf, 0xfe, 0x0, 0xb5,
    0xf6, 0x48, 0x7, 0xff, 0x4, 0x67, 0x14, 0x18,
    0x3, 0xff, 0x82, 0x26, 0x0,

    /* U+6D4E "济" */
    0x0, 0xff, 0xe3, 0x1f, 0xe9, 0x80, 0x7f, 0xf4,
    0x8c, 0x88, 0x80, 0x1f, 0xfc, 0x3e, 0xd2, 0x0,
    0xff, 0xe0, 0x88, 0x7, 0xff, 0x14, 0xcb, 0x54,
    0x3, 0xff, 0x94, 0x24, 0x1, 0xec, 0x30, 0xa8,
    0x0, 0xfc, 0x24, 0x60, 0xc, 0x89, 0xab, 0xcd,
    0xee, 0x6b, 0x80, 0x70, 0xe2, 0x3, 0xc9, 0xf6,
    0xeb, 0xbf, 0xdd, 0xb8, 0x60, 0x8e, 0xca, 0x86,
    0x42, 0x22, 0xc0, 0xf, 0xad, 0x1, 0x91, 0xc8,
    0x80, 0x11, 0x2b, 0x3c, 0x4d, 0x40, 0x1, 0xbf,
    0xdd, 0xb6, 0x1, 0xfa, 0xd0, 0xa, 0x7f, 0xdd,
    0x40, 0x71, 0x30, 0xec, 0xb4, 0x3, 0x20, 0x1f,
    0xfc, 0x2b, 0xd5, 0x0, 0xcb, 0x3, 0x82, 0x1,
    0x49, 0x5, 0x0, 0x7f, 0xf1, 0x8, 0x3, 0xce,
    0xa3, 0xe4, 0xa, 0xc0, 0xe8, 0x1, 0xf8, 0xbf,
    0x8, 0x3, 0xff, 0x81, 0x4c, 0x38, 0xd4, 0xb,
    0x0, 0x1f, 0xe1, 0x3d, 0x70, 0xf, 0xfe, 0x4,
    0xb0, 0xc8, 0x25, 0x0, 0x7f, 0x8b, 0xd4, 0x23,
    0x4, 0x3, 0xfe, 0xa0, 0x9, 0xcc, 0x3, 0xfe,
    0x1a, 0x90, 0x3f, 0x40, 0xf, 0xe6, 0xc0, 0x51,
    0x3c, 0xa2, 0x0, 0xff, 0x9a, 0xc4, 0x5a, 0x1,
    0xf1, 0x5c, 0x8d, 0xd7, 0x30, 0x2e, 0xd1, 0x80,
    0x7f, 0x93, 0x1e, 0x0, 0x3d, 0x1a, 0x8f, 0xc8,
    0x0, 0x9c, 0x40, 0x5c, 0xc3, 0x88, 0x7, 0xe2,
    0x81, 0x0, 0xcf, 0xce, 0xdd, 0x0, 0x1c, 0xdb,
    0x48, 0x7, 0x1d, 0x90, 0x40, 0x1f, 0xd, 0x8c,
    0x7d, 0xc7, 0xf6, 0x50, 0x7, 0x1c, 0xdd, 0xb5,
    0x80, 0x6, 0xfc, 0x1, 0xf4, 0x84, 0x77, 0x31,
    0x81, 0x9, 0x50, 0x3, 0x28, 0x8, 0x14, 0xfd,
    0x20, 0xc0, 0x7, 0x85, 0xfa, 0x58, 0x40, 0x22,
    0x0, 0x30, 0x7, 0xfc, 0xb7, 0xc8, 0x1, 0xe8,
    0x5, 0x0, 0xf1, 0x80, 0x8, 0x3, 0xff, 0x90,
    0x4c, 0xc0, 0xf, 0x98, 0x4, 0x3, 0xff, 0x93,
    0x21, 0x60, 0x1f, 0x60, 0x28, 0x7, 0x8, 0x7,
    0xff, 0x9, 0x51, 0x48, 0x3, 0xe5, 0xd, 0x0,
    0xff, 0xe3, 0x8d, 0x84, 0x80, 0x7c, 0x64, 0xe,
    0x1, 0xff, 0xc7, 0xb1, 0x33, 0x0, 0x7d, 0x20,
    0xe2, 0x1, 0xff, 0xc6, 0x55, 0x4, 0x0, 0x7c,
    0x6a, 0x32, 0x1, 0xff, 0xc6, 0x1b, 0x3, 0x40,
    0xf, 0xb8, 0x2c, 0x40, 0x3f, 0xf8, 0xa5, 0xe2,
    0x1e, 0x1, 0xf5, 0x94, 0x28, 0x7, 0xff, 0x18,
    0x98, 0x58, 0xc0, 0x3d, 0x28, 0xee, 0x0, 0xfc,
    0x20, 0x1, 0x0, 0xfd, 0x1d, 0x20, 0x1e, 0xa6,
    0xa8, 0x0, 0xfe, 0x70, 0xf, 0xfe, 0x3b, 0x9f,
    0x28, 0x7, 0xf9, 0x4c, 0x44, 0x1, 0xf0,

    /* U+73E0 "珠" */
    0x0, 0xff, 0xe4, 0xc6, 0xb0, 0x7, 0xff, 0x56,
    0x8a, 0x48, 0x3, 0xff, 0xa8, 0x40, 0x1f, 0xfd,
    0x32, 0x10, 0xf, 0xfe, 0xb5, 0x74, 0x0, 0x7f,
    0xf5, 0x44, 0x1c, 0x3, 0xff, 0x8c, 0xec, 0xc7,
    0x89, 0xab, 0xcf, 0xe4, 0x0, 0x88, 0x10, 0x3,
    0xff, 0x8d, 0xb3, 0x28, 0x76, 0x54, 0x30, 0x19,
    0x0, 0x90, 0x34, 0x48, 0x1, 0x4f, 0x15, 0xbc,
    0x80, 0x1f, 0x53, 0xbe, 0x0, 0x55, 0xef, 0x68,
    0x1, 0x0, 0x13, 0xda, 0x0, 0x78, 0x75, 0x21,
    0xa0, 0xf, 0xd1, 0x15, 0x0, 0x15, 0x8, 0x40,
    0x2d, 0x0, 0x9, 0x18, 0x1, 0xa6, 0xaf, 0x37,
    0x80, 0x3f, 0xf9, 0x2c, 0x3f, 0xdb, 0x80, 0xb,
    0x65, 0x43, 0x20, 0xf, 0xfe, 0x0, 0x80, 0x7e,
    0x60, 0xb0, 0xf, 0xfe, 0xad, 0xaa, 0x80, 0x3f,
    0xfa, 0x8a, 0x34, 0x1, 0xff, 0xc2, 0x10, 0xf,
    0x12, 0xa2, 0xd8, 0x2, 0xb7, 0x44, 0x63, 0xc4,
    0x68, 0x85, 0x60, 0x4, 0x4d, 0x5e, 0x6f, 0x73,
    0x4, 0x3, 0xaa, 0xe9, 0xc0, 0xa, 0x44, 0x9b,
    0xb6, 0xeb, 0x2e, 0xd5, 0x20, 0x5, 0x65, 0x43,
    0x21, 0x3, 0x60, 0xc, 0x58, 0xee, 0x60, 0x5,
    0xe6, 0xdc, 0x29, 0x1a, 0x2a, 0x98, 0x2, 0x1a,
    0xbc, 0xdd, 0x77, 0xf9, 0xc0, 0x38, 0xe2, 0x1a,
    0x2, 0x86, 0x40, 0xa, 0xdc, 0xba, 0xa0, 0x80,
    0x43, 0xe8, 0x64, 0x41, 0x0, 0xff, 0xe6, 0x13,
    0x80, 0x80, 0x16, 0x0, 0x3f, 0xfa, 0x1c, 0xc,
    0x61, 0x42, 0xec, 0x1, 0xff, 0xce, 0x83, 0x29,
    0x30, 0x6a, 0x9, 0x50, 0xf, 0xfe, 0x39, 0xca,
    0x0, 0x15, 0xc3, 0x80, 0x32, 0x40, 0x52, 0x80,
    0x7f, 0xf1, 0x17, 0x31, 0xc8, 0x7, 0x41, 0x26,
    0x1, 0xce, 0xc1, 0x4a, 0x1, 0xff, 0xc1, 0x1e,
    0xa0, 0xd7, 0x2, 0xd0, 0x76, 0x0, 0xfa, 0x54,
    0x29, 0xc0, 0x3f, 0x14, 0x48, 0x0, 0xeb, 0x8,
    0xb, 0x5, 0xe0, 0x3, 0xfa, 0x90, 0x22, 0x0,
    0x19, 0x63, 0x74, 0xe4, 0x33, 0xaa, 0x0, 0x2c,
    0x19, 0x80, 0xf, 0xfa, 0xcc, 0x1e, 0xc0, 0x29,
    0x72, 0x1, 0x8e, 0x60, 0x8, 0xf0, 0x2d, 0x80,
    0x3f, 0xf8, 0x38, 0x60, 0x9a, 0x41, 0xa6, 0x95,
    0xce, 0x1, 0x97, 0x13, 0xd0, 0x3, 0xff, 0x87,
    0x8a, 0x4, 0xc0, 0x39, 0x6a, 0x1, 0xc7, 0xd9,
    0x42, 0x1, 0xff, 0xc5, 0xaa, 0x6a, 0x0, 0x7f,
    0x8e, 0xcc, 0x3, 0xf8, 0x40, 0x3f, 0xca, 0x40,
    0x1f, 0xfc, 0xa2, 0x0, 0xff, 0xeb, 0x92, 0x89,
    0x0, 0x7f, 0xc0,

    /* U+751F "生" */
    0x0, 0xff, 0xe1, 0x43, 0x8, 0x7, 0xff, 0x48,
    0x67, 0x84, 0x3, 0xff, 0xa3, 0x80, 0x2, 0x0,
    0xff, 0xe8, 0x88, 0x7, 0xff, 0x34, 0xad, 0x80,
    0x3f, 0xfa, 0x69, 0x34, 0x1, 0xff, 0xd1, 0x60,
    0x1, 0x80, 0x7f, 0xf4, 0x70, 0x1, 0x40, 0x1f,
    0xfd, 0x15, 0x3, 0x30, 0x7, 0xff, 0x40, 0x88,
    0x12, 0x1, 0x84, 0x0, 0xaa, 0x67, 0x89, 0xac,
    0xe6, 0x0, 0xff, 0xe0, 0x50, 0x2, 0x3b, 0xfe,
    0xa0, 0x4, 0xd4, 0xc3, 0xb2, 0x98, 0xca, 0x0,
    0x7f, 0xcc, 0x0, 0x21, 0x0, 0xf1, 0xa2, 0xb3,
    0xc4, 0xd5, 0xe2, 0x0, 0x7f, 0x94, 0x4a, 0xf3,
    0x7b, 0xfd, 0x60, 0xe, 0xba, 0x98, 0x76, 0x54,
    0x30, 0xf, 0xfa, 0x42, 0x50, 0xc8, 0x40, 0x3f,
    0xf9, 0xa8, 0x6a, 0x80, 0x1f, 0xfd, 0x18, 0x2a,
    0x0, 0xff, 0xe8, 0xb1, 0x78, 0x7, 0xff, 0x4a,
    0xb0, 0x80, 0x3f, 0xe6, 0x23, 0x44, 0x34, 0x20,
    0x7, 0xf8, 0x74, 0x81, 0xf2, 0xf3, 0x75, 0xdf,
    0x60, 0xb, 0xdc, 0xbb, 0x4b, 0xdb, 0x0, 0x7f,
    0x8, 0x80, 0xa, 0x68, 0x64, 0x41, 0x0, 0xc2,
    0x44, 0x34, 0x42, 0xb1, 0x80, 0x7f, 0xf0, 0x4b,
    0xaf, 0x31, 0xbd, 0xca, 0x0, 0x66, 0xeb, 0x2e,
    0xd5, 0x2a, 0x1, 0xff, 0xc2, 0x14, 0x33, 0x10,
    0x8c, 0x1, 0xff, 0xff, 0x0, 0xff, 0xf7, 0x98,
    0x7, 0xff, 0x90, 0x40, 0x3e, 0x11, 0x11, 0x46,
    0x60, 0x3, 0xab, 0x31, 0xdd, 0x10, 0x99, 0x55,
    0x33, 0xd8, 0x33, 0xfb, 0x9f, 0xfb, 0xb9, 0xbb,
    0x64, 0x0, 0x26, 0xa6, 0x51, 0x7, 0x73, 0x31,
    0x54, 0x61, 0x29, 0x60, 0x22, 0x0, 0xff, 0x84,
    0x44, 0x43, 0x39, 0x10, 0xaa, 0x66, 0x3b, 0xa2,
    0x55, 0xb2, 0xae, 0xd9, 0x8d, 0xd7, 0x73, 0xff,
    0x77, 0x37, 0x59, 0x95, 0xda, 0xa9, 0x32, 0x88,
    0x3b, 0x8,

    /* U+7535 "电" */
    0x0, 0xff, 0x91, 0x44, 0x3, 0xff, 0x9e, 0x55,
    0xe2, 0x1, 0xff, 0xce, 0x50, 0x13, 0x0, 0xff,
    0xff, 0x80, 0x7f, 0xf0, 0x8c, 0x3, 0xff, 0xc4,
    0xc6, 0x1, 0xe1, 0x25, 0x0, 0x3b, 0x31, 0xe2,
    0x6a, 0x97, 0x64, 0x0, 0xf5, 0xe7, 0x6f, 0x7f,
    0xdd, 0xb2, 0x0, 0x99, 0xa1, 0xd9, 0x54, 0x88,
    0xb0, 0xf, 0x28, 0x9, 0x8, 0x0, 0x48, 0xcc,
    0x0, 0x56, 0x78, 0x84, 0xd5, 0x10, 0x4, 0x3,
    0xdc, 0x3, 0xdf, 0xf7, 0x6e, 0x78, 0x2, 0xe6,
    0x1d, 0xcc, 0xaa, 0x10, 0x20, 0xf, 0x18, 0x0,
    0x40, 0x3f, 0xf8, 0xa2, 0xc, 0x1, 0xe1, 0x1,
    0x0, 0xf9, 0xc0, 0x3f, 0xce, 0x4, 0x1, 0xe7,
    0x0, 0xff, 0xe4, 0x10, 0x78, 0x7, 0x84, 0x0,
    0x20, 0x1, 0x23, 0x43, 0x0, 0x4c, 0x4d, 0x5d,
    0xb3, 0x44, 0x8, 0x3, 0xc6, 0x0, 0xef, 0xf7,
    0x6e, 0x5c, 0x0, 0x1d, 0xcc, 0xa8, 0x83, 0x20,
    0x3, 0x0, 0x7f, 0x84, 0x88, 0x68, 0xa8, 0x0,
    0x78, 0x9a, 0xbb, 0x65, 0x80, 0x4, 0x3, 0xc2,
    0x0, 0xce, 0xdd, 0x65, 0xd7, 0x80, 0x25, 0xd9,
    0x51, 0x6, 0xe0, 0x2, 0x0, 0xfe, 0x70, 0xf,
    0xe1, 0x0, 0xf3, 0x80, 0x80, 0x7e, 0x10, 0x10,
    0xf, 0xfe, 0x21, 0x1, 0x80, 0x7e, 0x30, 0x30,
    0xf, 0xfe, 0x20, 0x83, 0x0, 0x7e, 0x10, 0xe1,
    0x22, 0x19, 0x93, 0x0, 0xe, 0xe8, 0x84, 0xd5,
    0x40, 0xc2, 0x1, 0x88, 0x0, 0xe0, 0xfd, 0xba,
    0xcc, 0x5b, 0x80, 0x22, 0xe, 0xe6, 0x55, 0x10,
    0x14, 0x80, 0x47, 0x0, 0x1c, 0x24, 0x66, 0x45,
    0x40, 0x3, 0x3c, 0x4c, 0xaa, 0xed, 0x9b, 0x0,
    0x12, 0xb0, 0x0, 0x41, 0x7b, 0x73, 0x17, 0x5e,
    0x0, 0x98, 0x76, 0x62, 0xa2, 0xc, 0x80, 0x37,
    0x0, 0x55, 0x32, 0x0, 0xf0, 0x80, 0x7f, 0xf1,
    0xc, 0x3, 0x31, 0x80, 0x7f, 0xf2, 0xd5, 0xc0,
    0x3f, 0xf9, 0xe6, 0x22, 0x0, 0xff, 0xe1, 0x10,
    0x7, 0xff, 0x2, 0x80, 0xc0, 0x3f, 0xe7, 0x0,
    0x64, 0x32, 0xaf, 0xcc, 0xf6, 0xc1, 0x80, 0x1f,
    0xf1, 0x18, 0xb, 0xcd, 0x57, 0xd3, 0x8, 0x4,
    0xa0, 0x1f, 0xfc, 0xd, 0x72, 0x0, 0xff, 0x9,
    0x3e, 0x0, 0x7f, 0xf0, 0x46, 0x37, 0xff, 0xfd,
    0xdb, 0x2, 0x0,

    /* U+767D "白" */
    0x0, 0xff, 0x84, 0x3, 0xff, 0x96, 0x7d, 0x42,
    0x1, 0xff, 0xc9, 0x50, 0x5b, 0x0, 0xff, 0xe4,
    0xd0, 0x3, 0xc0, 0x3f, 0xf9, 0x8, 0x60, 0x8a,
    0x1, 0xff, 0xc7, 0x1a, 0x1, 0xa0, 0xf, 0xfe,
    0x45, 0x88, 0x68, 0x80, 0x7f, 0xf1, 0xd9, 0x42,
    0x8c, 0x3, 0xff, 0x84, 0xc4, 0x1, 0x1c, 0x84,
    0xa8, 0x91, 0xa2, 0xa9, 0x9e, 0x26, 0xa8, 0xc0,
    0x8, 0xdc, 0xab, 0xd0, 0x4, 0xff, 0x6e, 0x5d,
    0x52, 0x61, 0xd9, 0x55, 0x2a, 0xe, 0x6, 0xa8,
    0x20, 0x1f, 0x84, 0x8d, 0x15, 0x90, 0x0, 0xc1,
    0xe0, 0x7, 0x89, 0xab, 0xcd, 0xef, 0xfb, 0xb7,
    0x2e, 0xa7, 0x40, 0x4, 0x4, 0x0, 0x97, 0x65,
    0x43, 0x21, 0x0, 0xfe, 0x10, 0x0, 0x83, 0x80,
    0xc, 0x3, 0xff, 0x89, 0xe0, 0x20, 0x1c, 0x20,
    0x1f, 0xfc, 0x42, 0x3, 0x0, 0x8, 0x1, 0xc0,
    0x3f, 0xf8, 0x82, 0x2, 0x0, 0x30, 0x0, 0x80,
    0x7f, 0xf1, 0x1c, 0x18, 0x0, 0x20, 0x1f, 0xfc,
    0x1, 0x23, 0x32, 0x2b, 0x10, 0x18, 0x7, 0x4d,
    0x5e, 0x6e, 0xbb, 0xfe, 0xed, 0xcc, 0x5d, 0x48,
    0x80, 0x80, 0x42, 0x6, 0xa8, 0x64, 0x41, 0x0,
    0xf0, 0x91, 0x98, 0x1, 0xe0, 0x11, 0x81, 0xc4,
    0x26, 0xaf, 0x31, 0xbd, 0xff, 0x76, 0xe6, 0x0,
    0x4, 0x1, 0x8, 0x2b, 0xb9, 0x95, 0xc, 0xc4,
    0x20, 0x1e, 0x10, 0x0, 0x80, 0x71, 0x80, 0x7f,
    0xf0, 0xcc, 0x0, 0xe0, 0x13, 0x80, 0x80, 0x7f,
    0xf0, 0xc4, 0x0, 0x40, 0x10, 0x83, 0x80, 0x7f,
    0xf0, 0xdc, 0x0, 0x20, 0x11, 0x80, 0x80, 0x7f,
    0xf0, 0xc4, 0x3, 0xc2, 0x1, 0xff, 0xc5, 0x20,
    0x10, 0xd, 0xe0, 0x60, 0x1e, 0x11, 0x11, 0xc,
    0xc8, 0x85, 0xd0, 0xf, 0x8, 0xf, 0x73, 0xff,
    0x77, 0x37, 0x59, 0x8b, 0xb5, 0x28, 0xb, 0x80,
    0x46, 0x0, 0x11, 0x0, 0x7f, 0x84, 0x44, 0x51,
    0x80, 0x7d, 0x59, 0x8d, 0xdb, 0xb9, 0xff, 0xbb,
    0x9b, 0xb6, 0x38, 0x4, 0x60, 0x7, 0x33, 0x11,
    0x42, 0x20, 0xf, 0xfe, 0x13, 0xa0, 0x18, 0x7,
    0xff, 0x1c,

    /* U+76AE "皮" */
    0x0, 0xff, 0xe2, 0x2f, 0x48, 0x80, 0x7f, 0xf4,
    0xd0, 0x5a, 0x0, 0x3f, 0xfa, 0x62, 0x20, 0x30,
    0xf, 0xfe, 0xb1, 0x80, 0x7f, 0xf5, 0x4, 0x3,
    0xff, 0xb0, 0x20, 0x1f, 0xfc, 0x9a, 0x92, 0x0,
    0xf8, 0x40, 0x4, 0x8a, 0xcf, 0x13, 0x54, 0xba,
    0x30, 0xf, 0xf1, 0x36, 0xdd, 0xb3, 0x7b, 0xfd,
    0xc0, 0x5, 0xba, 0x98, 0x76, 0x55, 0x22, 0xf0,
    0x7, 0xfb, 0x80, 0x8, 0x83, 0x21, 0x0, 0xe1,
    0x34, 0x56, 0x78, 0x96, 0x0, 0x28, 0x7, 0xf8,
    0xc0, 0xf, 0x57, 0x9b, 0xdf, 0xe0, 0x4, 0x65,
    0xd4, 0xc3, 0xb1, 0x81, 0x40, 0x7, 0xff, 0x6,
    0xd5, 0xc, 0x84, 0x3, 0xfe, 0x15, 0xe, 0x0,
    0xff, 0xe1, 0x8, 0x7, 0xf1, 0x80, 0x7a, 0x42,
    0x4c, 0x3, 0xfe, 0x30, 0xf, 0xfe, 0x31, 0x3b,
    0x30, 0x3, 0xff, 0x86, 0x60, 0x1f, 0xc2, 0x1,
    0xca, 0xf2, 0x1, 0xff, 0xc4, 0x10, 0xf, 0xfe,
    0x1b, 0xc0, 0x7, 0xff, 0x8, 0x40, 0x3c, 0x24,
    0x44, 0x0, 0x63, 0x3c, 0x4d, 0x51, 0xc0, 0x3f,
    0xf8, 0x5e, 0x0, 0xde, 0xff, 0x76, 0xea, 0xc0,
    0xf, 0x30, 0xec, 0xaa, 0x89, 0x0, 0xff, 0xe0,
    0x88, 0x0, 0x84, 0x2, 0x12, 0x21, 0xa2, 0xb3,
    0xc4, 0x98, 0x3, 0x0, 0x3f, 0xf8, 0x24, 0x7,
    0x9b, 0xdf, 0xee, 0xdd, 0x65, 0xd4, 0xc3, 0xa1,
    0x82, 0x28, 0x7, 0xff, 0x5, 0x81, 0xc, 0x86,
    0xac, 0x40, 0x3f, 0x48, 0x2, 0x40, 0x3f, 0xf8,
    0x44, 0x1a, 0x1, 0x3a, 0x60, 0x80, 0x79, 0x90,
    0x1c, 0x80, 0x3f, 0xf8, 0x26, 0x0, 0x70, 0xb,
    0xc4, 0xb0, 0x80, 0x31, 0xc8, 0x1c, 0x0, 0x7f,
    0xf0, 0x90, 0x4, 0x80, 0x22, 0xd0, 0x2c, 0x30,
    0x0, 0xe8, 0x3, 0x80, 0x3f, 0xf8, 0x76, 0xe,
    0x1, 0xc7, 0x82, 0x2c, 0x61, 0xd1, 0xb, 0x20,
    0xf, 0xfe, 0x10, 0x98, 0x50, 0x7, 0x8f, 0xc8,
    0x27, 0xcc, 0x25, 0x0, 0x3f, 0xf8, 0x6c, 0x4,
    0x60, 0x1f, 0xe, 0xa0, 0x8, 0x33, 0x0, 0x3f,
    0xf8, 0x94, 0x16, 0x1, 0xfc, 0xaa, 0x0, 0x9a,
    0x88, 0x3, 0xff, 0x84, 0xa4, 0x46, 0x0, 0xfd,
    0x34, 0x22, 0xa4, 0x5, 0xd9, 0x20, 0xf, 0xfe,
    0x4, 0x7, 0x0, 0x7c, 0xbc, 0xc0, 0xbe, 0xb7,
    0x62, 0x6, 0xda, 0x30, 0xf, 0xe6, 0x26, 0x30,
    0xe, 0x4c, 0xa1, 0x2b, 0xa1, 0x0, 0x26, 0xc8,
    0x82, 0xe6, 0xb9, 0x0, 0x70, 0xc1, 0xc8, 0x6,
    0x4c, 0xb3, 0x35, 0x6a, 0x0, 0x79, 0xba, 0x48,
    0xa, 0x37, 0x52, 0x80, 0xb, 0x2d, 0x0, 0xb,
    0xed, 0x93, 0xee, 0x28, 0x7, 0xf9, 0xb6, 0xd0,
    0x0, 0x4d, 0x64, 0x21, 0x82, 0x5, 0x96, 0xb9,
    0xd0, 0x40, 0x1f, 0xfc, 0x24, 0xbe, 0x93, 0x1a,
    0x20,

    /* U+76EE "目" */
    0x43, 0x0, 0xff, 0x84, 0x44, 0x68, 0xaa, 0x40,
    0xdc, 0xd9, 0x95, 0x5e, 0x6e, 0xbb, 0xfd, 0xdc,
    0xdc, 0xba, 0xa5, 0xd5, 0x0, 0x99, 0x8a, 0x86,
    0x44, 0x10, 0xc, 0x24, 0x43, 0x0, 0x88, 0x0,
    0xb1, 0x35, 0x4b, 0xcd, 0xee, 0x7f, 0xbb, 0x75,
    0x84, 0x4, 0x20, 0xe, 0x76, 0x55, 0x21, 0x90,
    0x88, 0x3, 0xc6, 0x1, 0xc2, 0x1, 0xff, 0xc5,
    0xf0, 0xf, 0xfe, 0x69, 0x80, 0x7f, 0xf1, 0x44,
    0x4, 0x3, 0xf0, 0x91, 0xa2, 0x15, 0x9e, 0x4,
    0x3, 0xaf, 0x37, 0xb9, 0xfe, 0xed, 0xcb, 0xb5,
    0x4c, 0x38, 0x0, 0xc0, 0xc0, 0x8c, 0x84, 0x40,
    0x18, 0x44, 0x46, 0x88, 0x50, 0xf, 0x2d, 0xdb,
    0x37, 0xb9, 0xfe, 0xee, 0x6e, 0x5d, 0xa8, 0x0,
    0x20, 0x20, 0x48, 0x83, 0x21, 0x10, 0x7, 0xe1,
    0x0, 0xf0, 0x80, 0x7f, 0xf1, 0x5c, 0x3, 0xff,
    0x96, 0xe0, 0x60, 0x1f, 0xf0, 0x91, 0xa0, 0x0,
    0x40, 0x27, 0x89, 0xaa, 0x5e, 0x6f, 0x73, 0xfd,
    0xdb, 0x94, 0x1, 0x84, 0x9, 0xd9, 0x54, 0x86,
    0x42, 0x20, 0xe, 0x10, 0xf, 0xb, 0x3c, 0x4c,
    0xaa, 0xf3, 0x1b, 0xdf, 0xf6, 0x0, 0xc, 0xc,
    0xa, 0x61, 0xd9, 0x8a, 0x86, 0x62, 0x10, 0x8,
    0x40, 0x3f, 0xf9, 0x82, 0x2, 0x2, 0x1, 0xff,
    0xd8, 0x70, 0xf, 0x18, 0x7, 0xff, 0x1f, 0xc0,
    0x3f, 0x8, 0x88, 0x86, 0x64, 0x46, 0x0, 0x78,
    0x77, 0xb9, 0xff, 0x77, 0x37, 0x59, 0x8b, 0xb3,
    0x80, 0x28, 0x3, 0x10, 0x88, 0x3, 0x84, 0x44,
    0x43, 0x32, 0x2a, 0xb0, 0x3c, 0x1, 0x98, 0xde,
    0xe7, 0xfd, 0xdc, 0xdd, 0x66, 0x2e, 0xa8, 0xc0,
    0x18, 0xcc, 0x42, 0x20, 0xf, 0xfe, 0x14, 0xa8,
    0x80, 0x7f, 0xf1, 0x80,

    /* U+793A "示" */
    0x0, 0xff, 0xe3, 0x89, 0x1a, 0x2c, 0x10, 0x7,
    0xff, 0x2, 0x15, 0x4c, 0xf1, 0x57, 0x9b, 0xdf,
    0xee, 0xdc, 0xba, 0x7d, 0x20, 0xf, 0xf8, 0xea,
    0x93, 0xe, 0xa8, 0x64, 0x20, 0x1c, 0x24, 0x68,
    0x20, 0x1f, 0xf5, 0x32, 0xa9, 0x9e, 0x26, 0xaf,
    0x37, 0xbf, 0xee, 0xdc, 0xb3, 0x0, 0xff, 0x86,
    0x6a, 0x93, 0xe, 0xca, 0x86, 0x42, 0x1, 0xff,
    0xff, 0x0, 0xff, 0xf6, 0x89, 0x1a, 0x2a, 0x9d,
    0x40, 0x40, 0x21, 0x22, 0x1a, 0x2b, 0x3c, 0x42,
    0x6a, 0xf3, 0x7b, 0xfe, 0xed, 0xcb, 0xaa, 0x45,
    0x33, 0xff, 0xdd, 0xba, 0xcb, 0xa9, 0x87, 0x73,
    0x2a, 0x19, 0x8, 0x7, 0xc2, 0x46, 0x82, 0xc6,
    0x1, 0xe1, 0x23, 0x44, 0x2b, 0x8, 0x15, 0x52,
    0xf3, 0x7b, 0xfe, 0xed, 0xcb, 0x70, 0xcd, 0xd7,
    0x7f, 0xdd, 0xb9, 0x76, 0xa9, 0x20, 0x65, 0x52,
    0x19, 0x8, 0x7, 0xf8, 0x88, 0x20, 0x1f, 0xfd,
    0x75, 0x0, 0xff, 0xe0, 0xa3, 0x0, 0x7f, 0xf0,
    0xca, 0xb4, 0x80, 0x3f, 0xc5, 0x73, 0x60, 0x1f,
    0xfc, 0x2a, 0x2, 0xb0, 0xf, 0xf1, 0x28, 0x26,
    0x0, 0x7f, 0xf0, 0x5, 0xc0, 0x60, 0x3, 0xfe,
    0xa5, 0x3, 0xc0, 0xf, 0xfa, 0x0, 0x16, 0x20,
    0x1f, 0xfc, 0xa, 0x60, 0x3c, 0x0, 0xfe, 0x46,
    0x6, 0x50, 0xe, 0x70, 0xf, 0xd2, 0xc0, 0x78,
    0x1, 0xf0, 0xd0, 0x1c, 0x80, 0x7e, 0x70, 0xf,
    0xa5, 0x80, 0xf0, 0x3, 0xda, 0x25, 0xa0, 0x1f,
    0xfc, 0x69, 0x40, 0x3b, 0x0, 0xd0, 0x65, 0x82,
    0x1, 0xff, 0xc7, 0xb2, 0x4, 0x90, 0x3, 0xb8,
    0xf0, 0x40, 0x3f, 0xf9, 0x38, 0x20, 0x12, 0xc2,
    0x60, 0x80, 0x7f, 0xf2, 0x87, 0x5e, 0x4e, 0xa2,
    0xc0, 0x39, 0xd8, 0x40, 0x3f, 0xf8, 0xa7, 0x0,
    0x5c, 0xe0, 0x1e, 0x4b, 0xeb, 0x61, 0x0, 0xff,
    0xe2, 0x88, 0x80, 0x3e, 0x3d, 0x74, 0x9e, 0x40,
    0x10, 0xf, 0xfe, 0x6c, 0x69, 0x80, 0x42, 0x1,
    0xff, 0xce, 0x2c, 0xa2, 0x1f, 0x0, 0xff, 0xe1,
    0x0,

    /* U+7B97 "算" */
    0x0, 0xf8, 0xd8, 0x3, 0xfe, 0x94, 0x0, 0xff,
    0xe3, 0x24, 0xd8, 0x7, 0xf0, 0xb5, 0xa0, 0x7,
    0xff, 0x17, 0x1, 0xc0, 0x3f, 0x9c, 0x3, 0xff,
    0x8e, 0x48, 0x1e, 0x1, 0x9, 0xa9, 0x80, 0x2c,
    0xd, 0xd1, 0x59, 0xe2, 0x6d, 0x80, 0x3f, 0x48,
    0x3, 0xb9, 0xfe, 0xec, 0xac, 0x46, 0x20, 0x3c,
    0xba, 0x98, 0x76, 0x49, 0x20, 0xf, 0x2a, 0x0,
    0x8, 0x48, 0xd1, 0x5a, 0x2, 0x41, 0x58, 0x42,
    0x2a, 0xf3, 0x7b, 0xc8, 0x3, 0x86, 0xc3, 0x3c,
    0xc1, 0xb6, 0xea, 0x5f, 0xc2, 0xea, 0x54, 0x29,
    0xd0, 0xc8, 0x40, 0x3e, 0xd1, 0xa3, 0xd, 0x34,
    0xf1, 0x0, 0x3a, 0x52, 0x0, 0x2d, 0xb, 0x4c,
    0x3, 0xfa, 0xe, 0x14, 0x0, 0x38, 0x62, 0xe0,
    0x95, 0x8a, 0x1, 0xd, 0x28, 0x60, 0x7, 0xe5,
    0x77, 0xb6, 0xd9, 0x59, 0xb, 0xea, 0x81, 0xfb,
    0xdf, 0xee, 0xe0, 0x9a, 0x0, 0x7c, 0x75, 0x10,
    0x4, 0x44, 0xd4, 0xb9, 0x32, 0x89, 0x19, 0xe4,
    0x30, 0x4f, 0xb0, 0xf, 0xbe, 0xdc, 0x1, 0x80,
    0x33, 0x57, 0x9b, 0xdf, 0xf7, 0x6e, 0x5c, 0x80,
    0xc, 0x3, 0xf6, 0x20, 0x4, 0x20, 0x6, 0x54,
    0x32, 0x10, 0x0, 0x91, 0x99, 0x30, 0x4, 0x3,
    0xff, 0x84, 0xc0, 0x35, 0x79, 0xba, 0xef, 0xf7,
    0x6e, 0x62, 0xd8, 0xc, 0x3, 0xff, 0x84, 0x60,
    0x5, 0x50, 0x8c, 0xaa, 0x67, 0x89, 0x95, 0x28,
    0x30, 0x7, 0xff, 0x8, 0x40, 0x1b, 0xdb, 0x98,
    0xba, 0x98, 0x76, 0x62, 0x80, 0x8, 0x3, 0xff,
    0x86, 0x20, 0xac, 0xf1, 0x9, 0xab, 0xcc, 0x6f,
    0x7a, 0x80, 0x80, 0x7f, 0xf0, 0xcc, 0x22, 0x61,
    0xdc, 0xca, 0xa1, 0x19, 0x54, 0x21, 0xc0, 0x1f,
    0xfc, 0x31, 0x7, 0xcd, 0xee, 0x7f, 0xbb, 0x75,
    0x97, 0x40, 0x2, 0x0, 0xff, 0xe1, 0xb0, 0x71,
    0x90, 0x88, 0x0, 0x24, 0x43, 0x44, 0x8, 0x7,
    0xff, 0x1e, 0x37, 0xb9, 0xff, 0x76, 0xeb, 0x2e,
    0xc0, 0x9, 0x0, 0xff, 0xe2, 0x89, 0x98, 0x8d,
    0x10, 0xac, 0xc3, 0x48, 0x99, 0x40, 0x7, 0xff,
    0xf, 0x85, 0x9a, 0x9c, 0xbb, 0x54, 0xc9, 0x11,
    0x6c, 0xc5, 0x0, 0xff, 0xe1, 0xa7, 0x4f, 0xa5,
    0x0, 0x7b, 0x0, 0xc0, 0x3f, 0x18, 0x7, 0xf0,
    0x91, 0x38, 0x5, 0x59, 0x8e, 0xe8, 0xe0, 0x5,
    0xdb, 0x37, 0x5d, 0xcf, 0xca, 0x9, 0xfe, 0xff,
    0xdd, 0xba, 0x60, 0x1a, 0x99, 0x44, 0x1d, 0x40,
    0x8, 0x83, 0x22, 0x8, 0x9, 0x8, 0x59, 0x8,
    0x9, 0x10, 0xd0, 0xc0, 0x8, 0xee, 0x89, 0x95,
    0x38, 0x3, 0x75, 0xdf, 0xf7, 0x73, 0x6c, 0xb,
    0x7f, 0xdd, 0xba, 0xcb, 0x40, 0x1b, 0x88, 0x3b,
    0x31, 0x70, 0x0, 0x44, 0x10, 0xf, 0xfe, 0x21,
    0xb8, 0x40, 0x7, 0xff, 0x40, 0xf4, 0x19, 0x80,
    0x1f, 0xfc, 0xf6, 0xc1, 0x89, 0x0, 0xfc, 0x20,
    0x1f, 0xfc, 0x55, 0xc9, 0x5d, 0x70, 0xf, 0xe2,
    0x0, 0xff, 0xe1, 0x96, 0xca, 0x6d, 0x10, 0x7,
    0xfb, 0xc0, 0x3f, 0xf8, 0x65, 0xb9, 0x4, 0x1,
    0xff, 0xc0, 0x86, 0x40, 0xf, 0xf8,

    /* U+7ECF "经" */
    0x0, 0xf9, 0x0, 0x3f, 0xfa, 0x63, 0x74, 0x1,
    0xff, 0xd2, 0x50, 0x53, 0x0, 0xff, 0x9, 0x1a,
    0x21, 0x58, 0x40, 0x3f, 0xed, 0x2, 0x30, 0x8,
    0xf7, 0x37, 0xbf, 0xdd, 0xb9, 0x76, 0xa9, 0xf0,
    0xf, 0xf0, 0xb0, 0x58, 0x6, 0x36, 0x32, 0x10,
    0xe, 0x12, 0x0, 0xff, 0xe0, 0xc8, 0x13, 0x0,
    0x75, 0xd5, 0x2f, 0x37, 0xbf, 0xdd, 0x60, 0xa,
    0x0, 0xfe, 0x27, 0x9, 0x0, 0xb5, 0x40, 0xa,
    0xa4, 0x32, 0x10, 0x0, 0xc0, 0x22, 0x0, 0x3f,
    0xa4, 0x11, 0x0, 0x2, 0x25, 0x10, 0x7, 0xf6,
    0x88, 0x48, 0x7, 0xf3, 0x20, 0x50, 0x5, 0x40,
    0x3, 0x0, 0xfd, 0x26, 0x14, 0x40, 0x1f, 0x11,
    0x24, 0x24, 0x40, 0x2, 0xe1, 0x2, 0x1, 0xf3,
    0xb0, 0x32, 0x80, 0x7c, 0x9b, 0xa0, 0x46, 0x0,
    0xa0, 0x9, 0xc0, 0x3e, 0x68, 0x2, 0x90, 0xf,
    0xe1, 0x0, 0x32, 0x80, 0x9, 0x82, 0x40, 0x3e,
    0x79, 0x0, 0x16, 0x10, 0x7, 0xc9, 0xd0, 0x25,
    0x58, 0x5c, 0x8, 0x80, 0xf, 0x4c, 0x3, 0x40,
    0x1e, 0xc0, 0x7, 0xe7, 0xe7, 0x3, 0xd3, 0x9,
    0x0, 0xe1, 0xc6, 0x9, 0x93, 0xe9, 0x83, 0xea,
    0x0, 0x7e, 0x8c, 0x30, 0x4, 0x10, 0x6, 0x4f,
    0x32, 0xd6, 0x0, 0x16, 0x40, 0x15, 0xc8, 0x7,
    0xe3, 0x50, 0x37, 0x0, 0x86, 0xac, 0x23, 0x48,
    0x3, 0x9f, 0x4, 0x1b, 0x0, 0x3e, 0x36, 0xe,
    0x0, 0x9f, 0x91, 0xfd, 0xc0, 0x3f, 0x1f, 0x98,
    0x10, 0x7, 0xdc, 0x10, 0x40, 0x1, 0xfb, 0xe8,
    0x10, 0xf, 0xf0, 0xe3, 0xe8, 0x7, 0xa0, 0x8d,
    0xc9, 0x1e, 0x64, 0x80, 0x1f, 0x9, 0x1a, 0x2b,
    0xa8, 0x41, 0x80, 0x48, 0xce, 0xe0, 0x2f, 0xdb,
    0x9f, 0x10, 0xbd, 0xcd, 0xef, 0xf7, 0x6e, 0x5d,
    0x45, 0x40, 0x7, 0x1c, 0xc0, 0x0, 0x40, 0xe7,
    0x9c, 0x1, 0xe4, 0x64, 0x20, 0x18, 0x88, 0x68,
    0xbe, 0x1, 0xce, 0x40, 0x2b, 0x3d, 0x8c, 0x1,
    0x93, 0xb3, 0x7b, 0x80, 0xa, 0xdd, 0x65, 0xd3,
    0x80, 0x7b, 0x7b, 0x94, 0xc2, 0x1, 0xf0, 0x99,
    0x8, 0x80, 0x3f, 0xf8, 0x82, 0x1, 0xf0, 0xbc,
    0x0, 0x7f, 0xf4, 0xe, 0xbb, 0x60, 0x3, 0xf0,
    0x80, 0x7f, 0xf1, 0x5, 0xb7, 0x12, 0xe8, 0x3,
    0xff, 0x98, 0x95, 0xd2, 0x4f, 0xc8, 0x1, 0xff,
    0xc9, 0x25, 0x9e, 0xb5, 0x5, 0xe8, 0x0, 0xff,
    0xe5, 0xcd, 0x30, 0x82, 0x6d, 0x8, 0x12, 0x11,
    0xc, 0xe4, 0x42, 0x80, 0x35, 0xdd, 0x10, 0x99,
    0x5e, 0xd0, 0x50, 0x82, 0x65, 0x90, 0x6, 0xbd,
    0xd6, 0x65, 0x76, 0xa0, 0x3, 0x44, 0x1d, 0xcc,
    0xc4, 0x25, 0xa1, 0xee, 0x59, 0x80, 0x71, 0x48,
    0x80, 0x4, 0x44, 0x43, 0x32, 0x21, 0x54, 0xcd,
    0x3b, 0xa2, 0x12,

    /* U+7ED3 "结" */
    0x0, 0xf8, 0x40, 0x3f, 0xf8, 0x8, 0x81, 0x0,
    0xff, 0xe2, 0xe4, 0x80, 0x7f, 0xd9, 0x7c, 0x20,
    0x1f, 0xfc, 0x42, 0x66, 0x0, 0x7f, 0xac, 0x0,
    0x60, 0x1f, 0xfc, 0x35, 0x0, 0x28, 0x7, 0xf8,
    0x40, 0x3f, 0xf8, 0xdc, 0x8, 0x60, 0x1f, 0xfd,
    0x4, 0x40, 0x48, 0x7, 0xff, 0x46, 0x41, 0x88,
    0xd, 0x40, 0x3f, 0xf9, 0xae, 0x43, 0x0, 0xb,
    0xa7, 0x0, 0xf0, 0xb0, 0x1, 0x19, 0xe2, 0x6b,
    0x35, 0x40, 0x31, 0x40, 0x58, 0x80, 0x14, 0x30,
    0xff, 0xb9, 0xfe, 0xeb, 0x0, 0x4c, 0xa1, 0xd9,
    0x4c, 0xa8, 0x40, 0x45, 0xc0, 0xaa, 0x0, 0x29,
    0x4, 0x1a, 0x88, 0x80, 0x2, 0x40, 0x5, 0x67,
    0x89, 0xab, 0xcd, 0x11, 0x77, 0xc, 0x6c, 0x2,
    0x80, 0x63, 0xa, 0xee, 0x7f, 0xbb, 0xc0, 0x17,
    0x30, 0xec, 0xa8, 0x64, 0x0, 0x20, 0x9, 0xc0,
    0xe, 0x43, 0x0, 0x10, 0x88, 0x3, 0xff, 0x88,
    0x3b, 0x22, 0x29, 0xd5, 0x80, 0xb1, 0x0, 0xff,
    0xe5, 0xb7, 0x40, 0x15, 0x1, 0xa8, 0x7, 0xf1,
    0x80, 0x7f, 0xf1, 0x1f, 0x4c, 0x1, 0xc0, 0x18,
    0x44, 0x2, 0x22, 0x50, 0x3, 0xb3, 0xc5, 0xd8,
    0xc0, 0x3f, 0x19, 0x4, 0x90, 0x6, 0x2e, 0xfe,
    0xe6, 0xd8, 0x2, 0x65, 0xe, 0x88, 0xd0, 0xf,
    0xd6, 0x28, 0xc0, 0x1c, 0x6e, 0x0, 0x12, 0x34,
    0x56, 0x77, 0x44, 0xd6, 0x0, 0x7c, 0xaa, 0xa,
    0x0, 0x88, 0xc0, 0x11, 0xfe, 0xed, 0xcb, 0xa9,
    0x88, 0x3b, 0x29, 0x0, 0x78, 0x6c, 0x16, 0x6b,
    0x7f, 0x60, 0x40, 0x3f, 0xf9, 0xd, 0xfc, 0x20,
    0xae, 0xa6, 0xdb, 0x62, 0x8, 0x40, 0x1f, 0xc2,
    0x40, 0x1e, 0x71, 0x0, 0x89, 0xf3, 0xa4, 0x80,
    0x2d, 0xda, 0xaf, 0x37, 0xbf, 0xee, 0xde, 0x30,
    0xc, 0x3a, 0xf5, 0xdb, 0x6, 0x1, 0xed, 0x2,
    0x54, 0x32, 0x10, 0x0, 0x90, 0xb, 0x80, 0x71,
    0xc2, 0x88, 0x7, 0xf3, 0x0, 0x2f, 0x37, 0xbf,
    0xee, 0xe0, 0x1, 0x0, 0x3f, 0xf8, 0x4f, 0x84,
    0x4, 0x0, 0x63, 0x21, 0x0, 0xcc, 0x2, 0x1,
    0xff, 0xc0, 0x18, 0xea, 0xe2, 0x0, 0xc2, 0x1,
    0xf1, 0x1, 0x0, 0x7f, 0x8e, 0xb9, 0xdb, 0x48,
    0x2, 0x20, 0x70, 0xf, 0xb8, 0x14, 0x3, 0xe1,
    0x7d, 0xc5, 0x3c, 0x80, 0xe, 0x10, 0x10, 0xf,
    0x88, 0x38, 0x3, 0x13, 0xdf, 0x41, 0xc, 0xe1,
    0x80, 0x79, 0xc0, 0xc0, 0x3e, 0x60, 0x20, 0xc,
    0x70, 0x80, 0x6, 0xf6, 0x0, 0xfc, 0x41, 0x1b,
    0xdc, 0xff, 0xc4, 0x1c, 0x1, 0x86, 0xc5, 0xb6,
    0x44, 0x3, 0xfe, 0x12, 0x11, 0x0, 0x70, 0xb0,
    0x80, 0x64, 0xe9, 0x20, 0xf, 0xf8, 0xc1, 0x3b,
    0xaf, 0xfe, 0xed, 0x10, 0xf, 0xfe, 0x3f, 0x18,
    0x8e, 0x0, 0xff, 0x80,

    /* U+7EDC "络" */
    0x0, 0xf8, 0x40, 0x3f, 0xe9, 0xa3, 0x0, 0xff,
    0xe3, 0xe5, 0x0, 0x7f, 0x91, 0x78, 0x3, 0xff,
    0x8e, 0x4a, 0xc0, 0x1f, 0x88, 0x81, 0x40, 0x1f,
    0xfc, 0x65, 0x0, 0x20, 0x7, 0xea, 0x1, 0x70,
    0xf, 0xfe, 0x34, 0x82, 0x90, 0x7, 0xc2, 0xe0,
    0xc6, 0x8c, 0xf3, 0x23, 0x0, 0xff, 0x90, 0xc2,
    0x0, 0x3f, 0x48, 0x1, 0xf2, 0xe6, 0x19, 0x9a,
    0x1, 0xff, 0x48, 0x39, 0x0, 0x2e, 0x40, 0x22,
    0x70, 0x12, 0x45, 0x67, 0x0, 0x20, 0x7, 0xfa,
    0x8, 0x90, 0x1, 0x2b, 0x30, 0x1, 0x20, 0xfd,
    0xb7, 0x53, 0xc0, 0xb, 0x0, 0xfe, 0x37, 0x9,
    0x0, 0x94, 0x41, 0x41, 0x50, 0x38, 0x3, 0xa0,
    0x18, 0x40, 0x3e, 0x32, 0xe0, 0x64, 0x0, 0xa0,
    0x14, 0xc6, 0xc4, 0x24, 0xc0, 0x26, 0x10, 0x80,
    0xf, 0x8b, 0x34, 0x89, 0x20, 0x13, 0x10, 0x58,
    0x58, 0xec, 0x7, 0x8, 0xc, 0x84, 0x8, 0x7,
    0xc6, 0x60, 0x1, 0x40, 0x0, 0x60, 0x20, 0x59,
    0x68, 0xdd, 0xb, 0x42, 0x80, 0x9c, 0x3, 0xf0,
    0xe5, 0x98, 0x3f, 0x2c, 0x9, 0x39, 0xcd, 0x28,
    0x2, 0xc8, 0xf5, 0x3, 0x80, 0x3f, 0xe4, 0xca,
    0x11, 0x53, 0x4, 0x84, 0x5a, 0x80, 0x6c, 0x12,
    0x9, 0x30, 0xf, 0xfe, 0xa, 0xfb, 0x0, 0x15,
    0x2, 0xd0, 0x3, 0x8c, 0x2, 0xa1, 0x0, 0xff,
    0xe1, 0xf, 0x0, 0xd8, 0x7, 0xe1, 0xf1, 0x42,
    0x3c, 0x20, 0xf, 0xfe, 0x8, 0xc0, 0x50, 0x80,
    0x7c, 0x38, 0x4d, 0x78, 0x65, 0xac, 0x1, 0xff,
    0xc0, 0xb0, 0x54, 0x0, 0xf8, 0xb0, 0x9e, 0x40,
    0x71, 0x42, 0x6c, 0x40, 0x3f, 0x95, 0x43, 0x60,
    0x6d, 0x8, 0x0, 0x3c, 0x3a, 0x80, 0xd, 0x52,
    0x9, 0xce, 0x1, 0xe5, 0x55, 0x80, 0x3f, 0xd9,
    0x22, 0xa0, 0xd8, 0xbe, 0xa0, 0x1e, 0x6d, 0x20,
    0x8d, 0x60, 0xd, 0x54, 0x10, 0x11, 0x14, 0x74,
    0x8d, 0x48, 0xf8, 0x80, 0x61, 0x23, 0x47, 0x96,
    0x2, 0x9e, 0x30, 0x4, 0x0, 0xd, 0xf3, 0x5c,
    0x43, 0x7, 0x4a, 0xfb, 0x9f, 0xf7, 0x6e, 0x5d,
    0x5e, 0xe1, 0x80, 0x4, 0x0, 0xf9, 0xd9, 0x6,
    0x1, 0xb2, 0xca, 0xc0, 0x44, 0x2, 0x22, 0x34,
    0x30, 0x3, 0x9e, 0x5f, 0x90, 0x4, 0x62, 0x1,
    0xf8, 0x80, 0x80, 0x7f, 0xdd, 0xcd, 0xcb, 0x80,
    0x1, 0x0, 0x10, 0x40, 0x3f, 0xe3, 0x9e, 0x10,
    0x60, 0xf, 0xe1, 0x0, 0x8, 0x7, 0xff, 0x0,
    0x5f, 0x70, 0xbc, 0xc0, 0x40, 0x40, 0x3e, 0x30,
    0x20, 0xf, 0xf0, 0xb6, 0x74, 0x5, 0xd8, 0x40,
    0x6, 0x0, 0x10, 0xf, 0x70, 0x30, 0x7, 0x85,
    0x1e, 0xfa, 0x4c, 0x67, 0x50, 0x3, 0x8, 0x0,
    0xc0, 0x3c, 0x20, 0x40, 0x1e, 0x3b, 0x84, 0x1,
    0x8e, 0x60, 0xf, 0x84, 0x4, 0x2, 0x11, 0x11,
    0x3, 0x80, 0x3c, 0x52, 0x3, 0x1c, 0xe0, 0x1f,
    0xc6, 0x19, 0xff, 0x77, 0x35, 0x2, 0x80, 0x3e,
    0x6d, 0xe7, 0x0, 0xff, 0x8c, 0x3, 0xc2, 0x22,
    0x20, 0x98, 0x7, 0xc4, 0x1, 0xff, 0xc1, 0x80,
    0xaf, 0xfd, 0xdc, 0xdd, 0x61, 0x80, 0x70,

    /* U+7EE7 "继" */
    0x0, 0xf8, 0xc0, 0x3f, 0xfa, 0x65, 0x90, 0x1,
    0xff, 0xc1, 0x9d, 0x60, 0xf, 0xfe, 0x13, 0x83,
    0x80, 0x65, 0x83, 0x0, 0xf6, 0x14, 0x0, 0x7f,
    0xf0, 0xbc, 0x10, 0x3, 0x9f, 0x80, 0x3c, 0xc0,
    0x1f, 0xfc, 0x31, 0x50, 0xf0, 0xc, 0x20, 0x60,
    0x1e, 0x10, 0xc, 0x6e, 0x1, 0xfd, 0x0, 0x68,
    0x1, 0x9c, 0x3, 0x10, 0x7, 0xe6, 0x8e, 0x0,
    0xf8, 0x98, 0x3c, 0x3, 0xf8, 0xb6, 0x80, 0x3e,
    0x20, 0xf, 0xe9, 0x6, 0x30, 0x4, 0xa0, 0x7,
    0x11, 0x15, 0x0, 0x3d, 0x61, 0x0, 0x1e, 0x54,
    0x18, 0x0, 0x9e, 0xd4, 0x0, 0x60, 0x8, 0x9,
    0x0, 0xe2, 0x33, 0x30, 0x6, 0x43, 0xb0, 0xb1,
    0x0, 0x18, 0x81, 0x80, 0x72, 0x91, 0x18, 0x3,
    0x40, 0xf0, 0x6, 0x2b, 0xc1, 0x45, 0x0, 0xa4,
    0x9, 0x9c, 0x3, 0xa0, 0x28, 0x2, 0x34, 0xd2,
    0x0, 0xc6, 0x60, 0x2, 0x30, 0x0, 0xd4, 0x24,
    0x3, 0xe5, 0x48, 0x0, 0x9f, 0xc, 0x3, 0x87,
    0x28, 0x82, 0x70, 0x60, 0x15, 0x0, 0x3f, 0x5a,
    0xb0, 0x0, 0x51, 0xef, 0x4c, 0x3, 0x2e, 0xc0,
    0x1f, 0x20, 0x58, 0x7, 0x1f, 0xfe, 0xeb, 0x1,
    0xa9, 0x84, 0x2c, 0x0, 0xf3, 0xe9, 0x80, 0x20,
    0x40, 0x38, 0xe0, 0x8c, 0xc4, 0x1, 0x3c, 0x4d,
    0x53, 0x0, 0x3e, 0x24, 0x3, 0x70, 0xf, 0x9f,
    0x73, 0xc, 0x1, 0xb, 0x31, 0x54, 0x60, 0x1f,
    0x1b, 0x87, 0x0, 0x7f, 0xc6, 0x84, 0x0, 0x6d,
    0x0, 0xff, 0xbc, 0x1c, 0x80, 0x3f, 0xe9, 0x5,
    0x1, 0x23, 0xb0, 0xf, 0xe6, 0x32, 0x80, 0x25,
    0x73, 0x0, 0xf1, 0x28, 0xd8, 0x3, 0xc1, 0x20,
    0x3, 0x84, 0xd2, 0x0, 0x1b, 0xfb, 0x5c, 0x40,
    0x1e, 0x80, 0x91, 0x0, 0x14, 0x83, 0xa0, 0x6,
    0x7c, 0xb1, 0x2, 0x2a, 0x3a, 0x44, 0x3, 0x89,
    0x49, 0xc0, 0x33, 0x20, 0x50, 0x80, 0x4c, 0x20,
    0x3, 0x7c, 0xd7, 0x10, 0xf, 0xa4, 0x3c, 0x4,
    0xc, 0x1, 0x40, 0x30, 0x1, 0xbe, 0xfb, 0x20,
    0xc0, 0x3f, 0x95, 0x28, 0x81, 0xc0, 0x30, 0xc8,
    0x18, 0x6, 0x14, 0x10, 0xe, 0x2a, 0x90, 0x8,
    0x6e, 0x94, 0x3, 0xf3, 0x55, 0x0, 0x3f, 0xc7,
    0x5a, 0x52, 0x1, 0x2e, 0xa8, 0x4, 0x20, 0x1e,
    0x50, 0xf, 0xe5, 0xcc, 0x25, 0xc0, 0x6, 0x43,
    0x0, 0xc6, 0x1, 0xff, 0xc1, 0x17, 0xea, 0x36,
    0xf4, 0x0, 0xff, 0x94, 0x3, 0xfc, 0x2f, 0x7d,
    0x2, 0x59, 0x22, 0x1, 0xff, 0xc0, 0x3c, 0x80,
    0xc, 0x2a, 0x40, 0x8, 0x40, 0x4, 0x69, 0x80,
    0x70, 0x81, 0x5e, 0x65, 0xba, 0xed, 0xaf, 0xfd,
    0xd5, 0x84, 0x34, 0x2d, 0xce, 0x1, 0xf1, 0x80,
    0x10, 0xce, 0x22, 0x8, 0x80, 0x2, 0x31, 0x14,
    0x80, 0xbd, 0x22, 0x1, 0xf8, 0x40, 0xb7, 0x6e,
    0xe7, 0xff, 0x77, 0x5b, 0xac, 0x60, 0xf, 0xfe,
    0xb, 0x1b, 0x11, 0x42, 0x20, 0xf, 0xfe, 0x0,

    /* U+7EEA "绪" */
    0x0, 0xf8, 0xc0, 0x3f, 0xe4, 0x50, 0xf, 0xfe,
    0x39, 0x64, 0x0, 0x7f, 0x8e, 0xb8, 0x40, 0x3f,
    0xf8, 0xae, 0xe, 0x1, 0xfe, 0x40, 0x13, 0x0,
    0xff, 0xe2, 0xf8, 0x20, 0x7, 0xf8, 0x40, 0x3f,
    0xf8, 0xe2, 0xa1, 0xe0, 0x1f, 0xfc, 0x7c, 0x40,
    0xf, 0xeb, 0x4, 0x40, 0x7, 0xff, 0x5, 0x8d,
    0x88, 0xc, 0xd6, 0x60, 0x1f, 0x1a, 0x84, 0x80,
    0x1c, 0x80, 0x1b, 0x98, 0xde, 0xd0, 0x5, 0xe4,
    0xea, 0xc0, 0x9, 0x0, 0x7d, 0xe0, 0xe4, 0x0,
    0x9d, 0x20, 0x53, 0x31, 0x8, 0x4, 0x68, 0xad,
    0x88, 0x16, 0x20, 0x1e, 0x73, 0x28, 0x0, 0x18,
    0x83, 0x4, 0x76, 0xf7, 0xf0, 0x3, 0x6e, 0xa1,
    0xc1, 0x54, 0x1, 0xcc, 0xc8, 0xe, 0x0, 0xa4,
    0xd, 0x0, 0x2, 0x42, 0x1, 0xf6, 0x89, 0x50,
    0x7, 0x1c, 0xc8, 0x14, 0xc0, 0x4, 0xa1, 0xe0,
    0x1f, 0xfc, 0x9, 0x30, 0xf0, 0xf, 0x1b, 0x0,
    0x16, 0x84, 0x24, 0x18, 0xc0, 0x3e, 0x10, 0x3,
    0xc3, 0x1, 0x45, 0xe7, 0x7c, 0x0, 0x27, 0x54,
    0x17, 0xe1, 0x2, 0x2, 0xea, 0x97, 0x9b, 0xde,
    0x0, 0x97, 0x0, 0x12, 0xa1, 0x88, 0x39, 0x0,
    0xa, 0xac, 0x44, 0xe1, 0x22, 0x6, 0xaa, 0x43,
    0x21, 0x1, 0x10, 0x0, 0xd9, 0xe2, 0x6a, 0xf3,
    0x48, 0x3, 0x27, 0x18, 0x1b, 0x0, 0x23, 0x2f,
    0x37, 0xbf, 0xda, 0x0, 0x6c, 0x98, 0x76, 0x54,
    0x32, 0x0, 0xf1, 0x18, 0x78, 0x6, 0x34, 0x32,
    0x10, 0x4c, 0x17, 0x90, 0xf, 0xfe, 0x1c, 0x83,
    0x98, 0x7, 0xf3, 0x58, 0xdc, 0x0, 0x7f, 0xf0,
    0xd5, 0xa, 0x0, 0x51, 0x8c, 0x3, 0x4c, 0x81,
    0x7a, 0xaf, 0x37, 0x58, 0x40, 0x1e, 0x13, 0x35,
    0x80, 0xe7, 0xf5, 0xe9, 0x0, 0xb, 0x18, 0x0,
    0x8a, 0xa4, 0x32, 0x21, 0xd8, 0x7, 0x9f, 0x30,
    0x20, 0x66, 0x17, 0xdb, 0x10, 0x6d, 0x30, 0x7a,
    0xa5, 0xe6, 0xeb, 0x88, 0x3c, 0x3, 0xce, 0x20,
    0x2, 0x6b, 0xe8, 0x20, 0x2b, 0x98, 0x10, 0xc5,
    0x52, 0x19, 0x10, 0x4c, 0xc, 0x3, 0xc3, 0x95,
    0xba, 0x94, 0x0, 0x9b, 0x47, 0x5c, 0x3, 0xff,
    0x80, 0x20, 0x1f, 0x12, 0x90, 0x7, 0xbf, 0x68,
    0x80, 0xc0, 0x40, 0x21, 0x11, 0x10, 0x41, 0xc0,
    0x3f, 0xf8, 0x45, 0x26, 0x40, 0x1d, 0x5f, 0xf7,
    0x73, 0x74, 0x0, 0x10, 0xf, 0xfe, 0x1, 0xd6,
    0x9d, 0x0, 0x61, 0x0, 0x8, 0x88, 0x86, 0x70,
    0x0, 0xc0, 0x3f, 0xcd, 0x98, 0x4a, 0xa0, 0x7,
    0xd3, 0xdc, 0xdd, 0x66, 0x38, 0x0, 0x20, 0x1f,
    0x14, 0x74, 0x9a, 0xfa, 0x80, 0x7e, 0x10, 0xf,
    0x8, 0x8, 0x7, 0x8f, 0xb5, 0xc4, 0xae, 0x84,
    0x3, 0xe7, 0x0, 0xfc, 0xe0, 0x60, 0x1e, 0x35,
    0x1, 0x8d, 0x40, 0xf, 0xfa, 0xa9, 0x76, 0xcc,
    0x6d, 0x1, 0x10, 0x3, 0xd7, 0x5c, 0xe0, 0x1f,
    0xfc, 0x12, 0x54, 0x41, 0x98, 0x84, 0x1, 0x60,
    0x1f, 0x28, 0x7, 0xff, 0x5, 0xc0, 0xea, 0xab,
    0xbb, 0x31, 0xb2, 0x1, 0xff, 0xc9, 0xa1, 0xb5,
    0x59, 0x12, 0x33, 0x10, 0x7, 0x80,

    /* U+7EED "续" */
    0x0, 0xf8, 0x40, 0x3f, 0xf8, 0xd, 0x6, 0x1,
    0xff, 0xc3, 0x2e, 0x60, 0xf, 0xf8, 0xdf, 0x0,
    0x3f, 0xf8, 0x6c, 0x12, 0x1, 0xff, 0x38, 0x7,
    0xff, 0x17, 0x40, 0xc0, 0x3f, 0xfa, 0x2c, 0x12,
    0x1, 0xe1, 0x0, 0x8, 0x98, 0x0, 0xd1, 0x5b,
    0xa2, 0x0, 0xfd, 0x0, 0x4a, 0x1, 0xe8, 0xff,
    0x77, 0x2c, 0x1, 0x2e, 0xa4, 0x49, 0x0, 0xf8,
    0x5c, 0x24, 0x0, 0x80, 0x1a, 0xc, 0x48, 0xcc,
    0x0, 0x68, 0x9a, 0xca, 0x0, 0xfa, 0x81, 0x50,
    0x1, 0x3a, 0x20, 0x1, 0xce, 0xdc, 0xe0, 0x4,
    0xbb, 0x29, 0x88, 0x7, 0x95, 0x2, 0xc0, 0x4,
    0x52, 0x0, 0x7f, 0x8, 0x7, 0xf8, 0xca, 0xc2,
    0x44, 0x1, 0x60, 0x4a, 0x1, 0x84, 0x8d, 0x0,
    0x62, 0x6a, 0xf3, 0x7f, 0x44, 0xb3, 0x45, 0x18,
    0x0, 0x4c, 0x12, 0x1d, 0xff, 0x76, 0xe4, 0x80,
    0x1d, 0x95, 0xc, 0x80, 0x80, 0xd0, 0x0, 0xae,
    0x0, 0x90, 0x44, 0x5, 0x91, 0xd, 0x15, 0x9e,
    0x26, 0xaf, 0x37, 0x94, 0x20, 0x45, 0x78, 0x63,
    0x1d, 0x8, 0x12, 0x0, 0x5d, 0xd7, 0xdd, 0x4c,
    0x16, 0x1a, 0x19, 0x1a, 0xa3, 0x80, 0x47, 0x94,
    0x22, 0x70, 0x62, 0x0, 0xc3, 0x9a, 0x80, 0x7,
    0x59, 0x70, 0x4, 0x15, 0x0, 0x79, 0x78, 0xc0,
    0x60, 0x3, 0x84, 0xca, 0xe8, 0x48, 0x3, 0x87,
    0xc4, 0x3, 0xe1, 0x30, 0xb1, 0x0, 0xf6, 0x48,
    0x2e, 0x8, 0x0, 0x40, 0x16, 0x40, 0x1f, 0xac,
    0x11, 0x40, 0x39, 0x0, 0xd, 0xa4, 0x26, 0x0,
    0x20, 0xf, 0xf8, 0xd4, 0x24, 0x2, 0x10, 0x2b,
    0xe6, 0x2, 0xdd, 0x8, 0x1, 0xc0, 0x3f, 0xef,
    0x4, 0x59, 0xce, 0xe2, 0x12, 0xc, 0xd8, 0x80,
    0xb8, 0x0, 0x80, 0x3f, 0x36, 0xe8, 0xc1, 0x21,
    0x89, 0xb9, 0x2, 0xe8, 0x13, 0x40, 0x4, 0x2,
    0x20, 0xf, 0xc8, 0x44, 0x0, 0xb, 0x5f, 0x40,
    0x80, 0x4b, 0xa6, 0xc0, 0xf, 0x2, 0x0, 0xfe,
    0x29, 0x48, 0xce, 0x94, 0x0, 0xf8, 0xb2, 0x80,
    0x8, 0xa, 0x46, 0x88, 0x58, 0x90, 0x9, 0xad,
    0xcc, 0x3, 0xd5, 0x76, 0xcd, 0xd7, 0x7f, 0x88,
    0x1b, 0x72, 0xed, 0x4e, 0xd8, 0x1, 0xfc, 0x33,
    0x2e, 0x44, 0x19, 0x10, 0x44, 0x1, 0x22, 0xa9,
    0x9e, 0x26, 0xbc, 0x3, 0xe3, 0xae, 0x39, 0x4e,
    0xde, 0xe7, 0xfc, 0x0, 0x8b, 0xaa, 0x4c, 0x3b,
    0x29, 0x80, 0x72, 0xe6, 0x16, 0x68, 0x0, 0x24,
    0x22, 0x0, 0x50, 0xb, 0xde, 0x20, 0x7, 0xe1,
    0x8e, 0xa3, 0x36, 0xb0, 0x7, 0xea, 0x40, 0xa0,
    0x73, 0xba, 0x10, 0xc, 0x7b, 0xce, 0x22, 0x9c,
    0x20, 0xf, 0x8b, 0x14, 0x25, 0x3, 0x24, 0x17,
    0xcc, 0x2, 0x31, 0x0, 0x37, 0xb0, 0x7, 0xe7,
    0xd3, 0x1b, 0x60, 0x9, 0xb0, 0x45, 0x8c, 0x1,
    0x6b, 0xec, 0x88, 0x7, 0xcd, 0xd0, 0xf, 0xe8,
    0x1, 0xc7, 0xe4, 0x13, 0x0, 0x1, 0x82, 0x0,
    0xf0, 0xbf, 0x49, 0xc7, 0xc0, 0x80, 0x7c, 0x38,
    0x60, 0xe2, 0x1, 0xfc, 0xd9, 0x89, 0xcd, 0x70,
    0xf, 0xf8, 0x71, 0x58, 0x40, 0x3f, 0x9b, 0x6d,
    0xcc, 0x3, 0xff, 0x87, 0x52, 0x0,

    /* U+7F51 "网" */
    0x0, 0xff, 0xe3, 0x9, 0x1a, 0x2b, 0x3b, 0x88,
    0xf, 0xa4, 0xc8, 0xd1, 0x5e, 0x26, 0xaf, 0x37,
    0xbf, 0xdd, 0xb9, 0x75, 0x31, 0xc, 0x3, 0x6,
    0xcd, 0xcb, 0xa8, 0x76, 0x54, 0x32, 0x10, 0x8,
    0x48, 0xd1, 0x4c, 0x3, 0x10, 0x0, 0x8d, 0x15,
    0x9e, 0x26, 0xaf, 0x37, 0xbf, 0xdd, 0xb9, 0x75,
    0x60, 0x60, 0x19, 0xf7, 0x2e, 0xa6, 0x19, 0x54,
    0x86, 0x42, 0x0, 0xb6, 0x0, 0xff, 0xe2, 0xae,
    0x58, 0x7, 0x96, 0x54, 0x3, 0xff, 0x88, 0xe0,
    0xa0, 0x1e, 0x10, 0x10, 0xf, 0xfe, 0x22, 0x82,
    0x0, 0x70, 0x80, 0x18, 0x1, 0xe0, 0x20, 0x1e,
    0x37, 0x0, 0xbc, 0x35, 0x3d, 0xc0, 0x4, 0x0,
    0x20, 0xf, 0xfa, 0x62, 0x0, 0x5, 0x3, 0x60,
    0x85, 0x5, 0x4, 0x0, 0xff, 0xe0, 0x40, 0xba,
    0x1, 0x82, 0x15, 0x85, 0x1f, 0x81, 0x80, 0x7f,
    0xf0, 0xa, 0x82, 0x94, 0x10, 0x0, 0x90, 0x1a,
    0x81, 0x80, 0x1f, 0xfc, 0x14, 0x71, 0xa0, 0xd0,
    0x9, 0xd0, 0x48, 0x10, 0x3, 0xff, 0x85, 0x4,
    0x0, 0x70, 0xd, 0x42, 0x8, 0x1, 0xe7, 0x0,
    0xfe, 0x80, 0xf, 0x85, 0x41, 0xc, 0x3, 0xff,
    0x87, 0x80, 0xa, 0x0, 0xc2, 0x80, 0xd, 0x10,
    0x0, 0x80, 0x7f, 0xce, 0x22, 0x45, 0x0, 0x9c,
    0x18, 0x86, 0xc0, 0x3f, 0xf8, 0x2c, 0x33, 0x1,
    0x62, 0x0, 0xa0, 0xbe, 0x5, 0x50, 0x7, 0xff,
    0x2, 0xc5, 0xd8, 0x86, 0x0, 0xcc, 0xa4, 0x6e,
    0x16, 0x20, 0x1, 0x0, 0xf9, 0xa, 0x40, 0x12,
    0xc, 0x12, 0x12, 0x0, 0x81, 0x13, 0x80, 0x7f,
    0xa4, 0x9c, 0x0, 0x8f, 0x64, 0xaa, 0x30, 0xa,
    0x99, 0x80, 0x1f, 0xcc, 0x5c, 0x1, 0xa1, 0x24,
    0x2c, 0x3, 0x24, 0x80, 0x7f, 0xc, 0x40, 0xc0,
    0x39, 0x11, 0x22, 0x1, 0xf1, 0x80, 0x7d, 0xe,
    0xe0, 0xf, 0x4a, 0x30, 0x7, 0xff, 0x12, 0xa4,
    0x3, 0xd4, 0x74, 0x1, 0xff, 0x18, 0x7, 0x18,
    0x7, 0x95, 0x30, 0x40, 0x35, 0x20, 0x7, 0xe1,
    0x0, 0xfe, 0x3c, 0x20, 0xe, 0xcb, 0xd6, 0x10,
    0xe, 0x30, 0xf, 0xe6, 0x20, 0xf, 0x35, 0x14,
    0xf2, 0x81, 0x80, 0x4, 0x3, 0xff, 0x8c, 0xba,
    0x60, 0x1e, 0xb4, 0xc0, 0xf, 0xfe, 0x29, 0x64,
    0x90, 0xc8, 0x0,

    /* U+7F6E "置" */
    0x0, 0xe3, 0x20, 0xf, 0x9, 0x1a, 0x2b, 0x3c,
    0x4d, 0x5e, 0x6f, 0x6a, 0x0, 0x7f, 0xa7, 0x7b,
    0x37, 0xbf, 0xdd, 0xb9, 0x75, 0x30, 0xec, 0xa8,
    0x40, 0x25, 0xa0, 0x1f, 0xe9, 0x1, 0x20, 0x24,
    0x40, 0x14, 0x4d, 0x58, 0x3, 0x7f, 0xdd, 0xa2,
    0x1a, 0x1, 0xfe, 0x30, 0x7, 0xee, 0x5c, 0x80,
    0x1d, 0x95, 0x0, 0x4, 0x1, 0x8, 0x81, 0x0,
    0x3f, 0xe2, 0x2, 0x0, 0x8c, 0xc, 0x3, 0xfc,
    0x80, 0x60, 0x1f, 0xfc, 0x6, 0x5, 0x23, 0x32,
    0x0, 0xbc, 0x4d, 0x80, 0x37, 0xbf, 0xd4, 0x6,
    0x40, 0x1f, 0xf0, 0x84, 0xee, 0x62, 0x80, 0x10,
    0xec, 0xa4, 0x41, 0x55, 0x33, 0xc4, 0x98, 0x7,
    0xff, 0x4, 0xe6, 0xaf, 0x31, 0xa6, 0x57, 0xdb,
    0xac, 0xba, 0x98, 0x76, 0x10, 0xf, 0xfa, 0x12,
    0x59, 0x50, 0xcc, 0x54, 0x5e, 0x1, 0xf8, 0x56,
    0x48, 0x3, 0xfc, 0x56, 0xa2, 0x44, 0x34, 0x5c,
    0x6, 0xab, 0xcd, 0xd7, 0x7f, 0xba, 0x9b, 0xc0,
    0x3f, 0x37, 0xf7, 0xfb, 0xb7, 0x59, 0x74, 0xa0,
    0x4a, 0x86, 0x7c, 0x8a, 0xcf, 0x60, 0x1f, 0x99,
    0x86, 0x64, 0x56, 0x78, 0x9a, 0x10, 0xbe, 0xff,
    0x77, 0x37, 0x2e, 0xa6, 0x18, 0x3, 0xfa, 0x77,
    0x26, 0xa6, 0x1d, 0x94, 0x41, 0x4, 0x3, 0x8,
    0x7, 0xff, 0x1a, 0x7e, 0x59, 0xe2, 0x40, 0x17,
    0x9b, 0xdf, 0xee, 0xe1, 0x0, 0x7f, 0xf1, 0x38,
    0x1a, 0x61, 0xd8, 0x0, 0xa4, 0x4, 0x8a, 0x2,
    0xe0, 0x1f, 0xfc, 0x46, 0x0, 0x5e, 0x6f, 0x7f,
    0xbb, 0x9b, 0x97, 0x44, 0x2, 0x1, 0xff, 0xc4,
    0x10, 0x3, 0xbf, 0xa2, 0x6a, 0xf3, 0x48, 0x3,
    0xff, 0x93, 0x97, 0x53, 0x10, 0x76, 0x46, 0x6,
    0x0, 0x38, 0x7, 0xff, 0x10, 0xc0, 0x13, 0x57,
    0x9b, 0xdf, 0xee, 0xdc, 0xb1, 0x0, 0xff, 0xe4,
    0xb2, 0xa1, 0x90, 0x80, 0x4, 0x8c, 0xc2, 0x2,
    0x1, 0xff, 0xc7, 0xab, 0xcd, 0xd7, 0x7f, 0xbb,
    0x73, 0x0, 0x1f, 0xfc, 0xa4, 0x51, 0x13, 0x23,
    0x3c, 0x42, 0x68, 0x0, 0x60, 0x1f, 0xfc, 0x41,
    0x0, 0x7f, 0x6e, 0x5d, 0x4c, 0x3b, 0x99, 0x40,
    0x3f, 0xfa, 0x2, 0x46, 0x64, 0x50, 0x0, 0x80,
    0x7f, 0xf1, 0xf7, 0x5d, 0xcf, 0xf7, 0x6e, 0x62,
    0xe8, 0x3, 0xff, 0x94, 0x40, 0x44, 0x45, 0x66,
    0x3c, 0x4c, 0x80, 0x3f, 0xf9, 0x5f, 0xb9, 0x8b,
    0xa9, 0x94, 0x3b, 0x30, 0x3, 0xf0, 0x80, 0x42,
    0x1, 0xc2, 0x20, 0x1, 0x19, 0x91, 0x54, 0xcc,
    0x78, 0x84, 0x80, 0x2a, 0xed, 0x9b, 0xfd, 0x0,
    0x3d, 0xfd, 0xff, 0x77, 0x0, 0x19, 0x95, 0xd5,
    0x26, 0x50, 0xee, 0x60, 0x2, 0xa2, 0xc, 0x80,
    0xe, 0x22, 0x90, 0x10, 0x0, 0x91, 0xc, 0xc8,
    0x85, 0x53, 0x3b, 0xa2, 0x13, 0x2a, 0xbb, 0x66,
    0x37, 0x5d, 0xcf, 0xf0, 0x83, 0x7f, 0xee, 0xdd,
    0x66, 0x2e, 0xd5, 0x49, 0x88, 0x3b, 0x99, 0x8a,
    0x88, 0x33, 0x11, 0x4, 0x40, 0x10,

    /* U+8003 "考" */
    0x0, 0xff, 0xe1, 0x1d, 0xb8, 0x7, 0xff, 0x4c,
    0xd2, 0x18, 0x3, 0xff, 0xa6, 0x40, 0x20, 0x1f,
    0xfd, 0xed, 0x60, 0xf, 0xfe, 0x78, 0x80, 0x4a,
    0x52, 0x80, 0x1f, 0xfc, 0x1, 0x10, 0x0, 0x48,
    0xd4, 0xc2, 0xea, 0xfb, 0x92, 0x7, 0x40, 0x4a,
    0x1, 0xff, 0xc0, 0x7e, 0xff, 0x76, 0xe5, 0x8,
    0x1a, 0xa0, 0x83, 0x26, 0x80, 0xf8, 0x80, 0x7f,
    0xf0, 0x19, 0x0, 0x48, 0xd1, 0x44, 0x12, 0x6a,
    0xf3, 0x12, 0x22, 0xc2, 0x0, 0xff, 0xe1, 0x5f,
    0xf6, 0xe5, 0xd1, 0x6, 0xb2, 0xa1, 0x71, 0xe,
    0x90, 0x7, 0xff, 0x3c, 0x70, 0x87, 0xc, 0x3,
    0xff, 0x9e, 0x5e, 0x43, 0x86, 0x24, 0x68, 0xad,
    0x30, 0x0, 0x21, 0x11, 0x19, 0x91, 0x59, 0xe2,
    0x6a, 0x86, 0x13, 0xfa, 0x20, 0x3b, 0xdc, 0xdc,
    0xba, 0x96, 0x7a, 0xa, 0xee, 0x6e, 0x62, 0xea,
    0x61, 0xd9, 0x54, 0x1, 0xfe, 0x12, 0x34, 0x56,
    0x63, 0xf0, 0x4a, 0x10, 0x91, 0xa2, 0xb3, 0xc4,
    0xca, 0xac, 0xc0, 0xd, 0xbd, 0xcf, 0xf7, 0x6e,
    0x5d, 0x4c, 0xa1, 0x0, 0x6f, 0x7b, 0x72, 0xea,
    0x61, 0xf8, 0xda, 0x4c, 0x2a, 0x48, 0x44, 0x1,
    0xff, 0xcb, 0x3a, 0xc2, 0x4e, 0x50, 0xf, 0xfe,
    0x70, 0xb0, 0x1, 0x7d, 0x19, 0xe2, 0x6a, 0xf7,
    0xd4, 0x3, 0xff, 0x8a, 0xdc, 0x40, 0x5, 0xba,
    0x98, 0x76, 0x54, 0x20, 0xa1, 0x0, 0xff, 0xe1,
    0x1e, 0x48, 0x4, 0x8a, 0xcf, 0x13, 0x54, 0xbc,
    0xde, 0xf1, 0x0, 0xff, 0xe0, 0xd, 0x61, 0xbc,
    0x81, 0x5d, 0x4c, 0x3b, 0x2a, 0x90, 0xc8, 0x40,
    0x3f, 0xf8, 0x31, 0xca, 0xdd, 0x18, 0x8, 0x1,
    0xff, 0xcb, 0x6e, 0x76, 0xd9, 0x10, 0x50, 0xc0,
    0x12, 0x21, 0xa2, 0x15, 0x98, 0xf0, 0x80, 0x1f,
    0x93, 0x65, 0xba, 0x48, 0x0, 0x80, 0xa, 0xfe,
    0xdd, 0x65, 0xda, 0xa6, 0x50, 0xf6, 0x60, 0x1e,
    0x69, 0xbf, 0x81, 0x0, 0xce, 0x1, 0x8, 0x88,
    0xcc, 0x88, 0x56, 0x62, 0x0, 0x8, 0x3, 0xcd,
    0xac, 0x1, 0xf1, 0xff, 0x7f, 0x73, 0x73, 0x17,
    0x6a, 0x99, 0x68, 0x10, 0x80, 0x7f, 0xf1, 0x84,
    0x3, 0xfe, 0xf0, 0x60, 0xf, 0xfe, 0x9a, 0x81,
    0x80, 0x7f, 0xf2, 0x88, 0x80, 0x1e, 0x13, 0xc,
    0x0, 0xff, 0xe5, 0xe, 0x61, 0x40, 0x33, 0x80,
    0x10, 0x3, 0xff, 0x94, 0x78, 0x15, 0xf2, 0x85,
    0x60, 0x80, 0x1f, 0xfc, 0xc2, 0xc8, 0x6, 0xbd,
    0x20, 0xe0, 0xf, 0xfe, 0x73, 0xf2, 0x80, 0x44,
    0xa0, 0x1f, 0xfc, 0xf1, 0xad, 0x76, 0xc0, 0xf,
    0xe0,

    /* U+804A "聊" */
    0x0, 0xff, 0xe4, 0xc, 0x80, 0x7f, 0xf4, 0xd9,
    0x92, 0x1, 0xff, 0xc7, 0x23, 0x47, 0x70, 0x7,
    0x24, 0x2, 0x80, 0x7f, 0xd7, 0x57, 0x9b, 0xdf,
    0xed, 0xcb, 0x88, 0x50, 0x4, 0xb6, 0x5, 0xaa,
    0xa0, 0xf, 0xe3, 0x54, 0x32, 0x10, 0x11, 0x1,
    0x2b, 0xf8, 0x1, 0xe8, 0x13, 0x44, 0xeb, 0x6a,
    0xf7, 0xbf, 0x4c, 0x23, 0x28, 0x7, 0xfd, 0xce,
    0x17, 0x56, 0xe3, 0x70, 0x11, 0x60, 0x4, 0x2,
    0x54, 0x21, 0x2, 0xb0, 0x1, 0xb8, 0x7, 0xf3,
    0x6f, 0x21, 0x63, 0x80, 0x7a, 0xf3, 0x7c, 0xc3,
    0x80, 0x3f, 0xf8, 0x2e, 0x0, 0x7d, 0x35, 0x50,
    0x7, 0x21, 0x90, 0x4, 0x60, 0x1f, 0xfc, 0x13,
    0x0, 0x40, 0x3, 0x6b, 0x0, 0x3f, 0x8, 0x7,
    0xc3, 0x9b, 0xcc, 0x1, 0xfd, 0xa0, 0x40, 0x1f,
    0xe1, 0x0, 0xf1, 0x90, 0x80, 0x7f, 0x84, 0x3,
    0xfc, 0x60, 0x1f, 0xf, 0x7f, 0x98, 0x3, 0xc2,
    0x1, 0xff, 0xc3, 0x70, 0xe, 0x31, 0x0, 0xf0,
    0x80, 0x7f, 0xf9, 0x44, 0x4, 0x3, 0xff, 0x92,
    0x60, 0x1f, 0xe3, 0x0, 0xe2, 0xcd, 0xe6, 0x0,
    0xf1, 0x80, 0x4, 0x4, 0x3, 0xe2, 0x0, 0x8,
    0x7, 0x8c, 0x84, 0x3, 0xff, 0x80, 0xe0, 0x1f,
    0x8, 0x7, 0xe2, 0xef, 0xf2, 0x80, 0x7f, 0x60,
    0x8, 0x7, 0xce, 0x2, 0x1, 0x84, 0x0, 0x20,
    0x18, 0x40, 0x38, 0xf1, 0x80, 0x80, 0x3e, 0x10,
    0x20, 0xf, 0xfe, 0x18, 0x87, 0x61, 0x80, 0x3c,
    0x3, 0x74, 0x9, 0x3, 0x80, 0x7f, 0xf0, 0x90,
    0x40, 0xc2, 0x50, 0xc, 0x3, 0x5b, 0xf4, 0x1,
    0x0, 0x7e, 0x28, 0x40, 0xef, 0xb0, 0x2, 0x73,
    0x28, 0x28, 0x6, 0x5b, 0x0, 0xb4, 0x3, 0xc7,
    0x9a, 0xe2, 0x1d, 0x42, 0x77, 0x61, 0x31, 0x21,
    0x0, 0xe4, 0xd6, 0x94, 0x0, 0x13, 0x40, 0x9,
    0x95, 0x20, 0x1, 0x7b, 0x10, 0x1, 0x61, 0x40,
    0x1f, 0x14, 0xb0, 0x2, 0x76, 0x50, 0xe, 0xb5,
    0x44, 0x3, 0xf3, 0x3, 0x0, 0x7f, 0xf0, 0x25,
    0x5, 0x73, 0xa, 0x0, 0x10, 0xf, 0x98, 0x58,
    0x40, 0x3f, 0xf8, 0x37, 0xd4, 0x60, 0x1f, 0xf0,
    0xc0, 0xc0, 0x7, 0xff, 0x46, 0xc6, 0x84, 0x3,
    0xff, 0xa0, 0xeb, 0x8, 0x1, 0xff, 0xcb, 0x70,
    0xc, 0xb1, 0x7, 0x0, 0xe1, 0x0, 0xff, 0xe3,
    0x10, 0x4, 0xd5, 0x47, 0x0, 0xf3, 0x80, 0x7f,
    0xf1, 0xa0, 0x49, 0x73, 0x94, 0x3, 0xf8, 0x40,
    0x3f, 0xf8, 0x8d, 0xca, 0xaa, 0x10, 0xf, 0xc9,
    0xba, 0x0, 0xf8,

    /* U+80BE "肾" */
    0x0, 0xff, 0xec, 0x47, 0x30, 0x7, 0xff, 0x3f,
    0x6, 0x80, 0x3e, 0x12, 0x34, 0x56, 0x78, 0x73,
    0x0, 0xc2, 0xa2, 0x1, 0x38, 0x4, 0x3d, 0xbd,
    0xfe, 0xed, 0xcb, 0xa9, 0x87, 0x8c, 0x0, 0xea,
    0xe4, 0x0, 0xce, 0x3, 0x66, 0x22, 0x23, 0x45,
    0x67, 0x85, 0x0, 0x40, 0x6, 0x14, 0x2, 0x0,
    0x38, 0x6, 0x5c, 0x49, 0xdc, 0xba, 0x98, 0x74,
    0x3, 0x70, 0xf, 0xfe, 0x2a, 0x45, 0x0, 0x75,
    0x8, 0x70, 0x7, 0x9c, 0xc, 0x3, 0xf1, 0x60,
    0xae, 0x90, 0x2, 0x54, 0x28, 0x80, 0x3c, 0x20,
    0x18, 0x40, 0x3c, 0x7e, 0xa5, 0xaf, 0x2c, 0x14,
    0xa0, 0x1f, 0xfc, 0x81, 0xaa, 0xc, 0x30, 0x5a,
    0x80, 0x7e, 0x30, 0xf, 0xfe, 0x13, 0x18, 0x5,
    0x2c, 0x1, 0xf8, 0x40, 0x3c, 0x20, 0x1e, 0x7c,
    0x27, 0xc4, 0x29, 0xe8, 0x20, 0xc, 0x40, 0x1c,
    0x60, 0x1e, 0x4d, 0x84, 0xd8, 0x3b, 0xb2, 0xb,
    0xee, 0xa0, 0x80, 0xa8, 0xd8, 0x1, 0xc0, 0x18,
    0xae, 0xcd, 0x96, 0x40, 0x12, 0x5e, 0x20, 0x13,
    0xe8, 0x82, 0xe1, 0x80, 0x3c, 0x3, 0x4e, 0x75,
    0x98, 0x7, 0xc7, 0x7a, 0xeb, 0x62, 0x1, 0x85,
    0x1e, 0x7c, 0x1, 0x6e, 0x20, 0x1c, 0x22, 0x0,
    0xc5, 0x14, 0x80, 0x1c, 0x77, 0xdc, 0xd9, 0xaa,
    0x5e, 0x6f, 0x73, 0xfd, 0xdc, 0xd1, 0x0, 0xff,
    0x88, 0x44, 0xee, 0x65, 0x52, 0x19, 0x8, 0x11,
    0xa0, 0x11, 0x80, 0x7f, 0xf0, 0xc, 0x22, 0xf3,
    0x75, 0xdf, 0xf7, 0x6e, 0x58, 0x7, 0xff, 0x15,
    0x10, 0x64, 0x41, 0x0, 0xf8, 0x40, 0x3f, 0xf8,
    0x96, 0xcf, 0x13, 0x2a, 0xbc, 0xc6, 0xf7, 0x88,
    0x7, 0xff, 0x8, 0xc1, 0xe6, 0x1d, 0x98, 0xa8,
    0x64, 0x6, 0x60, 0xf, 0xfe, 0x2c, 0x5e, 0x6e,
    0xbb, 0xfe, 0xed, 0xd6, 0x8, 0x8, 0x7, 0xff,
    0x9, 0x10, 0x64, 0x41, 0x0, 0xff, 0xe6, 0x8,
    0x7, 0x84, 0x44, 0x66, 0x40, 0xf, 0xfe, 0x18,
    0x87, 0xef, 0x73, 0xfe, 0xee, 0x6e, 0x62, 0xc4,
    0x3, 0xff, 0x88, 0x67, 0x11, 0xa2, 0x15, 0x98,
    0xee, 0x81, 0x0, 0xff, 0xe2, 0x7f, 0x6e, 0x62,
    0xed, 0x53, 0x28, 0x83, 0x98, 0x7, 0xff, 0x4d,
    0xc0, 0x3f, 0xf9, 0x54, 0xe2, 0x1, 0xff, 0xc4,
    0x10, 0xf, 0xf4, 0x57, 0x64, 0x18, 0x7, 0xff,
    0x4, 0x80, 0x3f, 0xc5, 0xae, 0x6e, 0x20, 0x1f,
    0xfc, 0x13, 0x83, 0x10, 0xf, 0xe8, 0xe6, 0x14,
    0x40, 0x7, 0xc0,

    /* U+80FD "能" */
    0x0, 0xff, 0xef, 0x5a, 0x80, 0x7f, 0x5e, 0xb0,
    0x7, 0xff, 0x21, 0x29, 0x80, 0x3f, 0x69, 0x48,
    0x7, 0xff, 0x1c, 0xc0, 0x2, 0x1, 0xf8, 0xc0,
    0x3f, 0xf9, 0x34, 0x0, 0x60, 0xf, 0xf0, 0x80,
    0x78, 0xcc, 0x1, 0xfe, 0x16, 0x6, 0x10, 0x94,
    0x0, 0xff, 0xe0, 0x96, 0xf8, 0x7, 0xfa, 0x40,
    0x60, 0x11, 0xac, 0xc0, 0x3f, 0xe6, 0xd1, 0x31,
    0x0, 0xfc, 0x4e, 0x10, 0x20, 0x8c, 0x1a, 0x20,
    0x1f, 0x97, 0x64, 0x1, 0x2, 0x1, 0xfa, 0x40,
    0xd8, 0x2, 0x93, 0x1d, 0x0, 0xf3, 0x6d, 0x10,
    0x37, 0x38, 0x10, 0x7, 0x95, 0x3, 0x80, 0x51,
    0xec, 0x80, 0xe4, 0x3, 0xc, 0x91, 0x23, 0xa4,
    0x41, 0xac, 0x2, 0x54, 0x45, 0x80, 0xff, 0xba,
    0xe1, 0x4, 0x40, 0xca, 0x1, 0x9b, 0x35, 0xc4,
    0x2, 0xe2, 0x0, 0xba, 0xec, 0x20, 0x24, 0x4,
    0xb1, 0x7d, 0xc3, 0xb, 0x0, 0x8a, 0x4c, 0x3,
    0xc6, 0xe0, 0x15, 0x19, 0x9a, 0x2b, 0x7f, 0x69,
    0xd0, 0x43, 0x80, 0x44, 0x1, 0xff, 0x28, 0x6,
    0x1c, 0xc4, 0xba, 0x90, 0x7, 0xc5, 0x7a, 0x22,
    0x2, 0x20, 0x7, 0xb, 0x8b, 0x80, 0x71, 0xeb,
    0x99, 0x95, 0x9e, 0x2a, 0xf1, 0x10, 0x40, 0xa2,
    0x1b, 0xfd, 0xbd, 0xd4, 0x1, 0x80, 0x71, 0x94,
    0x66, 0x2a, 0x61, 0xd5, 0xe, 0x80, 0x21, 0xd2,
    0x0, 0x9, 0x8, 0x80, 0x5a, 0x0, 0x3c, 0x20,
    0xf5, 0x79, 0xbd, 0xf6, 0x6, 0x1, 0x65, 0x7f,
    0x6e, 0x63, 0x75, 0xfd, 0x20, 0x1f, 0x18, 0x5a,
    0xa1, 0x90, 0x80, 0x7c, 0xcc, 0x91, 0x23, 0x31,
    0x10, 0x3, 0xfc, 0x60, 0x1f, 0x8, 0x80, 0x3b,
    0x41, 0xc0, 0x3e, 0x10, 0xf, 0xf7, 0x6f, 0x73,
    0xfd, 0xd4, 0x1, 0xff, 0xc2, 0x2e, 0x30, 0xf,
    0x84, 0x8, 0xcc, 0x48, 0xac, 0xa0, 0x60, 0x17,
    0x83, 0x80, 0x72, 0xe0, 0x48, 0x7, 0xf6, 0x76,
    0xe5, 0xd4, 0xc8, 0x3, 0xfe, 0x4c, 0xa1, 0x3,
    0x0, 0xfe, 0x10, 0xf, 0xfe, 0x18, 0xb6, 0xd9,
    0x82, 0x64, 0x80, 0x7f, 0xf0, 0x44, 0x8d, 0x40,
    0x40, 0x39, 0x7a, 0x48, 0x1b, 0x2c, 0xc0, 0x16,
    0x20, 0x1e, 0xce, 0xff, 0x76, 0xe4, 0x80, 0x7c,
    0x20, 0xb5, 0xf2, 0x60, 0x19, 0x8, 0x3, 0xe3,
    0x32, 0x21, 0x59, 0x80, 0x1f, 0x27, 0xd2, 0x80,
    0x78, 0x41, 0xc0, 0x21, 0x0, 0x66, 0xe5, 0xda,
    0xa6, 0xc0, 0x3e, 0x10, 0xf, 0xe2, 0x0, 0xff,
    0xea, 0xb0, 0x38, 0x7, 0xff, 0x4f, 0xc0, 0x38,
    0xc0, 0x6, 0x0, 0x74, 0x0, 0xfd, 0xe0, 0x8a,
    0x64, 0x58, 0xda, 0x94, 0x8, 0x2, 0x10, 0xe,
    0x4a, 0xe9, 0x40, 0x0, 0x80, 0x10, 0x6, 0xb3,
    0x77, 0x64, 0xa8, 0x18, 0x80, 0x4c, 0x1, 0xc7,
    0xea, 0xd2, 0x0, 0x10, 0x1, 0xd1, 0x80, 0x7e,
    0x37, 0xd0, 0xc, 0xac, 0x22, 0x0, 0x86, 0xec,
    0x63, 0x40, 0x19, 0x73, 0xfb, 0x9b, 0xae, 0xff,
    0x64, 0x8, 0x0,

    /* U+8109 "脉" */
    0x0, 0xff, 0xe3, 0x91, 0x0, 0x3f, 0xfa, 0xd9,
    0xba, 0x82, 0x0, 0xff, 0xe1, 0xc6, 0xb0, 0x92,
    0x2b, 0xb0, 0x7, 0xc8, 0x4, 0xfb, 0x8c, 0x1,
    0xff, 0xc1, 0xd2, 0x9e, 0xdb, 0xa8, 0x96, 0x0,
    0xf5, 0x74, 0x10, 0x1c, 0xf2, 0x0, 0x7f, 0xcc,
    0x0, 0x23, 0x45, 0x10, 0xf, 0xe1, 0x7d, 0xa3,
    0x1, 0xc0, 0xf, 0xf8, 0x80, 0x19, 0x8b, 0xa2,
    0x3, 0x0, 0xff, 0x2e, 0x5a, 0x50, 0x7, 0xff,
    0x55, 0x2c, 0x80, 0x3f, 0xe1, 0x0, 0xff, 0xe0,
    0x3c, 0xc4, 0xd5, 0xe6, 0x18, 0x3, 0xff, 0x9e,
    0x6c, 0xec, 0xa8, 0x66, 0x90, 0xf, 0xfe, 0x29,
    0x89, 0x18, 0x80, 0x72, 0x5b, 0xc4, 0xdc, 0x0,
    0x7c, 0xa0, 0x1f, 0xf6, 0xf6, 0xe1, 0x0, 0x79,
    0x21, 0xd9, 0x8, 0x4, 0x3, 0x15, 0x50, 0x3,
    0xfc, 0x46, 0x88, 0x10, 0xf, 0xfe, 0x37, 0x2,
    0x88, 0x7, 0xf6, 0x62, 0xec, 0x60, 0x1f, 0xfc,
    0x11, 0x10, 0x2, 0xcc, 0x1c, 0x40, 0x3f, 0xf8,
    0x89, 0xb9, 0xbd, 0xfe, 0xc2, 0x0, 0xa0, 0x71,
    0x2, 0x20, 0x1, 0xfe, 0x10, 0xf, 0x20, 0x99,
    0x8, 0x0, 0xd4, 0x2, 0x6f, 0x31, 0xb7, 0x0,
    0xfc, 0x20, 0x1f, 0x84, 0x33, 0x7b, 0xe4, 0x0,
    0xa0, 0x18, 0x53, 0xd0, 0x3, 0xff, 0x84, 0x22,
    0x0, 0xe2, 0x10, 0xc0, 0x32, 0x0, 0x9, 0x4,
    0x88, 0x7, 0xf8, 0xc0, 0x1f, 0xee, 0xe1, 0x0,
    0x7c, 0x81, 0x60, 0x1a, 0x2, 0x40, 0x3f, 0xe1,
    0x0, 0x84, 0x44, 0x1, 0xf1, 0x8, 0x28, 0x6,
    0x52, 0x44, 0x0, 0x7f, 0x98, 0x13, 0xfb, 0x9a,
    0x20, 0x1e, 0x50, 0x32, 0x0, 0xe8, 0x9, 0x0,
    0xff, 0x10, 0x18, 0x7, 0xfd, 0x41, 0x40, 0x1e,
    0x53, 0x29, 0x0, 0xfe, 0xe0, 0xe0, 0xf, 0xf1,
    0x90, 0xb0, 0x7, 0xdc, 0xc, 0x80, 0x1f, 0x94,
    0x14, 0x3, 0xfd, 0x21, 0x0, 0x1f, 0x89, 0x82,
    0x88, 0x3, 0xe3, 0x3, 0x0, 0xfe, 0x25, 0x26,
    0x0, 0xfe, 0x92, 0x1f, 0x0, 0xf1, 0x2, 0x0,
    0x7f, 0xac, 0x24, 0x3, 0xfe, 0xe0, 0x2b, 0x0,
    0xe5, 0xd, 0x0, 0xfe, 0x26, 0x54, 0x0, 0xff,
    0x8d, 0xc1, 0x24, 0x3, 0x58, 0x38, 0x7, 0x8,
    0x38, 0x48, 0xd8, 0x7, 0xff, 0x6, 0xc, 0x1a,
    0x0, 0x2, 0x6a, 0x22, 0x91, 0x0, 0xe6, 0x4d,
    0x10, 0xf, 0xfe, 0x16, 0x88, 0x28, 0x1, 0x82,
    0x0, 0x4f, 0xa0, 0x40, 0x2b, 0xb1, 0x81, 0xd9,
    0x80, 0xc, 0x3, 0xf0, 0xec, 0x60, 0x2, 0x58,
    0x80, 0x14, 0x6f, 0xc0, 0x7, 0xc4, 0x0, 0x1f,
    0xed, 0x18, 0x0, 0x40, 0x3e, 0x37, 0x10, 0x53,
    0x80, 0xd, 0x88, 0x1, 0x38, 0x80, 0x64, 0xf1,
    0xc8, 0x2, 0x0, 0xff, 0xb3, 0xc4, 0x3, 0xad,
    0xc5, 0x8c, 0x3, 0xc3, 0x72, 0x5, 0x20, 0x1f,
    0xf0,

    /* U+86CB "蛋" */
    0x0, 0xff, 0xe5, 0x9, 0x1a, 0x20, 0x3, 0xff,
    0x80, 0x24, 0x68, 0xac, 0xf1, 0x35, 0x9b, 0xdf,
    0xee, 0xdc, 0xbb, 0x60, 0x7, 0xcb, 0xff, 0x76,
    0xe5, 0xd4, 0xc3, 0xb2, 0x99, 0x8, 0x9, 0x19,
    0x0, 0x7f, 0x95, 0x40, 0x1, 0x34, 0x56, 0x78,
    0x80, 0x3, 0x3b, 0xfd, 0xdb, 0xa3, 0x5, 0xc0,
    0xf, 0xd5, 0xfe, 0xec, 0xba, 0x98, 0x74, 0x0,
    0x18, 0x80, 0x6d, 0x19, 0xa0, 0xf, 0xfe, 0xa,
    0xfc, 0x0, 0x7f, 0xc8, 0xba, 0xc0, 0x1f, 0xfc,
    0x2c, 0x7, 0x30, 0xf, 0x84, 0x8c, 0xda, 0x40,
    0x1f, 0xfc, 0x37, 0x2, 0x30, 0xe, 0xff, 0x76,
    0xe4, 0x5a, 0x80, 0x7f, 0xf0, 0xa0, 0x43, 0x80,
    0x3c, 0x24, 0x66, 0x45, 0x61, 0x0, 0xff, 0xe0,
    0x9b, 0x81, 0x90, 0x4, 0xe0, 0xe, 0xdc, 0xc5,
    0xd4, 0xa0, 0x7, 0xff, 0x7, 0x80, 0x7, 0xd6,
    0xc2, 0x1, 0xff, 0xcb, 0xb2, 0x1c, 0x93, 0x49,
    0xea, 0x0, 0x8, 0x7, 0xff, 0x1a, 0x10, 0x34,
    0xdb, 0x35, 0xc8, 0x40, 0x1d, 0xcb, 0x86, 0x42,
    0x10, 0xf, 0xf2, 0xb8, 0x61, 0x80, 0x45, 0x1b,
    0xd4, 0xc4, 0x28, 0xf3, 0x7b, 0xdf, 0xee, 0xe6,
    0xe9, 0x80, 0xd, 0x43, 0x86, 0x1, 0xf6, 0xdf,
    0x6f, 0xe5, 0x42, 0x98, 0x80, 0x4, 0x44, 0x50,
    0x34, 0x9f, 0x98, 0x7, 0xea, 0x19, 0x0, 0x1a,
    0xbd, 0x67, 0x7f, 0xbb, 0x73, 0x51, 0x66, 0x30,
    0x40, 0x3f, 0x8c, 0x4, 0x3, 0xfc, 0x24, 0x64,
    0xf, 0xce, 0x0, 0x5e, 0xca, 0xbb, 0x66, 0xea,
    0xc0, 0x19, 0x8d, 0xee, 0x7f, 0xd0, 0x1, 0xe2,
    0x10, 0x9, 0x44, 0xd5, 0x10, 0x64, 0x40, 0xe,
    0x65, 0x46, 0x20, 0x40, 0xf, 0xfe, 0x2, 0x3,
    0xf7, 0x3f, 0xea, 0x1, 0xcc, 0x5d, 0xaa, 0x44,
    0x10, 0x3, 0xff, 0x80, 0x20, 0x23, 0x0, 0x7f,
    0xf0, 0xc, 0x34, 0x3, 0xff, 0x80, 0x40, 0x60,
    0x1f, 0xfc, 0x11, 0x0, 0x38, 0x7, 0xff, 0x3,
    0x81, 0x26, 0x55, 0x4b, 0x90, 0x1d, 0xd7, 0x7f,
    0xb8, 0x1, 0x40, 0x1f, 0xfc, 0x21, 0x66, 0x2a,
    0x90, 0x80, 0x4, 0x60, 0x46, 0x64, 0x40, 0x80,
    0x7f, 0xf0, 0x8, 0x1, 0x79, 0x8d, 0xd5, 0x0,
    0xff, 0x73, 0x74, 0x39, 0x72, 0x1, 0xff, 0xc0,
    0x4d, 0xb4, 0x33, 0x11, 0x4, 0x3, 0xcc, 0x51,
    0xa8, 0x1, 0xff, 0xc1, 0x24, 0x0, 0xe7, 0x0,
    0xf3, 0x28, 0x15, 0xc8, 0x7, 0xff, 0x3e, 0x50,
    0x0, 0xda, 0x40, 0x1c, 0x42, 0x0, 0x11, 0x11,
    0xd, 0x10, 0xb6, 0x3, 0x7b, 0xdf, 0xd8, 0x80,
    0x11, 0x6b, 0x0, 0x68, 0xef, 0xf7, 0x73, 0x75,
    0x97, 0x6a, 0x70, 0x2, 0x10, 0x81, 0x23, 0x45,
    0x20, 0x2, 0x40, 0x34, 0x0, 0x7c, 0x26, 0x8a,
    0xf1, 0x57, 0xbf, 0xed, 0xb9, 0x75, 0xbb, 0x14,
    0x0, 0x62, 0xeb, 0xcd, 0xef, 0xf7, 0x65, 0xd4,
    0x3a, 0xa1, 0x0, 0x7e, 0x4d, 0x70, 0x0,

    /* U+8840 "血" */
    0x0, 0xff, 0xf2, 0x1f, 0xc0, 0x7, 0xff, 0x4d,
    0xc1, 0xd8, 0x3, 0xff, 0xa5, 0xa0, 0x4, 0x0,
    0xff, 0xe8, 0x8b, 0x3, 0x10, 0x7, 0xff, 0x46,
    0x40, 0x60, 0x3, 0xff, 0xa2, 0x2e, 0x10, 0x20,
    0x1f, 0xfd, 0x1b, 0x3, 0x60, 0xf, 0xfe, 0x8a,
    0x28, 0x70, 0x7, 0xff, 0x2c, 0xdc, 0x80, 0x21,
    0xa0, 0x71, 0x45, 0x67, 0x89, 0xab, 0xcd, 0xef,
    0xf5, 0x0, 0x7f, 0xc, 0x6f, 0x73, 0xf8, 0x41,
    0xf2, 0xea, 0x61, 0xd9, 0x50, 0xc8, 0x40, 0xa,
    0x80, 0x1f, 0x88, 0x40, 0x44, 0x1, 0xf8, 0x48,
    0x0, 0x4c, 0xf1, 0x6, 0x0, 0x30, 0x7, 0xf1,
    0x2, 0xe6, 0xf7, 0xc0, 0x1f, 0xfb, 0xb4, 0xc1,
    0x66, 0x1d, 0xd8, 0x0, 0x20, 0xf, 0xe7, 0x3,
    0x31, 0x8, 0x8, 0x7, 0xef, 0x0, 0xc6, 0x1,
    0xff, 0xc0, 0x10, 0x30, 0xf, 0x8, 0x7, 0xfc,
    0x20, 0x40, 0x1f, 0xe3, 0x1, 0x0, 0xff, 0x84,
    0x4, 0x3, 0x70, 0x8, 0x7, 0xf8, 0x41, 0xc0,
    0x31, 0x80, 0x7f, 0xf0, 0x4c, 0x18, 0x3, 0xfd,
    0xe0, 0x20, 0x1e, 0x30, 0xf, 0xf8, 0x40, 0xc0,
    0x3f, 0xc2, 0x6, 0x1, 0xff, 0x18, 0x18, 0x6,
    0x70, 0x10, 0xf, 0xf1, 0x80, 0x80, 0x61, 0x0,
    0xff, 0xe0, 0x88, 0x70, 0x7, 0xf8, 0x40, 0x3f,
    0x8, 0x6, 0x10, 0x10, 0xc, 0x40, 0x60, 0x1f,
    0xe7, 0x0, 0xff, 0xe5, 0x30, 0x7, 0xf8, 0x40,
    0x2, 0x1, 0x38, 0x7, 0xff, 0x0, 0x40, 0x2,
    0x1, 0xfe, 0x30, 0x1, 0x80, 0x7f, 0xf0, 0x1c,
    0x2, 0x30, 0x1, 0x80, 0x7f, 0x84, 0x0, 0x20,
    0x1f, 0xfc, 0x41, 0x0, 0x8, 0x7, 0xff, 0x5,
    0xc0, 0x21, 0x0, 0x8, 0x88, 0xc0, 0xa, 0xb3,
    0x50, 0x2, 0x26, 0xf6, 0x0, 0xae, 0x65, 0x56,
    0x0, 0xad, 0xee, 0x68, 0x3, 0xb9, 0xb8, 0x0,
    0x9a, 0xa4, 0xb0, 0x1, 0xd9, 0x9, 0xe0, 0x9d,
    0x98, 0xa8, 0x0, 0x12, 0x11, 0x0, 0x7f, 0x84,
    0x44, 0x43, 0x32, 0x2a, 0x99, 0x9a, 0x1b, 0xc,
    0xee, 0x88, 0x4c, 0xaa, 0x97, 0x98, 0xdd, 0x77,
    0x3f, 0xee, 0xe6, 0xeb, 0x31, 0x75, 0x49, 0x92,
    0x80,

    /* U+89C6 "视" */
    0x0, 0xf4, 0x28, 0x7, 0xff, 0x54, 0x9e, 0x9c,
    0x3, 0xe2, 0x20, 0x7, 0xe1, 0x23, 0x20, 0xf,
    0xf8, 0xa0, 0x21, 0xc0, 0x3c, 0xbb, 0x95, 0x79,
    0xbd, 0xfe, 0xed, 0xcd, 0x80, 0xf, 0xf9, 0xdc,
    0x10, 0xc0, 0x1c, 0x80, 0x6a, 0x86, 0x42, 0x2,
    0x46, 0x0, 0x20, 0xf, 0xfe, 0x4, 0x20, 0x4a,
    0x0, 0x62, 0x0, 0x5e, 0x6f, 0x7f, 0xbb, 0x70,
    0xc0, 0xc0, 0x3f, 0xf8, 0x34, 0x21, 0x0, 0x1f,
    0x29, 0x90, 0x80, 0x70, 0x80, 0x80, 0x7f, 0xf0,
    0x47, 0x4b, 0xc0, 0x30, 0x80, 0x7f, 0xf4, 0xf,
    0x48, 0xc4, 0x3, 0x8c, 0xb, 0x24, 0xc0, 0x3b,
    0xc0, 0x3e, 0x45, 0x53, 0x45, 0x66, 0xff, 0x67,
    0x20, 0x7, 0x89, 0xdb, 0x80, 0x3f, 0xf8, 0x23,
    0x54, 0x97, 0x53, 0x20, 0xc, 0xe0, 0x18, 0x40,
    0x6, 0x1, 0xc6, 0x1, 0xfc, 0xae, 0x68, 0xaf,
    0x37, 0x82, 0xc, 0x60, 0x1f, 0xfc, 0x31, 0x0,
    0xfd, 0x19, 0x75, 0xc, 0x88, 0x10, 0x80, 0xf,
    0xf0, 0x80, 0x7f, 0xf2, 0x6, 0x2, 0x4, 0x2,
    0x10, 0x70, 0xf, 0xf1, 0x80, 0x7f, 0xf0, 0xa0,
    0xd, 0xc0, 0x3f, 0x84, 0x1c, 0x2, 0x10, 0xf,
    0xfe, 0x1a, 0x30, 0x70, 0x7, 0x18, 0x8, 0x6,
    0x10, 0xf, 0xfe, 0x30, 0xd0, 0x41, 0x0, 0x7f,
    0x8c, 0xc, 0x3, 0x84, 0x3, 0xff, 0x81, 0x62,
    0x12, 0xa0, 0x1f, 0x18, 0x0, 0x40, 0x40, 0x3f,
    0xf8, 0xae, 0xa0, 0x1, 0xab, 0x10, 0xf, 0xce,
    0xf, 0x0, 0x20, 0x7, 0x0, 0xff, 0x24, 0x18,
    0x84, 0x92, 0x79, 0x80, 0xc, 0x4, 0x0, 0x40,
    0x7, 0x3, 0x0, 0xff, 0xe0, 0x1d, 0x9e, 0x98,
    0x2e, 0x20, 0xe2, 0x82, 0x80, 0x80, 0x88, 0x3,
    0x12, 0x0, 0x80, 0x7e, 0x3c, 0x3c, 0x10, 0x8,
    0x6d, 0x0, 0x82, 0xf1, 0xc1, 0x0, 0x21, 0x0,
    0x5f, 0x10, 0x7, 0xc9, 0x8d, 0x80, 0x3, 0x0,
    0xd7, 0x4e, 0x0, 0x31, 0xc, 0x1, 0x0, 0xe1,
    0x0, 0xf9, 0xaa, 0x64, 0x1, 0xfc, 0xa0, 0x1e,
    0x60, 0x70, 0xf, 0xf2, 0x80, 0x7, 0xd8, 0x3,
    0xff, 0x88, 0xe0, 0x3a, 0x1, 0xfe, 0xb1, 0x7,
    0x10, 0xf, 0xfe, 0x20, 0xc8, 0x48, 0x7, 0xf8,
    0x44, 0x40, 0x1f, 0xfc, 0x7a, 0x13, 0x70, 0x1,
    0x80, 0x7c, 0xa0, 0xe0, 0x1f, 0x84, 0x3, 0xfa,
    0x10, 0x74, 0x3, 0xfe, 0x30, 0xf, 0xfe, 0x3c,
    0x38, 0xe0, 0x80, 0x7f, 0xda, 0x1, 0xff, 0xc6,
    0xa7, 0x3f, 0x20, 0xc, 0x60, 0x1f, 0x20, 0x38,
    0x7, 0xff, 0x8, 0xf5, 0x63, 0x4, 0x2, 0x60,
    0x17, 0x32, 0x29, 0x28, 0x40, 0x80, 0x3e, 0x20,
    0xe, 0x9c, 0x7d, 0x70, 0xe, 0x24, 0x8, 0xcd,
    0xda, 0xd4, 0xc, 0x40, 0x3f, 0x10, 0x90, 0x28,
    0xed, 0x10, 0x7, 0xd6, 0xe4, 0x20, 0x18, 0x9b,
    0x40,

    /* U+89C9 "觉" */
    0x0, 0xff, 0xe5, 0x8a, 0x80, 0x7f, 0xf2, 0x29,
    0xc0, 0x3f, 0x35, 0x50, 0x3, 0xfe, 0x3d, 0x50,
    0xc, 0x29, 0x10, 0x0, 0xfa, 0xc1, 0x54, 0x1,
    0xfe, 0x62, 0xa9, 0x0, 0x86, 0x81, 0xd0, 0x3,
    0x90, 0xc1, 0x14, 0x3, 0xfc, 0xb4, 0xd, 0x20,
    0x12, 0x38, 0x50, 0x80, 0x69, 0x2, 0xa0, 0xf,
    0xfe, 0x2, 0xd0, 0x34, 0x80, 0x50, 0x22, 0xb0,
    0xa, 0x8, 0x7c, 0x40, 0x3f, 0xf8, 0x2b, 0x20,
    0xd0, 0x1, 0x58, 0x38, 0x1, 0x1c, 0x34, 0x80,
    0x3f, 0xe9, 0x80, 0x3, 0x38, 0x10, 0x4, 0xb5,
    0x80, 0x34, 0x16, 0x60, 0x1c, 0x20, 0x1c, 0x4c,
    0xc0, 0xa, 0x2a, 0x80, 0x24, 0x62, 0x8d, 0xa2,
    0x2e, 0xbc, 0xde, 0xff, 0x75, 0x0, 0x65, 0x0,
    0x5e, 0x63, 0x6f, 0xfd, 0xdb, 0x97, 0x52, 0x60,
    0x2a, 0x86, 0x42, 0x1, 0x28, 0x80, 0x56, 0x2,
    0x86, 0x62, 0x1, 0x23, 0x45, 0x67, 0x74, 0x4d,
    0x5e, 0x6f, 0x73, 0xc4, 0x1c, 0x40, 0x2, 0x61,
    0x7b, 0xdf, 0xee, 0xe6, 0xe5, 0xd4, 0xc4, 0x1d,
    0x95, 0xc, 0x84, 0x48, 0x22, 0x80, 0xa, 0x40,
    0xd0, 0x84, 0x3, 0xff, 0x8f, 0xe1, 0x40, 0x19,
    0x82, 0xc0, 0x10, 0x60, 0x1c, 0x24, 0x68, 0xac,
    0xee, 0x87, 0x10, 0x34, 0x74, 0x0, 0x9c, 0x41,
    0x80, 0xb, 0x9d, 0xcf, 0xfb, 0xb7, 0x2e, 0xa6,
    0x20, 0xf1, 0x41, 0x9, 0x0, 0x1a, 0x41, 0x84,
    0x0, 0x80, 0x26, 0x64, 0x42, 0xb3, 0xc4, 0x26,
    0xac, 0xc0, 0x80, 0xec, 0x3, 0xa4, 0x60, 0x2,
    0x10, 0x7d, 0xcb, 0xb5, 0x4c, 0x3b, 0x99, 0x50,
    0x1, 0xc1, 0x0, 0x1e, 0x7e, 0x10, 0xb, 0xc0,
    0x40, 0x32, 0x62, 0x80, 0x70, 0x81, 0x0, 0x7f,
    0xf0, 0x84, 0xc, 0x3, 0x31, 0xd1, 0x80, 0x63,
    0x6, 0x0, 0xff, 0xe1, 0x18, 0x8, 0x7, 0xc4,
    0x1, 0x84, 0x4, 0x3, 0xff, 0x84, 0x20, 0xe0,
    0x19, 0x0, 0x84, 0x2, 0x10, 0x1, 0x0, 0x7f,
    0xf0, 0x9c, 0x4, 0x3, 0x78, 0x20, 0x6, 0x30,
    0x10, 0xf, 0xfe, 0x18, 0x81, 0x0, 0x66, 0xa,
    0x0, 0xc2, 0x6, 0x1, 0xff, 0xc3, 0x30, 0xe,
    0x70, 0x26, 0xd8, 0x0, 0x30, 0x8, 0x7, 0x88,
    0x80, 0x1f, 0x18, 0x6, 0x18, 0xb, 0x52, 0x74,
    0x3, 0x7, 0x0, 0xf5, 0x20, 0x7, 0xc4, 0x40,
    0x10, 0xa0, 0x36, 0x1, 0x0, 0x99, 0xcc, 0x3,
    0xc4, 0x20, 0x1f, 0xb7, 0x6, 0x50, 0x78, 0x3,
    0xe8, 0x80, 0x7, 0x9f, 0xc0, 0x3f, 0x8e, 0x98,
    0x34, 0x80, 0x33, 0x80, 0x7f, 0x88, 0x3, 0xf8,
    0xf5, 0x47, 0xc, 0x2, 0x10, 0xf, 0xf8, 0xc0,
    0x3f, 0xc, 0x61, 0x27, 0x98, 0x6, 0x10, 0x60,
    0xf, 0xea, 0xf, 0x0, 0xe7, 0xe7, 0x2a, 0xb1,
    0x0, 0xe2, 0xb, 0x73, 0x22, 0xc6, 0xd4, 0xc0,
    0x60, 0x2, 0x9e, 0x84, 0xad, 0x50, 0xf, 0xa0,
    0x6, 0x33, 0x77, 0x64, 0xa8, 0x12, 0x15, 0xf0,
    0x5f, 0x5a, 0x80, 0x7f, 0x26, 0x29, 0x8, 0x7,
    0x12, 0x46, 0x80,

    /* U+89E6 "触" */
    0x0, 0xfc, 0xa0, 0x1f, 0xfd, 0x6a, 0xc0, 0xf,
    0xfe, 0x14, 0x51, 0x80, 0x7f, 0xf0, 0xd0, 0xd,
    0x40, 0x3f, 0xf8, 0x3a, 0xba, 0x1, 0xff, 0xc3,
    0xe0, 0x15, 0x0, 0xff, 0xe0, 0xb8, 0x8, 0x7,
    0xff, 0x8, 0x94, 0x24, 0x8d, 0xc, 0x3, 0xff,
    0x9f, 0x0, 0x8, 0xdc, 0xbc, 0x70, 0xf, 0xfe,
    0x69, 0x28, 0x9, 0x19, 0x80, 0x4, 0x1, 0xff,
    0xcd, 0x90, 0x6e, 0xdc, 0x40, 0x45, 0x0, 0xff,
    0xe6, 0x32, 0x14, 0x80, 0x9, 0xc2, 0x40, 0x3f,
    0xf9, 0x83, 0x23, 0x80, 0x17, 0x4, 0x10, 0x6,
    0x10, 0xf, 0xf0, 0x91, 0x80, 0x7b, 0x40, 0x11,
    0x57, 0x86, 0x15, 0xdc, 0xd4, 0x9, 0xfb, 0x9a,
    0xcf, 0x0, 0x7f, 0xbb, 0x73, 0x84, 0x2, 0x81,
    0x31, 0x65, 0x43, 0x0, 0x19, 0x80, 0x8c, 0x24,
    0x11, 0x94, 0xcc, 0x0, 0x56, 0x76, 0x1, 0x0,
    0x91, 0x18, 0xa0, 0xdb, 0xc6, 0x19, 0xda, 0x80,
    0x40, 0x22, 0xe, 0xff, 0x60, 0xd, 0x4c, 0x68,
    0x8, 0x80, 0xb, 0x82, 0x0, 0xe2, 0x10, 0xf,
    0xf1, 0x80, 0x80, 0x7e, 0x10, 0x20, 0x8, 0x40,
    0x30, 0x80, 0x61, 0x0, 0x8, 0x6, 0x10, 0x10,
    0xf, 0xc6, 0xc, 0x1, 0xe3, 0x0, 0xf3, 0x9a,
    0x38, 0x8, 0x1, 0x80, 0xc0, 0x3f, 0x8, 0x18,
    0x7, 0xe8, 0xff, 0x18, 0x56, 0x59, 0x80, 0x63,
    0x1, 0x0, 0xfd, 0xe1, 0xc0, 0x1f, 0xc4, 0x60,
    0x5, 0x67, 0x20, 0xc, 0x20, 0xe0, 0x1f, 0x84,
    0x8, 0x3, 0xc2, 0x1b, 0xac, 0x20, 0x89, 0x86,
    0x0, 0xdc, 0x4, 0x2, 0xc0, 0x3, 0x44, 0x28,
    0x18, 0x7, 0xe1, 0x0, 0xc6, 0x1, 0x9c, 0x0,
    0x61, 0x3f, 0xd6, 0x3, 0x97, 0x63, 0x9, 0x10,
    0xe, 0x60, 0x30, 0xf, 0x9c, 0x3, 0xc4, 0x8a,
    0x80, 0x7, 0x74, 0x4c, 0xa8, 0x40, 0x38, 0xc2,
    0xea, 0xc8, 0x33, 0x74, 0x60, 0x18, 0x41, 0x2e,
    0xa0, 0x6, 0x20, 0xec, 0xc5, 0x0, 0xf0, 0x82,
    0xa9, 0x0, 0x4, 0x50, 0x0, 0x40, 0x9, 0x18,
    0x1, 0x8c, 0x3, 0xfe, 0x20, 0x2c, 0xdd, 0x8,
    0x6f, 0xf8, 0xc0, 0x39, 0xd4, 0x3, 0xe6, 0xf4,
    0x0, 0xf3, 0x82, 0x19, 0x10, 0x0, 0x60, 0x1f,
    0xfc, 0x53, 0x9, 0x0, 0xf6, 0x86, 0x0, 0x7e,
    0x10, 0xf, 0xfe, 0x12, 0x99, 0x38, 0x7, 0x20,
    0x20, 0x4, 0x20, 0x1e, 0x30, 0xf, 0xfe, 0xf,
    0x84, 0x8, 0x4, 0x26, 0x82, 0x1, 0xff, 0xc9,
    0x26, 0xad, 0x0, 0x48, 0x4, 0xe1, 0xc0, 0x10,
    0x80, 0x4, 0x3, 0xf8, 0x4d, 0xa4, 0xb, 0x65,
    0x4d, 0x41, 0xc0, 0x2a, 0x25, 0x0, 0x84, 0xc2,
    0x20, 0x6, 0x3, 0x3b, 0xaf, 0xec, 0x95, 0x0,
    0x24, 0xee, 0xa8, 0x41, 0x80, 0xcd, 0x0, 0x1d,
    0x98, 0x85, 0xd1, 0x1, 0xa2, 0x20, 0x0, 0x56,
    0x33, 0xed, 0x88, 0x0, 0xe1, 0x41, 0x2a, 0xa0,
    0xf, 0x18, 0x79, 0x80, 0x47, 0xb5, 0x9d, 0xca,
    0x73, 0x0, 0xf5, 0x3, 0x80, 0xd0, 0x7, 0xf1,
    0x62, 0x48, 0x81, 0x29, 0x88, 0x7, 0xf8, 0xf2,
    0xc0,

    /* U+8BAF "讯" */
    0x0, 0xc9, 0x64, 0x1, 0xff, 0xd3, 0xc4, 0xc3,
    0x0, 0xff, 0xe0, 0x89, 0x1a, 0x2a, 0x84, 0x3,
    0xfd, 0x8, 0x38, 0x60, 0x13, 0xdd, 0x5e, 0x6f,
    0x7f, 0xbb, 0x72, 0xea, 0x9e, 0x1, 0xff, 0x59,
    0x86, 0x18, 0x1, 0x51, 0x50, 0xc8, 0x40, 0x2,
    0x46, 0xa8, 0x2, 0x1, 0xff, 0xc0, 0xd2, 0xd,
    0x20, 0x2e, 0xbb, 0x60, 0x84, 0xff, 0x6e, 0x57,
    0x81, 0x0, 0x7f, 0xf0, 0x7, 0x80, 0x7c, 0x0,
    0x28, 0x83, 0x0, 0xff, 0xe6, 0x1d, 0x1, 0x80,
    0x7f, 0xf4, 0xd6, 0xfc, 0x3, 0xff, 0xa8, 0x82,
    0x1, 0xff, 0xf4, 0x11, 0x0, 0x7e, 0x30, 0xf,
    0xfe, 0x20, 0xc3, 0xcd, 0xef, 0xf7, 0x18, 0x3,
    0xff, 0x98, 0x2b, 0xc, 0x84, 0x1, 0x8, 0x7,
    0xff, 0x37, 0x21, 0xe6, 0xf4, 0x41, 0x40, 0x44,
    0x0, 0x11, 0x18, 0x7a, 0xb4, 0xd9, 0x80, 0x7f,
    0x85, 0xe1, 0x90, 0x84, 0xc, 0x13, 0xbf, 0xdd,
    0xc1, 0x6, 0xa9, 0x64, 0xc2, 0x0, 0xff, 0xe3,
    0xab, 0x8, 0x88, 0xc0, 0x6, 0xce, 0xe8, 0xa2,
    0x3, 0x0, 0xff, 0xe1, 0x88, 0x2, 0x7b, 0x9b,
    0x84, 0x15, 0x31, 0x7, 0x57, 0x0, 0xff, 0xe1,
    0x8, 0x7, 0xff, 0x18, 0x40, 0x40, 0x3f, 0xfa,
    0x66, 0x1, 0xff, 0xc2, 0x30, 0xf, 0xfe, 0x30,
    0x80, 0x4, 0x3, 0xff, 0x82, 0x20, 0x1f, 0xfc,
    0x72, 0x0, 0x88, 0x3, 0xe1, 0x3, 0x0, 0x85,
    0x80, 0x3f, 0xf8, 0x4, 0xc, 0x0, 0x1e, 0x0,
    0xf9, 0xc0, 0x32, 0x78, 0x7, 0xff, 0x5, 0x83,
    0x40, 0xa, 0x40, 0x1f, 0xc2, 0xf, 0x6c, 0xc0,
    0xf, 0xfe, 0x1, 0x81, 0x80, 0x8, 0x40, 0x3e,
    0x10, 0x1b, 0x85, 0x80, 0xf, 0xfe, 0xe, 0x82,
    0x80, 0x4, 0x3, 0xfc, 0x48, 0x74, 0x1, 0xff,
    0xc2, 0x40, 0x13, 0xe, 0x10, 0xe, 0x3a, 0xa0,
    0x0, 0xb4, 0x3, 0xff, 0x86, 0x26, 0x14, 0x4,
    0x1, 0xf2, 0x0, 0xb, 0x4, 0x3, 0xff, 0x89,
    0x40, 0xc4, 0xa4, 0x1, 0xc7, 0x88, 0xfa, 0x20,
    0x1f, 0x18, 0x7, 0xf3, 0x10, 0x60, 0xb0, 0x7,
    0x8a, 0xe0, 0x3, 0xf8, 0x40, 0x3f, 0xdc, 0x2,
    0x18, 0x1, 0xff, 0xd1, 0x3c, 0x32, 0x70, 0xf,
    0xfe, 0x36, 0x2a, 0x0, 0x7f, 0x1e, 0x68, 0x80,

    /* U+8BBE "设" */
    0x0, 0xff, 0xe1, 0x90, 0x7, 0xe1, 0x0, 0xff,
    0xe1, 0x5d, 0x0, 0x7e, 0xef, 0xa9, 0xbc, 0xde,
    0xfe, 0xe1, 0x0, 0x7f, 0xf0, 0x19, 0x70, 0x3,
    0xe4, 0x5, 0x64, 0x32, 0x10, 0x0, 0xb8, 0x7,
    0xff, 0x3, 0xc4, 0xf0, 0x3, 0xde, 0x3, 0x35,
    0x4b, 0xcd, 0x0, 0x30, 0x7, 0xff, 0x0, 0xb0,
    0x4f, 0x0, 0x3e, 0x26, 0x55, 0x21, 0x98, 0x3,
    0xff, 0x88, 0x54, 0x7, 0x40, 0x1b, 0xc0, 0x3f,
    0xc2, 0x1, 0xff, 0xc2, 0x47, 0x5, 0x60, 0x8,
    0x81, 0x40, 0x3f, 0xf9, 0x90, 0x80, 0x60, 0x13,
    0x87, 0x80, 0x7e, 0x30, 0xf, 0xfe, 0x25, 0xea,
    0x80, 0x8, 0x80, 0xe0, 0x1c, 0x60, 0x1, 0x0,
    0xff, 0xe2, 0x90, 0x5, 0x60, 0xa2, 0x1, 0xf8,
    0x80, 0x2, 0x6a, 0x1, 0xff, 0xc3, 0x26, 0x1b,
    0x0, 0xf1, 0x0, 0x37, 0xfd, 0xd9, 0x56, 0x0,
    0x21, 0x24, 0x68, 0xab, 0x30, 0xa, 0x42, 0x84,
    0x3, 0xe9, 0x10, 0xf, 0x31, 0xe, 0xf6, 0xdc,
    0xba, 0xa4, 0x80, 0x1d, 0x29, 0x0, 0x3f, 0x37,
    0x7f, 0xfb, 0x48, 0x71, 0x51, 0x9e, 0x48, 0x3c,
    0xe, 0x71, 0x40, 0x3f, 0x84, 0x84, 0x3, 0xf1,
    0xd5, 0xcc, 0x30, 0x80, 0x81, 0xf1, 0xdc, 0xd5,
    0xe6, 0xf7, 0x3f, 0xdd, 0xbc, 0xc0, 0x1f, 0xfc,
    0x37, 0x0, 0xe6, 0x54, 0x32, 0x11, 0x0, 0x7f,
    0xf1, 0xc4, 0x3, 0xd7, 0x31, 0x35, 0x79, 0xbd,
    0xe8, 0x2, 0xc0, 0x1f, 0xfc, 0x31, 0x0, 0xf5,
    0xb2, 0xa1, 0x90, 0x9a, 0x4, 0x80, 0x7f, 0xf0,
    0x8c, 0x3, 0xed, 0x3a, 0x0, 0xef, 0x1, 0x70,
    0xf, 0xfe, 0x21, 0x80, 0x74, 0x82, 0xb0, 0x4,
    0xc6, 0x14, 0x1, 0xff, 0xc3, 0x10, 0x10, 0xe,
    0x2a, 0x9, 0x40, 0x29, 0x6, 0x40, 0xf, 0xfe,
    0x40, 0xb8, 0x1, 0x5c, 0x2d, 0x70, 0xa, 0x40,
    0x3f, 0xf9, 0x9, 0xe2, 0x1, 0x42, 0x85, 0x8,
    0xb0, 0x3, 0xff, 0x88, 0x20, 0x13, 0xdb, 0x30,
    0x3, 0x40, 0x4, 0xc2, 0x1, 0xff, 0xc7, 0xa8,
    0x58, 0x0, 0xc5, 0x80, 0x13, 0xd0, 0x7, 0xff,
    0x10, 0xc0, 0xa, 0x74, 0x1, 0x93, 0x44, 0xf9,
    0xc1, 0x79, 0x40, 0x3f, 0xf8, 0x5, 0x7a, 0x0,
    0x2d, 0x0, 0xd1, 0x60, 0xd8, 0x31, 0x62, 0x2a,
    0xc4, 0x0, 0xff, 0x10, 0x4, 0x58, 0x20, 0x2,
    0xc7, 0x1a, 0x90, 0x9, 0x3d, 0x0, 0xef, 0x10,
    0x3, 0xfa, 0xe2, 0x1a, 0x20, 0x8, 0xd3, 0x6e,
    0x50, 0xe, 0x1b, 0xb1, 0x1, 0xdf, 0x41, 0x0,
    0x7c, 0xee, 0x0, 0x2f, 0x3a, 0xec, 0x80, 0x7f,
    0x26, 0xc9, 0x0, 0xbe, 0x88, 0x7, 0xf2, 0xcc,
    0xba, 0x88, 0x3, 0xff, 0x80, 0xdb, 0x6a, 0x30,
    0x20,

    /* U+8BDD "话" */
    0x0, 0xff, 0xe8, 0x18, 0x7, 0xff, 0x50, 0x6b,
    0x14, 0x3, 0xfd, 0x5c, 0x60, 0x1f, 0xfc, 0x41,
    0x7e, 0x50, 0x90, 0xf, 0xf1, 0x8e, 0x20, 0x7,
    0xff, 0x4, 0xe7, 0xa0, 0x0, 0x72, 0x1, 0xfe,
    0x94, 0xb, 0x50, 0xf, 0xe1, 0x6c, 0xc3, 0x1,
    0xc6, 0xe2, 0x80, 0x7f, 0xd6, 0x81, 0x48, 0x1,
    0xc2, 0xd7, 0xd2, 0x60, 0xe, 0xc7, 0x20, 0xf,
    0xfe, 0x15, 0x90, 0x59, 0x80, 0x6, 0xfa, 0xca,
    0x77, 0x40, 0x1, 0x0, 0xff, 0xe3, 0x78, 0x3,
    0x40, 0x3, 0x3f, 0xb2, 0xc4, 0x20, 0x1f, 0xfc,
    0x92, 0xb0, 0x30, 0x8, 0x80, 0x3f, 0xfa, 0x9,
    0x98, 0x0, 0xff, 0xea, 0x98, 0x80, 0x7f, 0xf1,
    0xc4, 0x80, 0x3f, 0xf8, 0x44, 0x24, 0x66, 0x45,
    0x66, 0x50, 0x2, 0xaf, 0x31, 0xbd, 0xfd, 0xb0,
    0x0, 0x43, 0x46, 0x8a, 0xce, 0x90, 0x7, 0xf6,
    0xe6, 0x2e, 0xa6, 0x4c, 0x0, 0x54, 0x33, 0x10,
    0x80, 0x48, 0x3, 0x79, 0x72, 0xea, 0x62, 0xc2,
    0x1c, 0x86, 0x64, 0x56, 0x63, 0xb0, 0x2, 0xaf,
    0x37, 0x5d, 0xff, 0x60, 0xe, 0x19, 0x23, 0x3a,
    0x81, 0x88, 0x1d, 0xe6, 0x2e, 0xa6, 0x51, 0xa0,
    0x2a, 0x86, 0x44, 0x10, 0xf, 0x1e, 0x6d, 0xcc,
    0x60, 0x38, 0x7, 0xff, 0x50, 0x40, 0x40, 0x3f,
    0xfa, 0x9e, 0x1, 0xff, 0xd8, 0x30, 0xe, 0x33,
    0x0, 0x7c, 0x24, 0x68, 0x83, 0x0, 0xff, 0xe0,
    0x8, 0x8, 0x7, 0x5e, 0x7e, 0xeb, 0xac, 0x7,
    0xb7, 0x2e, 0xd9, 0x0, 0x1f, 0xfc, 0x7b, 0x0,
    0x11, 0x4, 0x2, 0x12, 0x21, 0x80, 0xc, 0x3,
    0xfe, 0x30, 0xf0, 0xe, 0x20, 0x5, 0xef, 0x7f,
    0xdd, 0xba, 0xc0, 0x6, 0x0, 0x7f, 0xc2, 0x2,
    0x1, 0x3a, 0x88, 0x1, 0xc8, 0x40, 0x3c, 0x20,
    0x3, 0x0, 0xff, 0xe1, 0x8d, 0xd2, 0x80, 0x4e,
    0x1, 0xf8, 0x80, 0xc, 0x1, 0xff, 0x38, 0x19,
    0x62, 0xf8, 0x0, 0x40, 0x40, 0x3f, 0x30, 0x0,
    0x80, 0x3f, 0xf8, 0x3f, 0xa5, 0xa4, 0x0, 0x20,
    0x30, 0xf, 0xc6, 0x4, 0x1, 0xff, 0xc0, 0x10,
    0x50, 0xa3, 0x0, 0x9c, 0x4, 0x3, 0xf7, 0x3,
    0x0, 0x7f, 0xa3, 0x48, 0x1, 0xa, 0x1, 0x84,
    0x38, 0x2, 0x11, 0x88, 0x86, 0x4, 0x1, 0xfe,
    0x32, 0x0, 0x3b, 0x80, 0x38, 0xc1, 0xbf, 0xee,
    0xeb, 0x74, 0x80, 0xe2, 0x1, 0xfd, 0x6e, 0x75,
    0x0, 0x1e, 0x10, 0xf, 0x84, 0x71, 0x1a, 0x0,
    0x7f, 0xa3, 0x14, 0x3, 0xe2, 0x3, 0xff, 0xee,
    0xed, 0xba, 0x50, 0xf, 0xfe, 0x44, 0x90, 0x7,
    0xff, 0x14,

    /* U+8BED "语" */
    0x0, 0xe8, 0x20, 0xf, 0xfe, 0x10, 0x91, 0xa2,
    0x15, 0xe5, 0x80, 0x3f, 0x2b, 0xe1, 0x0, 0x75,
    0xdd, 0x9b, 0xdf, 0xee, 0xdc, 0xbb, 0x54, 0x34,
    0xc0, 0x7, 0xca, 0xa1, 0xc3, 0x0, 0xda, 0x88,
    0x32, 0x10, 0x8, 0x8d, 0x15, 0x9d, 0xd1, 0x60,
    0x1f, 0xa9, 0x7, 0x48, 0x2, 0x6d, 0xcd, 0xee,
    0x80, 0x1f, 0x97, 0x53, 0x10, 0x73, 0x0, 0xfe,
    0xb2, 0x1f, 0x10, 0x8, 0x8c, 0x84, 0x4a, 0x2,
    0x40, 0x1f, 0xfc, 0x6f, 0x2, 0xa0, 0xf, 0xd8,
    0x8, 0x1, 0xff, 0xc7, 0x2a, 0x5, 0x0, 0xf0,
    0x89, 0x0, 0xc, 0xee, 0x89, 0x91, 0x0, 0x7f,
    0xf0, 0x56, 0xb0, 0x0, 0x3f, 0xf7, 0x70, 0xc1,
    0x66, 0x20, 0xec, 0xcf, 0x0, 0xff, 0xe1, 0x29,
    0x0, 0x6, 0x44, 0x4, 0x40, 0x5, 0x67, 0x89,
    0x30, 0x10, 0xf, 0xfe, 0x3b, 0x77, 0xf3, 0x2,
    0xd4, 0xc3, 0xb0, 0x1, 0x0, 0x38, 0x46, 0x35,
    0x68, 0xa6, 0x0, 0xfe, 0x40, 0xc0, 0xe, 0x30,
    0xc0, 0xe, 0x8e, 0xe6, 0x54, 0xba, 0xc9, 0x0,
    0x7c, 0x26, 0xe, 0x1, 0x88, 0x0, 0xa0, 0x1d,
    0x2a, 0x44, 0x46, 0x60, 0x11, 0x0, 0x3e, 0x40,
    0x21, 0x0, 0xce, 0x4, 0x20, 0x1e, 0xad, 0xd5,
    0xcd, 0x0, 0x80, 0x78, 0x45, 0xe0, 0xc8, 0xac,
    0xc7, 0xe0, 0x3a, 0xbc, 0xee, 0x18, 0x7, 0xe7,
    0x0, 0x67, 0xfd, 0xdc, 0x50, 0x4b, 0xa9, 0x94,
    0x20, 0xa, 0xa1, 0x88, 0xa4, 0x3, 0xce, 0x1,
    0xbc, 0x80, 0x48, 0x86, 0x88, 0x56, 0x77, 0x44,
    0xca, 0xaf, 0x31, 0xbd, 0x40, 0x1f, 0x84, 0x0,
    0x7b, 0xfd, 0xba, 0xcb, 0xb5, 0x4c, 0x41, 0xd9,
    0x8a, 0x86, 0x62, 0x10, 0xf, 0x84, 0x3, 0xff,
    0xae, 0x60, 0x1c, 0xac, 0x20, 0x1c, 0x22, 0x23,
    0x44, 0x8, 0x7, 0xfc, 0x60, 0x1f, 0x1c, 0xf6,
    0xf7, 0xfd, 0xdc, 0xdc, 0xbb, 0x71, 0x0, 0x7f,
    0x84, 0x4, 0x3, 0xa, 0x0, 0x8, 0x40, 0x2,
    0x22, 0x34, 0x30, 0x0, 0x80, 0x7f, 0xf0, 0x3c,
    0x0, 0x9a, 0x64, 0x0, 0xdf, 0xfb, 0xb9, 0xb9,
    0x72, 0x0, 0x30, 0xf, 0xf7, 0x80, 0x53, 0x72,
    0x40, 0x1f, 0xfc, 0x2, 0x3, 0x0, 0xff, 0xe0,
    0xfe, 0x34, 0xa0, 0x0, 0x40, 0x40, 0x3f, 0x70,
    0x28, 0x7, 0xfc, 0x20, 0xe6, 0xec, 0x1, 0x10,
    0x30, 0x7, 0xe2, 0xf, 0x0, 0xfe, 0x5a, 0x60,
    0x3, 0x40, 0x6, 0x70, 0x30, 0xc, 0x23, 0x12,
    0x81, 0x0, 0x7f, 0x94, 0x0, 0xd2, 0x1, 0xc2,
    0x13, 0xff, 0xbb, 0xad, 0x10, 0xf0, 0xf, 0xe5,
    0xb4, 0xa9, 0x0, 0xff, 0xe0, 0x8, 0x88, 0x86,
    0x70, 0x7, 0xfc, 0x96, 0xa0, 0x1f, 0x8, 0x2f,
    0xfd, 0xdc, 0xdd, 0x66, 0x56, 0x1, 0xff, 0xc8,
    0xf2, 0x30, 0xf, 0xfe, 0x20,

    /* U+8BF4 "说" */
    0x0, 0xff, 0xe6, 0x88, 0x7, 0xff, 0x56, 0x79,
    0x0, 0x3f, 0xe3, 0x20, 0xf, 0x87, 0x6c, 0x3,
    0xf2, 0x8c, 0x0, 0x7f, 0xdb, 0xa7, 0x0, 0xf0,
    0x82, 0x58, 0x7, 0x8c, 0x82, 0x80, 0x3f, 0xe9,
    0x8, 0xa0, 0xf, 0x78, 0x24, 0x80, 0x75, 0x1,
    0x30, 0x7, 0xfc, 0xf4, 0xb, 0x60, 0x1c, 0x54,
    0xc, 0xc0, 0xc, 0xc1, 0x20, 0x1f, 0xfc, 0x15,
    0xb0, 0x4b, 0x0, 0xe5, 0x50, 0x49, 0x0, 0x1c,
    0xd, 0x0, 0x3f, 0xf8, 0x49, 0x40, 0x90, 0x1,
    0xd6, 0x21, 0x40, 0x9, 0xe, 0x0, 0xff, 0xe2,
    0x2c, 0x85, 0x80, 0x4, 0x0, 0x3b, 0x10, 0x7,
    0x17, 0x21, 0x20, 0xf, 0xfe, 0x1b, 0x79, 0x80,
    0x33, 0xa6, 0x2b, 0x6f, 0x20, 0x1f, 0xfb, 0x78,
    0x80, 0x3f, 0xf8, 0xca, 0x2c, 0xec, 0xa8, 0x60,
    0x10, 0x90, 0x8, 0x80, 0x3f, 0xf8, 0xdc, 0x7,
    0x79, 0x8d, 0xef, 0xfb, 0xbc, 0x0, 0x60, 0x1f,
    0xc4, 0xae, 0xe1, 0x0, 0xc4, 0xe, 0x86, 0x62,
    0x10, 0xc, 0xc0, 0x40, 0x1c, 0x5d, 0xbd, 0xfb,
    0x51, 0xb, 0x0, 0xce, 0xe, 0x1, 0xfc, 0x20,
    0xc0, 0x1c, 0x4e, 0x42, 0x2, 0x62, 0x18, 0x1,
    0x88, 0x4, 0x3, 0xf8, 0x80, 0x80, 0x3d, 0x3d,
    0xcf, 0xec, 0x20, 0x30, 0xc, 0x20, 0x40, 0x1f,
    0xde, 0x1c, 0x1, 0xf0, 0x88, 0x3, 0x84, 0x3,
    0x84, 0x3, 0xf0, 0x88, 0x80, 0x80, 0x3f, 0xf8,
    0x2, 0xe, 0x1, 0xc6, 0x19, 0x8d, 0xee, 0x7f,
    0xbb, 0x8a, 0x10, 0x1, 0xff, 0xc8, 0x30, 0x33,
    0x10, 0x80, 0x80, 0x11, 0xa, 0x80, 0x1f, 0xfc,
    0x3, 0x1, 0x0, 0xe5, 0xa, 0x70, 0x3e, 0xf0,
    0x5, 0xda, 0xa4, 0x3, 0xff, 0x91, 0x7c, 0xa4,
    0xa, 0x6, 0x1, 0xff, 0xc6, 0x10, 0x30, 0xf,
    0x8, 0x38, 0x78, 0x7, 0xff, 0x28, 0x40, 0x3e,
    0x22, 0x3, 0x80, 0x7f, 0xf0, 0xc, 0x3, 0xff,
    0x80, 0xf6, 0x1, 0x28, 0x20, 0x80, 0x80, 0x7f,
    0x1c, 0x80, 0x7f, 0x86, 0xe6, 0x80, 0x2a, 0xe,
    0x0, 0xc2, 0x1, 0xf3, 0x30, 0x3, 0xf8, 0xf1,
    0x30, 0x40, 0x8, 0x44, 0x50, 0xf, 0xfe, 0x6,
    0x80, 0x7c, 0x20, 0xc, 0x2b, 0x20, 0xa, 0x42,
    0x40, 0x27, 0x0, 0xfe, 0x30, 0xf, 0x1c, 0x80,
    0x52, 0x80, 0x14, 0x13, 0x20, 0x7, 0x18, 0x7,
    0xc8, 0xe0, 0x18, 0xb1, 0xc0, 0x10, 0xc0, 0x12,
    0xb9, 0x48, 0x7, 0x88, 0x3, 0xcc, 0x2, 0x1,
    0x8b, 0x4, 0x52, 0xe0, 0x12, 0x51, 0x60, 0x7,
    0x28, 0x2, 0xd9, 0x56, 0x89, 0xd, 0x0, 0xe3,
    0xee, 0x30, 0x4, 0xb6, 0x58, 0x20, 0x1c, 0x2a,
    0x9, 0x35, 0x53, 0x80, 0x14, 0x3, 0xfe, 0x8a,
    0x6d, 0x10, 0xf, 0xaa, 0x54, 0xc8, 0xa4, 0x6d,
    0x20, 0xf, 0xf3, 0x96, 0x48, 0x7, 0xf9, 0xab,
    0x37, 0x6b, 0x92, 0x0,

    /* U+8D44 "资" */
    0x0, 0xff, 0xe1, 0xb1, 0x80, 0x7f, 0xf4, 0x6f,
    0x18, 0x3, 0xff, 0x9e, 0x24, 0x1, 0xff, 0xc5,
    0x28, 0x30, 0xf, 0xe7, 0x1, 0x60, 0xe, 0x12,
    0x33, 0x0, 0x7a, 0xdf, 0x35, 0x80, 0x3e, 0xa0,
    0x3b, 0xcd, 0xef, 0xf7, 0x6e, 0x64, 0x1, 0xd6,
    0xa0, 0x53, 0xcc, 0x1, 0x90, 0xc0, 0x98, 0x19,
    0x19, 0xe2, 0x4c, 0x3, 0xe2, 0xae, 0x60, 0x19,
    0x70, 0xa, 0x3, 0x3f, 0x43, 0x2a, 0x61, 0xdc,
    0x63, 0xa0, 0x1f, 0xc, 0xea, 0x2, 0x0, 0x10,
    0xdc, 0xc0, 0x7, 0x6, 0x1, 0x30, 0x68, 0x80,
    0x7f, 0x15, 0xf1, 0x88, 0x4a, 0x40, 0x1, 0x0,
    0x4c, 0x2, 0x9b, 0x30, 0xf, 0xfe, 0x1, 0xd4,
    0x33, 0x2c, 0x2, 0x90, 0x70, 0xd, 0xa8, 0x1,
    0xff, 0xc, 0x69, 0xca, 0x58, 0x5, 0x4, 0xd,
    0x0, 0x11, 0x80, 0x7f, 0xcf, 0xef, 0x12, 0x4,
    0x1, 0x33, 0x85, 0x93, 0xe1, 0x0, 0x7f, 0x8a,
    0x3a, 0x2, 0xdc, 0x3, 0xa2, 0x47, 0x13, 0x54,
    0xf6, 0x0, 0x3e, 0x4d, 0xd3, 0x89, 0xfa, 0x0,
    0x66, 0xd7, 0x3c, 0x30, 0x5, 0x48, 0x3f, 0x41,
    0x0, 0x64, 0x10, 0x4, 0x60, 0x80, 0x5, 0xfa,
    0x46, 0xb0, 0x80, 0x33, 0x72, 0x8b, 0xee, 0xa1,
    0x0, 0x19, 0x5a, 0xe0, 0x12, 0xf5, 0x36, 0x61,
    0x40, 0x3c, 0x21, 0x5a, 0xa0, 0x4f, 0x64, 0x0,
    0x52, 0x0, 0x6e, 0x14, 0x50, 0x55, 0x2f, 0x31,
    0xbd, 0xfe, 0xee, 0x61, 0x57, 0x53, 0x49, 0x0,
    0x79, 0xe, 0x22, 0x76, 0x54, 0x22, 0x1, 0x22,
    0x98, 0x18, 0x0, 0x56, 0x58, 0x3, 0xe1, 0x2,
    0xcd, 0xd7, 0x7f, 0xbb, 0x9b, 0x97, 0x48, 0x4,
    0x1, 0xff, 0xc1, 0xe0, 0x13, 0x22, 0x9, 0x54,
    0x8, 0x6, 0x10, 0x10, 0xf, 0xfe, 0x9, 0x80,
    0x80, 0x62, 0x47, 0x90, 0xc, 0x60, 0xc0, 0x1f,
    0xfc, 0x11, 0x3, 0x0, 0xe2, 0x0, 0xf0, 0x81,
    0x80, 0x7f, 0xf0, 0x5c, 0x4, 0x3, 0xef, 0x0,
    0xcc, 0x1c, 0x1, 0xff, 0xc1, 0x10, 0xf, 0x84,
    0x8, 0x3, 0x18, 0x8, 0x7, 0xff, 0x4, 0xc0,
    0x2, 0x1, 0x9, 0x3, 0x80, 0x61, 0x2, 0x0,
    0xff, 0xe0, 0x88, 0x0, 0xc0, 0x29, 0x2, 0x20,
    0x4, 0x40, 0x7, 0x0, 0xff, 0xe0, 0x90, 0x0,
    0x40, 0x4, 0xe1, 0x1, 0x2a, 0x6, 0x20, 0x40,
    0x1f, 0xfc, 0x12, 0x72, 0x10, 0x1f, 0x4, 0x55,
    0x35, 0x73, 0x65, 0x88, 0x7, 0xff, 0xa, 0x34,
    0x8f, 0x8, 0x94, 0xb, 0x22, 0x28, 0xdc, 0x10,
    0xf, 0xfe, 0x18, 0xce, 0x12, 0x60, 0x80, 0x1b,
    0xa4, 0x41, 0xf9, 0xc0, 0x3f, 0xf8, 0x9, 0x5c,
    0xc5, 0x56, 0x20, 0x1c, 0xdd, 0x22, 0x11, 0xa8,
    0x1, 0xe1, 0x5a, 0xeb, 0x53, 0xad, 0x50, 0xf,
    0xe6, 0xe7, 0x2, 0xb0, 0xe, 0x4e, 0xa7, 0x74,
    0xf6, 0x28, 0x7, 0xff, 0x6, 0x30, 0x9c, 0x3,
    0x97, 0x3f, 0x65, 0x84, 0x3, 0xff, 0x88, 0x7b,
    0x0, 0x18,

    /* U+8F7B "轻" */
    0x0, 0xfc, 0x40, 0x1f, 0xfd, 0x54, 0xdb, 0x0,
    0xff, 0xea, 0x38, 0x21, 0x80, 0x7f, 0xf4, 0xd4,
    0x4, 0xc0, 0x3f, 0xf8, 0x42, 0x46, 0x40, 0x1f,
    0xfc, 0x1c, 0x4, 0x0, 0xf3, 0x4c, 0xaa, 0xf3,
    0x7f, 0xdd, 0xb9, 0xb2, 0x1, 0xff, 0xc0, 0x40,
    0xc0, 0xf, 0x2b, 0x31, 0x50, 0xc8, 0x0, 0x24,
    0x1, 0xff, 0xc2, 0x21, 0x0, 0x22, 0xbd, 0x62,
    0x1e, 0x4c, 0xab, 0x37, 0xbf, 0xa8, 0x1, 0x0,
    0x1e, 0x1f, 0xfd, 0xa0, 0x9, 0xba, 0x85, 0x3b,
    0x13, 0x66, 0x29, 0x90, 0x80, 0xc0, 0x40, 0x80,
    0x78, 0x60, 0x0, 0x20, 0x2, 0x57, 0x89, 0xab,
    0xd1, 0x0, 0xfd, 0x0, 0x2e, 0x1, 0xf9, 0xff,
    0xdc, 0x0, 0x8a, 0x87, 0x65, 0x42, 0x0, 0xfc,
    0x6c, 0x16, 0x1, 0xff, 0xc0, 0x50, 0x2, 0x0,
    0x7f, 0xf0, 0x87, 0x81, 0x94, 0x3, 0xff, 0x81,
    0xc0, 0x8f, 0xf2, 0x1, 0xff, 0xc0, 0xa2, 0x24,
    0x80, 0x7f, 0xf0, 0x5, 0x3, 0x98, 0x18, 0x80,
    0x3f, 0xd2, 0x80, 0x52, 0x20, 0x1f, 0xf3, 0x80,
    0x14, 0x3, 0xff, 0x83, 0xc, 0x8, 0xd, 0xec,
    0x1, 0xfe, 0xa0, 0x50, 0xf, 0xfe, 0xb, 0xb8,
    0x2e, 0xd8, 0x43, 0x36, 0x20, 0x1f, 0x19, 0x82,
    0x0, 0x30, 0x93, 0x18, 0x6, 0x88, 0xe, 0x20,
    0x1e, 0xb8, 0x27, 0xa8, 0x7, 0xa8, 0x1, 0x17,
    0xa0, 0xc, 0xd9, 0xd1, 0x0, 0x53, 0x9f, 0x98,
    0x6, 0x8b, 0x11, 0x53, 0x80, 0x73, 0x80, 0x15,
    0x8, 0x0, 0x48, 0xac, 0x27, 0xab, 0x18, 0x20,
    0x1e, 0x4f, 0x30, 0xf0, 0xe, 0xb6, 0x9a, 0xcd,
    0x0, 0x65, 0xd4, 0x3e, 0x27, 0x38, 0x7, 0xf0,
    0xe5, 0x40, 0x7, 0x2c, 0xb2, 0x99, 0x0, 0x71,
    0x87, 0x48, 0x80, 0x7f, 0xf0, 0x14, 0x3, 0xff,
    0x8a, 0xe4, 0x20, 0x1e, 0x11, 0x11, 0xac, 0x18,
    0x7, 0xff, 0x10, 0xa3, 0xa8, 0x4f, 0xb7, 0x5d,
    0xfe, 0xee, 0x6e, 0x53, 0xe2, 0x0, 0x7f, 0xf0,
    0x4, 0x1, 0x8f, 0x3c, 0x86, 0x84, 0x41, 0x10,
    0x0, 0x91, 0x59, 0xe1, 0x80, 0x3f, 0x85, 0xaf,
    0x80, 0xd, 0xce, 0x1, 0x57, 0xfd, 0xc4, 0x17,
    0x6a, 0x98, 0x72, 0x0, 0xe1, 0x38, 0xce, 0x94,
    0x0, 0xa4, 0x40, 0x3f, 0xf9, 0x43, 0xd8, 0xe6,
    0x2, 0xfc, 0x1, 0xff, 0xce, 0x1a, 0x0, 0x25,
    0x74, 0x8, 0x7, 0xff, 0x4, 0xc0, 0xc0, 0x3f,
    0xe5, 0xff, 0x5a, 0x80, 0x7f, 0xff, 0xc0, 0x4,
    0x41, 0x18, 0x88, 0x66, 0x0, 0x63, 0x31, 0xdd,
    0x13, 0x78, 0x60, 0x1f, 0xc2, 0x1, 0x9f, 0x7b,
    0xad, 0xd6, 0x60, 0x41, 0xa6, 0x51, 0x7, 0x64,
    0x3c, 0x10, 0xf, 0xc4, 0x1, 0x95, 0x84, 0x44,
    0x43, 0x32, 0x21, 0x54, 0xcc, 0x77, 0x44, 0x26,
    0x54, 0x20, 0x1f, 0x89, 0x8, 0x2, 0x9e, 0xe6,
    0xeb, 0x31, 0x76, 0xaa, 0x4c, 0xa2, 0xe, 0xe6,
    0x62, 0x80,

    /* U+8F93 "输" */
    0x0, 0xff, 0xef, 0x56, 0x18, 0x7, 0xff, 0x3,
    0xa0, 0x3, 0xff, 0x8c, 0x66, 0x80, 0xf, 0xf8,
    0xc5, 0xe0, 0x3, 0xff, 0x8a, 0xa0, 0x60, 0x1f,
    0xf4, 0x0, 0x28, 0x3, 0xff, 0x88, 0x26, 0x18,
    0x1, 0xfe, 0x54, 0x1, 0x10, 0x7, 0xff, 0x11,
    0xc0, 0x50, 0x3, 0xf8, 0x6c, 0x8, 0x71, 0x0,
    0x3f, 0xf8, 0x7a, 0xe, 0x1, 0x20, 0x80, 0x76,
    0x89, 0x6c, 0x5, 0xb0, 0x7, 0xf3, 0xcc, 0xaa,
    0x88, 0x9, 0xba, 0xfb, 0xf3, 0x0, 0xa4, 0xc7,
    0x1, 0xe8, 0x26, 0x80, 0x3f, 0x1b, 0x31, 0x54,
    0x0, 0x22, 0x80, 0x4d, 0x40, 0xe, 0xc3, 0xa2,
    0x0, 0x5b, 0x5, 0xd3, 0x0, 0xf2, 0x5c, 0xc8,
    0xc1, 0x37, 0xbf, 0xdd, 0xac, 0xb, 0x1, 0xa6,
    0x1, 0xb, 0xd1, 0x13, 0x1c, 0x3, 0xc8, 0xcc,
    0x20, 0xe2, 0x10, 0xe, 0x4a, 0x1, 0xfc, 0xde,
    0xfe, 0xca, 0xa2, 0x4, 0x61, 0x80, 0x79, 0x4,
    0x1e, 0xdc, 0x3, 0x1d, 0x96, 0xb1, 0x98, 0x80,
    0x8d, 0x18, 0xee, 0x0, 0xf2, 0x40, 0x3b, 0x81,
    0x89, 0xe1, 0x80, 0x7, 0x89, 0xa5, 0x1d, 0xfe,
    0xed, 0xcb, 0x94, 0x7, 0xc2, 0x6, 0x70, 0xc,
    0xa1, 0x40, 0xc0, 0x11, 0xeb, 0xc8, 0x4, 0x20,
    0x1f, 0x93, 0x6f, 0x5e, 0x5c, 0x2, 0x60, 0x23,
    0x0, 0xf7, 0xee, 0xb2, 0x6a, 0xf3, 0xa, 0x1,
    0xc8, 0x4e, 0x10, 0xc0, 0x1a, 0x82, 0xc0, 0x38,
    0x58, 0x14, 0xd, 0x95, 0x8, 0xe0, 0x16, 0xcc,
    0x0, 0x20, 0x1f, 0x19, 0x83, 0x2a, 0xd0, 0x27,
    0xab, 0x0, 0x3, 0xdf, 0xec, 0x1, 0x7, 0x4f,
    0x0, 0xff, 0x50, 0x1, 0x54, 0x82, 0x2, 0x68,
    0x80, 0x8, 0x40, 0x3c, 0x40, 0x20, 0x1f, 0xea,
    0x68, 0xab, 0xd4, 0x8, 0xcb, 0x90, 0x1, 0x80,
    0x42, 0x1, 0xff, 0xc4, 0x39, 0x75, 0x42, 0x10,
    0xf, 0x8b, 0xb9, 0xf8, 0x1, 0xfe, 0x10, 0xf,
    0xfe, 0x9, 0x80, 0x78, 0x95, 0x60, 0xf, 0xfe,
    0x68, 0xab, 0x80, 0xb, 0x2e, 0xa0, 0x3, 0xff,
    0x99, 0x1d, 0x8, 0x1, 0xff, 0xcd, 0x15, 0x9d,
    0x50, 0x5, 0x69, 0x80, 0x70, 0xb0, 0x7, 0xff,
    0x8, 0xde, 0x77, 0xa9, 0x88, 0x1, 0x2a, 0x0,
    0x10, 0x2f, 0xf7, 0x58, 0x4, 0x20, 0x1f, 0xe1,
    0x86, 0x20, 0x2, 0xda, 0x80, 0x7c, 0x2a, 0xa6,
    0x60, 0x7, 0xff, 0x8, 0xa8, 0x92, 0x7a, 0x90,
    0x3, 0xf1, 0x55, 0x26, 0xc0, 0x21, 0xe9, 0x0,
    0xc6, 0x1, 0x97, 0x6d, 0x84, 0x3, 0xf1, 0x80,
    0x7f, 0x85, 0x0, 0x3f, 0xf9, 0x8e, 0x1, 0xff,
    0xd7, 0x19, 0x20, 0xe, 0x61, 0x0, 0xff, 0xe2,
    0x30, 0x7, 0x38, 0x0, 0x4b, 0x7c, 0x3, 0x1f,
    0x5b, 0x0, 0x4, 0x3, 0xfe, 0x20, 0xe, 0x30,
    0x10, 0xb3, 0x20, 0x70, 0x2, 0xe2, 0xc8, 0x80,
    0x80, 0x7f, 0xcc, 0xe, 0x1, 0x39, 0x98, 0x1,
    0x8a, 0x30, 0x1, 0x1f, 0xa8, 0x21, 0x0, 0x7f,
    0xd1, 0xe6, 0x1, 0xe, 0x48, 0x5, 0x5c, 0x60,
    0x18, 0x6b, 0xec, 0x3, 0x0,

    /* U+9009 "选" */
    0x0, 0xff, 0xe4, 0x29, 0x0, 0x7f, 0xf5, 0x7b,
    0x6c, 0x3, 0xff, 0xa0, 0x80, 0x16, 0x82, 0x0,
    0x7f, 0xf0, 0x87, 0x74, 0x40, 0x1f, 0xea, 0xe4,
    0x3, 0x0, 0xff, 0xe2, 0x8, 0x16, 0xa0, 0x7,
    0xf0, 0x8b, 0xc0, 0x3f, 0xf8, 0xf8, 0x41, 0x68,
    0x1, 0xf1, 0x80, 0x34, 0x2, 0x10, 0xf, 0xfe,
    0x18, 0xe1, 0x85, 0xa0, 0x7, 0xac, 0x5, 0x80,
    0xc0, 0x4, 0x6a, 0xd0, 0x60, 0x1f, 0xe1, 0xd1,
    0xb, 0x30, 0xe, 0x60, 0x1e, 0xf9, 0x1, 0xdc,
    0xa9, 0x7c, 0x40, 0xf, 0xf0, 0xe0, 0x3, 0x80,
    0x32, 0x88, 0x0, 0x40, 0x32, 0x2b, 0x31, 0xe1,
    0x80, 0x3f, 0xe2, 0xb0, 0xa0, 0xd, 0x21, 0x7d,
    0xfe, 0x90, 0x1b, 0xa9, 0x94, 0x39, 0x0, 0x7f,
    0xf0, 0x13, 0xdc, 0x2, 0x33, 0x3a, 0x8, 0x7,
    0xff, 0x4b, 0xce, 0x0, 0x3f, 0xf9, 0x6, 0x48,
    0xaf, 0x37, 0x8c, 0x0, 0x50, 0xd0, 0xf, 0xfe,
    0x40, 0xe6, 0xdd, 0x43, 0x21, 0xc8, 0x1, 0xb0,
    0x40, 0x30, 0x88, 0x0, 0xac, 0xf1, 0x35, 0x7b,
    0xec, 0x0, 0x1b, 0x23, 0x46, 0x50, 0x5, 0x1e,
    0xc6, 0x6f, 0x73, 0xfd, 0xd0, 0x3, 0x53, 0xe,
    0xca, 0x84, 0x12, 0x60, 0x4, 0xdc, 0xb9, 0x70,
    0x75, 0x36, 0x43, 0x21, 0x10, 0x4, 0x46, 0x20,
    0x7, 0x89, 0x95, 0x5e, 0x69, 0x80, 0x7a, 0x48,
    0xe0, 0x1, 0x79, 0x79, 0xbc, 0xc0, 0x5b, 0x8c,
    0x5, 0xe, 0xcc, 0x54, 0x32, 0x0, 0xf1, 0xb0,
    0xe8, 0x6, 0x34, 0x32, 0x17, 0x5, 0x0, 0xff,
    0xe3, 0xf8, 0x58, 0x80, 0x7e, 0x41, 0xa, 0x0,
    0xff, 0xe3, 0x98, 0x78, 0x80, 0x7e, 0xf0, 0x32,
    0x0, 0xc2, 0x1, 0xe5, 0x70, 0xf, 0x48, 0x2f,
    0xa0, 0x7, 0x8d, 0x2, 0x0, 0x21, 0x0, 0xfd,
    0xf8, 0x1, 0xe6, 0xc1, 0x15, 0xa8, 0x7, 0x78,
    0x2a, 0x0, 0x7f, 0xf0, 0x1d, 0xc0, 0x1f, 0x1f,
    0x98, 0x48, 0x6, 0x73, 0x1b, 0x0, 0xff, 0xe0,
    0x90, 0x7, 0xf0, 0x80, 0x1c, 0x2, 0x38, 0xd,
    0x10, 0xf, 0x8, 0x7, 0x28, 0x7, 0xfa, 0x8c,
    0x24, 0x0, 0x3a, 0x16, 0x60, 0x1d, 0xc0, 0x48,
    0x1, 0xc, 0x3, 0x80, 0x7d, 0xa, 0x18, 0x40,
    0xc, 0x3d, 0x40, 0xf, 0x28, 0x2, 0xfb, 0x75,
    0xc4, 0x1c, 0x1, 0xe8, 0x71, 0xc3, 0x0, 0x42,
    0xe9, 0x0, 0x7c, 0x56, 0x40, 0x24, 0x40, 0x29,
    0x50, 0x9, 0x62, 0xdc, 0x7, 0xae, 0x16, 0xa0,
    0x3, 0xfc, 0x9b, 0xfb, 0x9b, 0xda, 0xc0, 0x13,
    0x53, 0xa0, 0x4, 0x48, 0xf5, 0xbd, 0x70, 0xa4,
    0x1, 0xfc, 0x46, 0x42, 0x1, 0xca, 0x2b, 0x5b,
    0xfd, 0x92, 0xc4, 0x2, 0x8f, 0x5b, 0xf9, 0x2c,
    0x84, 0x1, 0xff, 0xc0, 0x3e, 0xa5, 0x20, 0x13,
    0x69, 0xdf, 0xc8, 0x52, 0x0, 0x1b, 0x4d, 0xef,
    0xed, 0xd4, 0x3b, 0x2a, 0x90, 0xc0, 0x3f, 0xf8,
    0x26, 0xf5, 0xbf, 0x92, 0xc6, 0x20, 0x2, 0x45,
    0x78, 0x9a, 0xa5, 0xe0, 0x80, 0x7f, 0xf1, 0x4d,
    0xa7, 0x3b, 0x99, 0x2e, 0xa6, 0x42, 0x1, 0x40,
    0x80, 0x7f, 0xf2, 0x84, 0xda, 0x2b, 0x37, 0xbf,
    0xe7, 0x0,

    /* U+901A "通" */
    0x0, 0xff, 0xe2, 0x9, 0x1a, 0x2b, 0x3c, 0x4d,
    0x51, 0x80, 0x3f, 0xa6, 0x80, 0x3e, 0xde, 0xff,
    0x76, 0xe5, 0xd4, 0xc3, 0xb2, 0xaa, 0x48, 0x3,
    0xf2, 0x2e, 0x88, 0x7, 0x48, 0x4, 0x46, 0x8a,
    0xcf, 0x12, 0x60, 0x8, 0x20, 0xf, 0xd8, 0x44,
    0xc1, 0x0, 0xc9, 0xdf, 0xec, 0xbb, 0x54, 0xc3,
    0x69, 0x8d, 0xb8, 0x7, 0xf0, 0xf8, 0x96, 0x8,
    0x7, 0xcd, 0x1a, 0x60, 0xbe, 0x88, 0xf4, 0x0,
    0xff, 0x8b, 0x0, 0xb4, 0x3, 0xe7, 0x82, 0xcb,
    0xa0, 0x9b, 0x10, 0xf, 0xfe, 0x9, 0x58, 0x1c,
    0x0, 0x18, 0x80, 0x27, 0xd2, 0x41, 0xa5, 0x45,
    0x66, 0x80, 0x3f, 0xe4, 0x81, 0xb0, 0x6, 0x6e,
    0x63, 0x7b, 0x48, 0x6, 0xf2, 0xea, 0x66, 0x80,
    0xf, 0xf9, 0xf8, 0xc0, 0x18, 0x6, 0x62, 0x11,
    0x10, 0xa, 0xb3, 0xc4, 0x98, 0x78, 0x7, 0xff,
    0x19, 0xff, 0xee, 0xf0, 0x2a, 0x98, 0x76, 0x50,
    0xf, 0x88, 0x49, 0x15, 0xe2, 0x98, 0x3, 0xff,
    0x9b, 0x9d, 0xb7, 0x50, 0xeb, 0x24, 0x1, 0xe1,
    0x27, 0x1, 0x45, 0x67, 0x85, 0x0, 0xfa, 0x84,
    0x46, 0xac, 0x0, 0x72, 0x0, 0x9f, 0xfd, 0xdb,
    0x40, 0x57, 0x53, 0xe, 0x60, 0x1f, 0x27, 0x73,
    0x28, 0xc0, 0xe0, 0x3, 0x9, 0xa2, 0xb2, 0x81,
    0x4d, 0x52, 0xf1, 0x40, 0x3f, 0xe5, 0x50, 0xe8,
    0x7, 0x36, 0x5d, 0x4c, 0x80, 0x59, 0x54, 0x86,
    0x60, 0xf, 0xf0, 0xd8, 0x50, 0x80, 0x7f, 0xf4,
    0x60, 0x5d, 0x0, 0x30, 0x80, 0x70, 0xb8, 0xa,
    0x2a, 0x99, 0x8a, 0x1, 0xfe, 0x50, 0x21, 0x0,
    0xf3, 0xff, 0xdd, 0x60, 0x57, 0x54, 0x99, 0x18,
    0x7, 0xfb, 0xc5, 0x7d, 0x0, 0x38, 0x91, 0x59,
    0x8a, 0x5, 0x54, 0xbc, 0xd5, 0xf, 0x0, 0xfc,
    0x7e, 0x83, 0x6a, 0x1, 0x96, 0xea, 0x66, 0x1,
    0x55, 0x21, 0x91, 0x0, 0x3f, 0xe1, 0xb7, 0xb,
    0x0, 0xfe, 0x70, 0xf, 0xfe, 0x49, 0x81, 0x80,
    0x3c, 0x3, 0xc2, 0x1, 0xff, 0xc8, 0x84, 0x9,
    0x0, 0x8, 0x7, 0x8c, 0x2, 0xa8, 0x20, 0xf,
    0xfe, 0xb, 0x38, 0x52, 0x0, 0xc, 0x3, 0xca,
    0xe, 0x16, 0xbb, 0x88, 0x1, 0xfe, 0x69, 0x9,
    0x50, 0xb, 0x8b, 0xc0, 0x31, 0xe7, 0x80, 0xea,
    0x19, 0x80, 0x3c, 0x33, 0x9d, 0x20, 0x9, 0xfc,
    0x84, 0x5d, 0x70, 0xe, 0x34, 0x0, 0xae, 0x0,
    0x68, 0x3, 0x3b, 0x18, 0x92, 0x18, 0x81, 0xbd,
    0xf7, 0x29, 0xd0, 0x40, 0x3f, 0x3f, 0x70, 0x80,
    0x32, 0x22, 0x3b, 0x6f, 0x3b, 0x94, 0xe6, 0x2,
    0xb1, 0x7d, 0xcb, 0x85, 0x20, 0xc, 0x20, 0x1e,
    0x2b, 0x71, 0x0, 0xc2, 0xb1, 0x9f, 0x90, 0xa2,
    0x2, 0x8f, 0x5b, 0xfb, 0x72, 0xec, 0x88, 0x32,
    0x0, 0xff, 0xe1, 0x1b, 0xd7, 0x72, 0xe1, 0x4,
    0x0, 0x48, 0xd1, 0x37, 0x6c, 0xd5, 0x0, 0xff,
    0xe2, 0x8a, 0x3d, 0xf7, 0x32, 0x9d, 0x4c, 0x84,
    0x0, 0x8a, 0x1, 0xff, 0xca, 0x13, 0x58, 0xac,
    0xde, 0xff, 0x58, 0x0,

    /* U+9053 "道" */
    0x0, 0xff, 0xe1, 0x90, 0x7, 0xe7, 0xa0, 0xf,
    0xfe, 0x53, 0x6c, 0x0, 0x7d, 0x6b, 0x40, 0x1f,
    0xee, 0xa0, 0xf, 0xe5, 0x7, 0xa0, 0xe, 0x53,
    0x2, 0x0, 0xff, 0x1a, 0xe0, 0x80, 0x7c, 0x76,
    0xb, 0x40, 0x10, 0xd8, 0x1c, 0x0, 0x7f, 0xb0,
    0x4f, 0x4, 0x3, 0xe4, 0xa0, 0x55, 0x0, 0x28,
    0x4f, 0x0, 0x3f, 0xe1, 0xc1, 0x2d, 0x0, 0xfc,
    0xb0, 0x68, 0x12, 0x83, 0xa, 0xcf, 0x17, 0x42,
    0x1, 0xe2, 0xd0, 0x3b, 0x4, 0x88, 0x4d, 0x5e,
    0x51, 0x77, 0xb0, 0xd, 0xd4, 0xc3, 0xa2, 0xd0,
    0x7, 0xc7, 0x20, 0x8c, 0xc7, 0x73, 0x2a, 0x19,
    0x0, 0x46, 0xac, 0xf1, 0x35, 0x79, 0xb6, 0x1,
    0xf9, 0x98, 0x48, 0x5b, 0x79, 0xbd, 0xfe, 0xe3,
    0x4, 0xa9, 0x87, 0x65, 0x43, 0x20, 0xf, 0xf4,
    0xe9, 0x1, 0x21, 0x90, 0x80, 0x1c, 0xc6, 0x80,
    0x3f, 0xf9, 0xc6, 0x20, 0x90, 0x38, 0x42, 0x46,
    0x8a, 0x20, 0x1f, 0x19, 0x1a, 0x34, 0x4d, 0xd0,
    0x80, 0x5d, 0xcc, 0xb0, 0x1d, 0xfe, 0xdc, 0xba,
    0xe2, 0x0, 0xf7, 0xee, 0x5c, 0xbb, 0x22, 0xb0,
    0x4, 0x80, 0x60, 0x24, 0x66, 0x45, 0x67, 0x0,
    0x30, 0x7, 0xb5, 0x4d, 0x5a, 0x4, 0xd, 0xc0,
    0x21, 0x7, 0xfe, 0xdc, 0xc5, 0xd4, 0xc0, 0x1,
    0x80, 0x3c, 0x35, 0x95, 0x20, 0x22, 0xd0, 0xd,
    0xe0, 0x20, 0x1e, 0x12, 0x40, 0x1, 0x80, 0x7f,
    0x8a, 0x2, 0x84, 0x3, 0x8, 0x3e, 0xeb, 0xbf,
    0xee, 0xdb, 0x0, 0x8, 0x7, 0xfb, 0x82, 0x10,
    0x3, 0xe1, 0x30, 0x23, 0x45, 0x53, 0x28, 0x7,
    0xff, 0x1, 0x4c, 0xce, 0x1, 0xe3, 0x4, 0xed,
    0xcc, 0x5d, 0x52, 0x64, 0x2, 0x1, 0xfe, 0xc0,
    0x24, 0x0, 0xff, 0xe2, 0xb, 0x1, 0x80, 0x7f,
    0xac, 0x86, 0xe0, 0x3, 0x84, 0x13, 0x37, 0x5d,
    0xff, 0x75, 0x0, 0x80, 0x7f, 0x8b, 0x14, 0x1e,
    0xc0, 0x33, 0x80, 0x8, 0xc0, 0x91, 0xa, 0xc8,
    0xe, 0x1, 0xff, 0xd, 0x40, 0x22, 0x0, 0x38,
    0xbb, 0x9b, 0x97, 0x6a, 0x9d, 0x1, 0x0, 0xff,
    0xe0, 0x98, 0x1, 0xc0, 0x21, 0x3, 0x0, 0xfc,
    0x20, 0x60, 0x1f, 0xfc, 0x4, 0xb0, 0x63, 0x0,
    0xe1, 0x66, 0x3b, 0xa2, 0x13, 0x2b, 0x2, 0x0,
    0xff, 0x8e, 0xc1, 0x64, 0x3, 0xe9, 0x94, 0x41,
    0xdc, 0xcc, 0x30, 0x45, 0x0, 0xfe, 0x3c, 0x6,
    0xa0, 0xf, 0xcc, 0xee, 0x88, 0x4c, 0xaa, 0x97,
    0x88, 0x1, 0xc2, 0xf5, 0x98, 0x0, 0x37, 0x5b,
    0x98, 0x0, 0x98, 0xa6, 0x20, 0xee, 0x66, 0x2a,
    0x90, 0xc4, 0x3, 0xa6, 0x14, 0xc0, 0x84, 0x5,
    0x23, 0x3f, 0x27, 0xfc, 0x1, 0xff, 0xc5, 0xc3,
    0x8e, 0xfd, 0xef, 0xd9, 0x52, 0x3, 0x69, 0xdf,
    0xc9, 0x74, 0x10, 0xf, 0xf9, 0x31, 0xc4, 0x3,
    0x13, 0x56, 0xf5, 0x39, 0x80, 0xd, 0xa2, 0xfb,
    0xf6, 0xe5, 0xd5, 0xc, 0xc4, 0x1, 0xff, 0xc1,
    0x15, 0x8c, 0xfc, 0x96, 0x30, 0x8, 0x91, 0xa2,
    0xaf, 0x31, 0xae, 0x1, 0xff, 0xc5, 0x36, 0x9c,
    0xfe, 0xb9, 0x64, 0x21, 0x0, 0x89, 0xc0, 0x3f,
    0xf9, 0x42, 0x8d, 0x37, 0xbd, 0xfe, 0xed, 0x0,

    /* U+91CF "量" */
    0x0, 0xe1, 0x0, 0xff, 0xe2, 0x8, 0x7, 0xff,
    0x6, 0xf9, 0xd1, 0x59, 0xe2, 0x6a, 0xf3, 0x75,
    0xdf, 0xee, 0xf6, 0x0, 0xff, 0xb8, 0x62, 0xea,
    0x61, 0xd9, 0x50, 0x80, 0x55, 0x4c, 0x0, 0xe0,
    0xf, 0xf9, 0x0, 0x13, 0x57, 0x9b, 0xdf, 0xee,
    0xdc, 0xba, 0x90, 0x6, 0x80, 0x7f, 0xf0, 0x91,
    0x50, 0xc8, 0x40, 0x44, 0x46, 0x8a, 0xc0, 0x6,
    0x0, 0xff, 0xe0, 0x10, 0x76, 0x63, 0x7b, 0xfd,
    0xdc, 0xdc, 0xba, 0x90, 0x1, 0x80, 0x7f, 0xf0,
    0x18, 0x8, 0x1d, 0x91, 0x9e, 0x26, 0xa9, 0x79,
    0x20, 0x20, 0x1f, 0xfc, 0x11, 0x8, 0xcb, 0xb5,
    0x4c, 0x3b, 0x2a, 0x90, 0xc0, 0xa, 0x1, 0xff,
    0xc1, 0x30, 0xd6, 0x77, 0x44, 0xd5, 0x2f, 0x37,
    0xb9, 0x20, 0x84, 0x1, 0xff, 0xc0, 0x10, 0x49,
    0x88, 0x3b, 0x2a, 0xc4, 0x4, 0xa8, 0xac, 0x20,
    0x1f, 0xfc, 0xd, 0x3, 0xbc, 0xde, 0xe7, 0xfb,
    0xb9, 0xb9, 0x75, 0x76, 0x4, 0x42, 0xc2, 0x81,
    0x91, 0xc, 0xc8, 0x10, 0x87, 0x77, 0xd9, 0xba,
    0xef, 0xf7, 0x73, 0x72, 0xed, 0x4f, 0x4b, 0x1b,
    0xac, 0xc5, 0xd4, 0x3c, 0x3b, 0x2a, 0x90, 0xc8,
    0x82, 0x22, 0x33, 0x22, 0xb3, 0x1e, 0x25, 0x29,
    0x91, 0x54, 0xcf, 0x13, 0x2a, 0xbc, 0xc6, 0xf7,
    0xfd, 0xdb, 0x98, 0xba, 0x99, 0x43, 0xb0, 0x8a,
    0x6e, 0xa9, 0x70, 0xec, 0xc5, 0x43, 0x31, 0x8,
    0x88, 0xd1, 0xa, 0xce, 0x60, 0x1f, 0xf7, 0xfa,
    0xee, 0xcd, 0xef, 0xfb, 0xb7, 0x2e, 0xd5, 0x31,
    0x84, 0x1, 0xfe, 0x50, 0x45, 0x50, 0x89, 0x50,
    0x0, 0xcf, 0x10, 0x9a, 0x80, 0x1, 0x0, 0x7f,
    0xb8, 0x17, 0xb9, 0xb9, 0x74, 0x0, 0x98, 0x77,
    0x32, 0x88, 0x10, 0x7, 0xfc, 0x40, 0xef, 0x44,
    0xca, 0x80, 0x19, 0x8d, 0xef, 0xf4, 0x83, 0x80,
    0x7f, 0xce, 0x5, 0x10, 0x76, 0x62, 0x80, 0x4e,
    0xe4, 0x67, 0x20, 0xd0, 0xf, 0xf8, 0x40, 0x1b,
    0xdf, 0xf6, 0x0, 0x32, 0xea, 0x93, 0xc, 0x4,
    0x1, 0xff, 0x18, 0x0, 0x84, 0x2, 0x10, 0x1,
    0x99, 0x10, 0xab, 0x0, 0x80, 0x7f, 0xc2, 0x0,
    0xee, 0x7f, 0xd8, 0x0, 0xcc, 0x5d, 0xaa, 0x82,
    0x10, 0x1, 0xff, 0xc2, 0x24, 0x66, 0x3b, 0x0,
    0x26, 0xa9, 0x79, 0x8d, 0xd6, 0x0, 0x7f, 0xf0,
    0x2d, 0xb6, 0xa6, 0x51, 0x60, 0x6, 0x55, 0x21,
    0x98, 0x80, 0x80, 0x3f, 0xea, 0xd0, 0xba, 0xbb,
    0xb8, 0x1, 0x9b, 0xae, 0xe7, 0xfb, 0x74, 0xc0,
    0x1f, 0xec, 0x66, 0x2a, 0x91, 0x23, 0x0, 0x8,
    0xca, 0xb9, 0x98, 0x40, 0x1f, 0xe6, 0xed, 0xee,
    0x7f, 0xda, 0x3, 0xb9, 0x8b, 0xb5, 0x52, 0x64,
    0x80, 0x1f, 0xf0, 0x90, 0x88, 0x3, 0xff, 0x88,
    0x22, 0x42, 0x7, 0x98, 0x84, 0xcd, 0x54, 0xbb,
    0xb3, 0xc0, 0x77, 0x5d, 0xd7, 0xff, 0x77, 0x2f,
    0x58, 0xd9, 0xdc, 0xcd, 0x2a, 0x91, 0x23, 0x20,
    0x1, 0x10, 0x47, 0xc4, 0x58, 0xcc, 0x9, 0xb7,
    0x76, 0x65, 0xbb, 0xbb, 0xaf, 0xff, 0x77, 0x5b,
    0xbb, 0x30, 0xc0,

    /* U+95FB "闻" */
    0x0, 0xff, 0xea, 0xaf, 0xb8, 0x7, 0xff, 0x10,
    0x48, 0xd1, 0x58, 0xc0, 0x3d, 0x10, 0x0, 0xd1,
    0x14, 0xd5, 0xe6, 0xf7, 0xfb, 0xb7, 0x2e, 0xa7,
    0x8, 0x2, 0x57, 0x7, 0x80, 0xb, 0xdd, 0xcc,
    0xa8, 0x64, 0x20, 0x18, 0x48, 0x80, 0x1f, 0x42,
    0x83, 0xb0, 0x1, 0xdc, 0xac, 0xf1, 0x35, 0x79,
    0xbf, 0xee, 0xde, 0x0, 0x18, 0x7, 0x51, 0x4,
    0x90, 0x2, 0x2a, 0x61, 0xd9, 0x50, 0xc8, 0x3,
    0xff, 0x85, 0xe0, 0x6, 0x0, 0xff, 0xe4, 0x88,
    0x6, 0x2a, 0xa2, 0x0, 0x7f, 0xf1, 0x1c, 0x2,
    0x1f, 0xe6, 0x0, 0x95, 0x40, 0x1f, 0xfc, 0x1,
    0x30, 0xf, 0x85, 0x86, 0x0, 0xe, 0xa8, 0xac,
    0xf1, 0x9, 0xab, 0xcd, 0xef, 0xec, 0xa0, 0xe,
    0x10, 0xe0, 0xd, 0x95, 0x75, 0x30, 0xee, 0x65,
    0x43, 0x21, 0x0, 0xb, 0x0, 0x7f, 0xf0, 0x2d,
    0x95, 0x0, 0x11, 0x35, 0x79, 0xa2, 0x1b, 0xfd,
    0x80, 0x1f, 0xfc, 0x19, 0xa9, 0x0, 0x3b, 0x2a,
    0x19, 0x0, 0x7f, 0xf2, 0xc4, 0x62, 0x33, 0x20,
    0x80, 0x7c, 0x20, 0x1f, 0xfc, 0x21, 0xee, 0x6e,
    0x62, 0xc0, 0x3f, 0xf9, 0x86, 0x8a, 0xa6, 0x70,
    0xf, 0xfe, 0x58, 0xe5, 0xd5, 0x26, 0x0, 0x3f,
    0xf9, 0x82, 0x22, 0x34, 0x50, 0xf, 0xfe, 0x58,
    0xf7, 0x37, 0x2e, 0x80, 0x3f, 0x18, 0x7, 0xff,
    0xc, 0x8d, 0x10, 0xac, 0x1, 0xff, 0xcb, 0x1d,
    0xcb, 0xb5, 0x48, 0x7, 0xff, 0xc, 0x40, 0x3f,
    0xf8, 0x24, 0x0, 0xa9, 0xcf, 0x70, 0x8, 0x40,
    0x3c, 0x24, 0x4, 0x80, 0x33, 0x79, 0xdf, 0xa0,
    0x7, 0x63, 0x9, 0x0, 0xff, 0x16, 0xfe, 0xc8,
    0x1, 0x90, 0xc4, 0x46, 0x0, 0x8a, 0xce, 0xe0,
    0x7, 0xf8, 0xe4, 0xd1, 0x5e, 0x6b, 0x3b, 0xfb,
    0x0, 0xa, 0xa3, 0x10, 0x0, 0x80, 0x7f, 0x36,
    0x5d, 0x43, 0x29, 0x88, 0x7, 0x18, 0x7, 0xff,
    0x38, 0x80, 0x3f, 0xfa, 0x22, 0x0, 0x31, 0x0,
    0xf1, 0x80, 0x38, 0x3, 0xff, 0x86, 0x72, 0xa3,
    0xf4, 0x60, 0x1f, 0x10, 0x7, 0xff, 0x11, 0xa8,
    0xf1, 0xb3, 0x63, 0x40, 0x31, 0x80, 0x7f, 0xf1,
    0xcb, 0x24, 0xdd, 0x40, 0x34, 0xa9, 0x80, 0x7f,
    0xf1, 0xdb, 0xa0, 0x86, 0x40,

    /* U+9759 "静" */
    0x0, 0xff, 0xe4, 0x8c, 0x0, 0x7f, 0xf1, 0xdb,
    0xe4, 0x3, 0xfe, 0x27, 0xd0, 0xf, 0xfe, 0x32,
    0x3, 0x0, 0x7f, 0xd6, 0x6, 0x1, 0xff, 0xc6,
    0x20, 0x0, 0x80, 0x7f, 0x94, 0x24, 0x3, 0xff,
    0x92, 0x64, 0x6c, 0x40, 0x1c, 0xa4, 0x2e, 0x1,
    0xff, 0xc1, 0xcc, 0x5e, 0x6f, 0x0, 0x37, 0x59,
    0x3a, 0x80, 0x1a, 0x40, 0xea, 0xf3, 0x7b, 0x88,
    0x1, 0xf4, 0x9a, 0x19, 0xc0, 0x5, 0x67, 0x89,
    0x50, 0x9, 0x4c, 0x9, 0x50, 0xc8, 0x44, 0x60,
    0x1f, 0x2f, 0xfd, 0xda, 0x0, 0xa9, 0x87, 0x61,
    0x0, 0xd, 0x8e, 0x6f, 0x7f, 0x8c, 0x11, 0xc0,
    0x3f, 0xf8, 0x64, 0x6c, 0xa0, 0x1a, 0xc7, 0x4c,
    0x84, 0x18, 0xc6, 0x80, 0x3f, 0xa3, 0xfb, 0xfc,
    0x0, 0xdc, 0x9a, 0x80, 0x3, 0x2d, 0x18, 0x4,
    0x30, 0x1a, 0x20, 0x1f, 0xd0, 0xc4, 0x8a, 0x0,
    0x89, 0xab, 0x90, 0x39, 0xa5, 0x0, 0xda, 0x32,
    0x60, 0x1f, 0xf4, 0xe5, 0xd0, 0x1, 0xd9, 0x50,
    0x42, 0xe4, 0xd5, 0x9e, 0x2c, 0xc2, 0xb7, 0xbe,
    0x80, 0x3f, 0xc2, 0x40, 0x4, 0x56, 0x78, 0xbd,
    0x79, 0xa9, 0x87, 0x40, 0x1, 0x90, 0x82, 0x88,
    0x5, 0x5d, 0xd7, 0xfb, 0xb4, 0x1, 0x75, 0x30,
    0xe9, 0x47, 0x8e, 0xe8, 0x80, 0x2, 0xf3, 0x64,
    0x4, 0x40, 0x14, 0x18, 0x81, 0x10, 0xd1, 0x59,
    0xe2, 0x6a, 0xf3, 0x48, 0xe2, 0xe, 0xc0, 0x4,
    0x32, 0x0, 0x10, 0x6, 0x2d, 0xfc, 0xdd, 0x65,
    0xd4, 0xc3, 0xb2, 0xa1, 0x90, 0x7, 0xfd, 0xc0,
    0xe6, 0xa4, 0x1, 0xa7, 0xee, 0xaf, 0x37, 0x5d,
    0xfe, 0x54, 0xa9, 0x95, 0x5e, 0x60, 0x1, 0xff,
    0x38, 0x26, 0x56, 0x8, 0x5, 0x80, 0x8a, 0x86,
    0x44, 0x1, 0xf, 0x54, 0x66, 0x2a, 0x19, 0x0,
    0x8, 0xd0, 0x40, 0xdd, 0xd0, 0x20, 0x10, 0x82,
    0x6f, 0x73, 0xfd, 0xd2, 0x0, 0x1e, 0xcc, 0x6f,
    0x7e, 0x80, 0x37, 0x2d, 0x42, 0x62, 0xc, 0x1,
    0xe2, 0x20, 0x88, 0x3, 0xf1, 0x98, 0x84, 0x3,
    0xe7, 0x1, 0x0, 0xf8, 0x41, 0xef, 0x37, 0x5d,
    0xf0, 0x1, 0xff, 0xc3, 0x20, 0x60, 0xf, 0xe1,
    0x43, 0x23, 0x2, 0x10, 0xc, 0x28, 0x66, 0x45,
    0x0, 0x3c, 0x48, 0x80, 0x80, 0x7d, 0xe0, 0xdf,
    0xf7, 0x73, 0x60, 0x3, 0x1d, 0xe6, 0x2e, 0x0,
    0x10, 0xec, 0x0, 0xf0, 0xf, 0xe1, 0x0, 0xff,
    0x8a, 0xd5, 0x15, 0x0, 0x11, 0x35, 0x4b, 0xe0,
    0xf, 0x84, 0x16, 0xf3, 0x1b, 0xdc, 0x90, 0x10,
    0x9, 0x2a, 0xea, 0x0, 0xe, 0xca, 0xa4, 0x20,
    0xf, 0x8c, 0x9, 0xc, 0xc4, 0x22, 0x0, 0xff,
    0xe0, 0x8, 0x7, 0xff, 0xd, 0xf7, 0xb9, 0xff,
    0x48, 0x7, 0xff, 0x34, 0x43, 0x88, 0x44, 0x1,
    0xff, 0xe0, 0x30, 0x9, 0xc0, 0x3f, 0xf8, 0x6e,
    0x6, 0x0, 0xc7, 0x20, 0x30, 0xe, 0x9c, 0x30,
    0xf, 0xfe, 0x29, 0x0, 0x6f, 0x9d, 0xd4, 0x83,
    0x80, 0x54, 0xd9, 0x78, 0x1, 0xff, 0xc3, 0x10,
    0x10, 0x1, 0xf3, 0x11, 0x80, 0x7a, 0xa1, 0x1c,
    0xc, 0x3, 0xff, 0x83, 0x48, 0xc0, 0x1a, 0x71,
    0x6, 0x0, 0x39, 0xf0, 0xc6, 0x0, 0x3f, 0xc0,

    /* U+97F3 "音" */
    0x0, 0xff, 0xe1, 0x90, 0x7, 0xff, 0x50, 0x77,
    0xe0, 0x3, 0xff, 0xa4, 0x2a, 0xc, 0x1, 0xff,
    0xd3, 0x20, 0xf, 0xfe, 0xaf, 0x80, 0x7f, 0x84,
    0x80, 0x3f, 0xf8, 0xa2, 0x44, 0x3e, 0x1, 0x78,
    0x9a, 0xbc, 0xde, 0xe6, 0xb8, 0x7, 0xf3, 0xf6,
    0xeb, 0xbf, 0xdd, 0xba, 0xc6, 0x0, 0x43, 0xb2,
    0xa1, 0x90, 0x80, 0x20, 0x40, 0x3f, 0x39, 0x14,
    0x20, 0x1, 0x23, 0x45, 0x66, 0x3c, 0x49, 0xa5,
    0xe6, 0xf7, 0xf8, 0x40, 0x3f, 0xb3, 0xb9, 0xf6,
    0x9, 0xb9, 0x75, 0x32, 0x87, 0x61, 0x42, 0x32,
    0x10, 0xf, 0xfe, 0x8, 0x88, 0x14, 0x56, 0x0,
    0x3e, 0x32, 0xd, 0x0, 0xff, 0xe3, 0x8d, 0x3,
    0xb0, 0x7, 0xa0, 0x1, 0x20, 0x1f, 0xfc, 0x84,
    0x60, 0x92, 0x0, 0xca, 0x81, 0x64, 0x1, 0xff,
    0xc9, 0x91, 0xa, 0x0, 0x8a, 0x82, 0x90, 0x3,
    0xc2, 0x4c, 0x40, 0x1f, 0xe1, 0x23, 0x60, 0xf6,
    0x77, 0x78, 0xf, 0xde, 0x6e, 0xbb, 0xfd, 0xdb,
    0x3a, 0x91, 0xb9, 0x8d, 0xef, 0xfb, 0xb7, 0x1c,
    0x22, 0x62, 0x4, 0x2, 0xa8, 0x64, 0x41, 0x0,
    0xe1, 0xca, 0x33, 0x88, 0x40, 0x38, 0x48, 0xcc,
    0x8a, 0xcc, 0x78, 0x99, 0x55, 0xe6, 0xeb, 0xbf,
    0xee, 0x82, 0xfb, 0xb6, 0x63, 0x7b, 0xfe, 0xed,
    0xcc, 0x5d, 0x4c, 0xa1, 0xd9, 0x8a, 0x86, 0x44,
    0x10, 0xf, 0xa, 0x20, 0xcc, 0x42, 0x1, 0xff,
    0xd5, 0x49, 0x40, 0xc, 0x24, 0x43, 0x45, 0x53,
    0x3c, 0x41, 0x40, 0x3f, 0xf8, 0x6c, 0xcb, 0xff,
    0xdd, 0xba, 0xcb, 0xaa, 0x4c, 0x3b, 0xa9, 0x40,
    0x3f, 0xf8, 0x44, 0x1, 0xe1, 0x22, 0x1a, 0x2a,
    0x99, 0xd4, 0x0, 0xc0, 0x1f, 0xfc, 0x32, 0x7,
    0xff, 0xbb, 0x75, 0x97, 0x54, 0x98, 0xf0, 0x1,
    0x0, 0x7f, 0xf0, 0xd8, 0x4, 0x3, 0xff, 0x80,
    0x60, 0x1, 0x0, 0xff, 0xe1, 0x88, 0x18, 0x7,
    0x84, 0x44, 0x43, 0x4c, 0x1, 0x0, 0xff, 0xe2,
    0x10, 0x2e, 0xf7, 0x3f, 0xee, 0xe6, 0xeb, 0x2d,
    0x40, 0x80, 0x3f, 0xf8, 0x9e, 0x0, 0x21, 0x10,
    0x9, 0x10, 0xcc, 0x8a, 0xa2, 0x7, 0x0, 0xff,
    0xe2, 0x10, 0xf, 0xfe, 0xed, 0xd6, 0x62, 0xea,
    0x8c, 0x4, 0x1, 0xff, 0xc4, 0x10, 0x10, 0xf,
    0xfe, 0x3, 0x80, 0x80, 0x7f, 0xf1, 0x1c, 0x3,
    0xff, 0x80, 0x22, 0x20, 0xe0, 0xf, 0xfe, 0x21,
    0x0, 0x37, 0x5d, 0xcf, 0xff, 0x77, 0x4, 0x34,
    0x3, 0xff, 0x8e, 0x44, 0x11, 0x0, 0x7f, 0xa,
    0x88, 0x7, 0xff, 0xc, 0xc0, 0x13, 0xba, 0xee,
    0xbf, 0xfe, 0xee, 0x8, 0x7, 0xff, 0xc, 0xa0,
    0x48, 0xa1, 0x18, 0x3, 0xff, 0x8a,

    /* U+9891 "频" */
    0x0, 0xfc, 0x2e, 0x80, 0x1f, 0xfd, 0x31, 0xab,
    0x70, 0xf, 0xfe, 0x9a, 0x7, 0x80, 0x7f, 0xf1,
    0xc8, 0x3, 0xff, 0x8e, 0x84, 0x68, 0xac, 0xf1,
    0x35, 0x79, 0xbf, 0xb6, 0x1, 0xca, 0x80, 0x1d,
    0xe0, 0x18, 0x6f, 0x72, 0xea, 0x61, 0xd9, 0x50,
    0xc8, 0x49, 0xcc, 0x3, 0x6d, 0xe0, 0x7, 0xc6,
    0xa3, 0x68, 0x85, 0x67, 0x50, 0x5c, 0xef, 0xf7,
    0x6e, 0x18, 0x6, 0xb0, 0x10, 0xd, 0x1f, 0xec,
    0xac, 0x4b, 0xb5, 0x4c, 0x68, 0x21, 0x88, 0x7,
    0xf8, 0x40, 0xc0, 0x31, 0x22, 0xb3, 0xc8, 0x7,
    0xa4, 0x28, 0x3, 0xff, 0x80, 0x60, 0x1e, 0xbb,
    0x54, 0xc2, 0x80, 0x74, 0x8b, 0xa0, 0x4, 0x20,
    0x1f, 0xfc, 0xa6, 0xfa, 0x96, 0x4, 0xde, 0xff,
    0x77, 0x8, 0x3, 0xc2, 0x2, 0x0, 0x30, 0xf,
    0xc8, 0xa, 0xc0, 0x3, 0x20, 0x23, 0x1, 0x60,
    0xf, 0xfe, 0x10, 0x91, 0xb4, 0x9, 0x0, 0x2f,
    0x37, 0xbf, 0xb7, 0x0, 0xc, 0x0, 0x4a, 0x99,
    0x50, 0x3, 0x79, 0x42, 0x7b, 0x72, 0x5f, 0x0,
    0x24, 0x33, 0x0, 0x7c, 0x60, 0x4, 0x76, 0x62,
    0x80, 0x8, 0x2, 0x35, 0x67, 0x89, 0x90, 0x7,
    0x37, 0x68, 0x80, 0x7e, 0xcb, 0xcd, 0xef, 0xf7,
    0x8, 0x7d, 0x4c, 0x3b, 0x20, 0x7, 0x30, 0x11,
    0x0, 0x40, 0x2, 0x1, 0xa, 0x19, 0x43, 0x0,
    0x7e, 0xe5, 0x0, 0xff, 0xe5, 0x3c, 0xa8, 0x7,
    0x8c, 0x68, 0x40, 0x40, 0x40, 0x30, 0x81, 0x80,
    0x7f, 0x10, 0x80, 0x80, 0x79, 0x0, 0x84, 0x3,
    0xf1, 0x80, 0x42, 0x1, 0xf5, 0x82, 0x20, 0x3,
    0xd6, 0xa, 0x0, 0x30, 0x8, 0xc0, 0x2, 0x1,
    0xfe, 0x16, 0x9, 0x0, 0xf1, 0x18, 0x50, 0x6,
    0x30, 0x10, 0xc, 0x20, 0x60, 0x1e, 0x80, 0x92,
    0x0, 0x8, 0x5, 0x60, 0x64, 0x1, 0xe6, 0x1,
    0x0, 0xc2, 0x1, 0xc6, 0xca, 0xc0, 0x1e, 0x26,
    0x8, 0x0, 0x84, 0x2, 0x20, 0x20, 0xf, 0xf7,
    0x1d, 0x0, 0x68, 0x22, 0x48, 0x1a, 0x0, 0x70,
    0x86, 0x82, 0x0, 0x1c, 0x1c, 0x3, 0x48, 0xe8,
    0x7, 0x3e, 0xa2, 0x3, 0xc0, 0x3f, 0x20, 0x68,
    0x0, 0x40, 0x3d, 0xd8, 0x20, 0x1e, 0x2a, 0x7,
    0x30, 0xc, 0x40, 0xe6, 0x20, 0xa0, 0x2, 0x0,
    0xf3, 0x80, 0x7c, 0x3e, 0x9, 0x0, 0x1d, 0x20,
    0xd0, 0xc, 0x3d, 0x2a, 0x66, 0x0, 0xff, 0x87,
    0x48, 0x94, 0x1, 0xe7, 0xf1, 0x40, 0xb0, 0x36,
    0x9c, 0x80, 0xf, 0xf0, 0xe1, 0x96, 0x8, 0x7,
    0xee, 0x7, 0x21, 0xc2, 0x4c, 0x10, 0xf, 0xe3,
    0xc2, 0x3c, 0x10, 0xf, 0xd8, 0x49, 0x0, 0x1,
    0xc2, 0x3d, 0x10, 0xf, 0x9b, 0x9, 0xf0, 0x40,
    0x3e, 0x1c, 0x35, 0xb0, 0xc, 0x38, 0x27, 0xa0,
    0x1c, 0x57, 0x25, 0x90, 0x1, 0xf8, 0xf0, 0xe2,
    0x80, 0x3c, 0x3a, 0x7, 0x60, 0x14, 0x6b, 0x4e,
    0x98, 0x7, 0xe8, 0xc6, 0xd7, 0x0, 0xfc, 0x76,
    0x8, 0xc3, 0x85, 0x7a, 0xc0, 0x1f, 0xd0, 0x59,
    0x64, 0x1, 0xfe, 0x49, 0x24,

    /* U+FF0C "，" */
    0x0, 0x3c, 0x90, 0x2, 0x61, 0xb0, 0x0, 0x40,
    0x1, 0x40, 0xf0, 0x9, 0xc1, 0x28, 0x4, 0xc0,
    0x10, 0x14, 0x0, 0xc2, 0x94, 0x3, 0x6c, 0x60,
    0x0
};


/*---------------------
 *  GLYPH DESCRIPTION
 *--------------------*/

static const lv_font_fmt_txt_glyph_dsc_t glyph_dsc[] = {
    {.bitmap_index = 0, .adv_w = 0, .box_w = 0, .box_h = 0, .ofs_x = 0, .ofs_y = 0} /* id = 0 reserved */,
    {.bitmap_index = 0, .adv_w = 202, .box_w = 0, .box_h = 0, .ofs_x = 0, .ofs_y = 0},
    {.bitmap_index = 0, .adv_w = 202, .box_w = 5, .box_h = 26, .ofs_x = 4, .ofs_y = 0},
    {.bitmap_index = 49, .adv_w = 202, .box_w = 8, .box_h = 10, .ofs_x = 2, .ofs_y = 16},
    {.bitmap_index = 82, .adv_w = 346, .box_w = 20, .box_h = 26, .ofs_x = 1, .ofs_y = 0},
    {.bitmap_index = 265, .adv_w = 346, .box_w = 19, .box_h = 33, .ofs_x = 1, .ofs_y = -4},
    {.bitmap_index = 480, .adv_w = 461, .box_w = 26, .box_h = 29, .ofs_x = 1, .ofs_y = -1},
    {.bitmap_index = 761, .adv_w = 403, .box_w = 25, .box_h = 26, .ofs_x = 1, .ofs_y = 0},
    {.bitmap_index = 1000, .adv_w = 202, .box_w = 4, .box_h = 10, .ofs_x = 4, .ofs_y = 16},
    {.bitmap_index = 1016, .adv_w = 202, .box_w = 9, .box_h = 35, .ofs_x = 3, .ofs_y = -6},
    {.bitmap_index = 1136, .adv_w = 202, .box_w = 9, .box_h = 35, .ofs_x = 0, .ofs_y = -6},
    {.bitmap_index = 1252, .adv_w = 288, .box_w = 13, .box_h = 12, .ofs_x = 3, .ofs_y = 14},
    {.bitmap_index = 1318, .adv_w = 346, .box_w = 19, .box_h = 18, .ofs_x = 1, .ofs_y = 0},
    {.bitmap_index = 1368, .adv_w = 202, .box_w = 6, .box_h = 8, .ofs_x = 3, .ofs_y = -4},
    {.bitmap_index = 1394, .adv_w = 202, .box_w = 12, .box_h = 3, .ofs_x = 0, .ofs_y = 8},
    {.bitmap_index = 1405, .adv_w = 202, .box_w = 5, .box_h = 5, .ofs_x = 4, .ofs_y = 0},
    {.bitmap_index = 1417, .adv_w = 202, .box_w = 13, .box_h = 30, .ofs_x = 0, .ofs_y = -2},
    {.bitmap_index = 1531, .adv_w = 346, .box_w = 18, .box_h = 26, .ofs_x = 2, .ofs_y = 0},
    {.bitmap_index = 1703, .adv_w = 346, .box_w = 9, .box_h = 26, .ofs_x = 4, .ofs_y = 0},
    {.bitmap_index = 1741, .adv_w = 346, .box_w = 18, .box_h = 26, .ofs_x = 2, .ofs_y = 0},
    {.bitmap_index = 1904, .adv_w = 346, .box_w = 18, .box_h = 26, .ofs_x = 2, .ofs_y = 0},
    {.bitmap_index = 2078, .adv_w = 346, .box_w = 20, .box_h = 26, .ofs_x = 1, .ofs_y = 0},
    {.bitmap_index = 2221, .adv_w = 346, .box_w = 18, .box_h = 27, .ofs_x = 2, .ofs_y = 0},
    {.bitmap_index = 2397, .adv_w = 346, .box_w = 18, .box_h = 26, .ofs_x = 2, .ofs_y = 0},
    {.bitmap_index = 2571, .adv_w = 346, .box_w = 18, .box_h = 26, .ofs_x = 2, .ofs_y = 0},
    {.bitmap_index = 2725, .adv_w = 346, .box_w = 18, .box_h = 26, .ofs_x = 2, .ofs_y = 0},
    {.bitmap_index = 2911, .adv_w = 346, .box_w = 18, .box_h = 26, .ofs_x = 2, .ofs_y = 0},
    {.bitmap_index = 3085, .adv_w = 202, .box_w = 5, .box_h = 18, .ofs_x = 4, .ofs_y = 0},
    {.bitmap_index = 3110, .adv_w = 202, .box_w = 6, .box_h = 21, .ofs_x = 3, .ofs_y = -4},
    {.bitmap_index = 3151, .adv_w = 346, .box_w = 16, .box_h = 18, .ofs_x = 3, .ofs_y = 0},
    {.bitmap_index = 3252, .adv_w = 346, .box_w = 18, .box_h = 10, .ofs_x = 2, .ofs_y = 5},
    {.bitmap_index = 3284, .adv_w = 346, .box_w = 16, .box_h = 18, .ofs_x = 3, .ofs_y = 0},
    {.bitmap_index = 3384, .adv_w = 346, .box_w = 16, .box_h = 26, .ofs_x = 3, .ofs_y = 0},
    {.bitmap_index = 3521, .adv_w = 452, .box_w = 26, .box_h = 26, .ofs_x = 1, .ofs_y = 0},
    {.bitmap_index = 3818, .adv_w = 397, .box_w = 26, .box_h = 26, .ofs_x = -1, .ofs_y = 0},
    {.bitmap_index = 4016, .adv_w = 374, .box_w = 21, .box_h = 26, .ofs_x = 1, .ofs_y = 0},
    {.bitmap_index = 4198, .adv_w = 405, .box_w = 24, .box_h = 26, .ofs_x = 1, .ofs_y = 0},
    {.bitmap_index = 4387, .adv_w = 419, .box_w = 24, .box_h = 26, .ofs_x = 1, .ofs_y = 0},
    {.bitmap_index = 4562, .adv_w = 367, .box_w = 20, .box_h = 26, .ofs_x = 2, .ofs_y = 0},
    {.bitmap_index = 4644, .adv_w = 335, .box_w = 19, .box_h = 26, .ofs_x = 2, .ofs_y = 0},
    {.bitmap_index = 4717, .adv_w = 433, .box_w = 23, .box_h = 26, .ofs_x = 2, .ofs_y = 0},
    {.bitmap_index = 4919, .adv_w = 403, .box_w = 21, .box_h = 26, .ofs_x = 2, .ofs_y = 0},
    {.bitmap_index = 5010, .adv_w = 175, .box_w = 3, .box_h = 26, .ofs_x = 4, .ofs_y = 0},
    {.bitmap_index = 5025, .adv_w = 283, .box_w = 14, .box_h = 26, .ofs_x = 0, .ofs_y = 0},
    {.bitmap_index = 5092, .adv_w = 363, .box_w = 20, .box_h = 26, .ofs_x = 3, .ofs_y = 0},
    {.bitmap_index = 5254, .adv_w = 315, .box_w = 17, .box_h = 26, .ofs_x = 3, .ofs_y = 0},
    {.bitmap_index = 5300, .adv_w = 492, .box_w = 29, .box_h = 26, .ofs_x = 1, .ofs_y = 0},
    {.bitmap_index = 5577, .adv_w = 425, .box_w = 20, .box_h = 26, .ofs_x = 3, .ofs_y = 0},
    {.bitmap_index = 5721, .adv_w = 429, .box_w = 25, .box_h = 26, .ofs_x = 1, .ofs_y = 0},
    {.bitmap_index = 5943, .adv_w = 356, .box_w = 19, .box_h = 26, .ofs_x = 2, .ofs_y = 0},
    {.bitmap_index = 6062, .adv_w = 429, .box_w = 25, .box_h = 28, .ofs_x = 1, .ofs_y = -2},
    {.bitmap_index = 6307, .adv_w = 366, .box_w = 22, .box_h = 26, .ofs_x = 2, .ofs_y = 0},
    {.bitmap_index = 6479, .adv_w = 355, .box_w = 20, .box_h = 26, .ofs_x = 1, .ofs_y = 0},
    {.bitmap_index = 6668, .adv_w = 332, .box_w = 21, .box_h = 26, .ofs_x = 0, .ofs_y = 0},
    {.bitmap_index = 6720, .adv_w = 409, .box_w = 19, .box_h = 26, .ofs_x = 3, .ofs_y = 0},
    {.bitmap_index = 6820, .adv_w = 357, .box_w = 22, .box_h = 26, .ofs_x = 0, .ofs_y = 0},
    {.bitmap_index = 7008, .adv_w = 507, .box_w = 32, .box_h = 26, .ofs_x = 0, .ofs_y = 0},
    {.bitmap_index = 7313, .adv_w = 346, .box_w = 22, .box_h = 26, .ofs_x = 0, .ofs_y = 0},
    {.bitmap_index = 7514, .adv_w = 346, .box_w = 21, .box_h = 26, .ofs_x = 0, .ofs_y = 0},
    {.bitmap_index = 7648, .adv_w = 346, .box_w = 20, .box_h = 26, .ofs_x = 1, .ofs_y = 0},
    {.bitmap_index = 7811, .adv_w = 202, .box_w = 7, .box_h = 34, .ofs_x = 5, .ofs_y = -5},
    {.bitmap_index = 7835, .adv_w = 202, .box_w = 13, .box_h = 30, .ofs_x = 0, .ofs_y = -2},
    {.bitmap_index = 7949, .adv_w = 202, .box_w = 8, .box_h = 34, .ofs_x = 0, .ofs_y = -6},
    {.bitmap_index = 7978, .adv_w = 346, .box_w = 18, .box_h = 17, .ofs_x = 2, .ofs_y = 10},
    {.bitmap_index = 8085, .adv_w = 288, .box_w = 20, .box_h = 3, .ofs_x = -1, .ofs_y = -6},
    {.bitmap_index = 8098, .adv_w = 288, .box_w = 8, .box_h = 5, .ofs_x = 5, .ofs_y = 21},
    {.bitmap_index = 8118, .adv_w = 331, .box_w = 17, .box_h = 18, .ofs_x = 2, .ofs_y = 0},
    {.bitmap_index = 8245, .adv_w = 330, .box_w = 16, .box_h = 26, .ofs_x = 3, .ofs_y = 0},
    {.bitmap_index = 8377, .adv_w = 305, .box_w = 16, .box_h = 18, .ofs_x = 2, .ofs_y = 0},
    {.bitmap_index = 8489, .adv_w = 331, .box_w = 17, .box_h = 26, .ofs_x = 2, .ofs_y = 0},
    {.bitmap_index = 8626, .adv_w = 313, .box_w = 17, .box_h = 18, .ofs_x = 1, .ofs_y = 0},
    {.bitmap_index = 8756, .adv_w = 213, .box_w = 13, .box_h = 26, .ofs_x = 0, .ofs_y = 0},
    {.bitmap_index = 8823, .adv_w = 334, .box_w = 16, .box_h = 24, .ofs_x = 2, .ofs_y = -6},
    {.bitmap_index = 8982, .adv_w = 339, .box_w = 15, .box_h = 26, .ofs_x = 3, .ofs_y = 0},
    {.bitmap_index = 9078, .adv_w = 151, .box_w = 5, .box_h = 26, .ofs_x = 2, .ofs_y = 0},
    {.bitmap_index = 9107, .adv_w = 173, .box_w = 9, .box_h = 32, .ofs_x = 0, .ofs_y = -6},
    {.bitmap_index = 9163, .adv_w = 294, .box_w = 16, .box_h = 26, .ofs_x = 3, .ofs_y = 0},
    {.bitmap_index = 9279, .adv_w = 151, .box_w = 7, .box_h = 26, .ofs_x = 3, .ofs_y = 0},
    {.bitmap_index = 9304, .adv_w = 470, .box_w = 24, .box_h = 18, .ofs_x = 3, .ofs_y = 0},
    {.bitmap_index = 9425, .adv_w = 339, .box_w = 15, .box_h = 18, .ofs_x = 3, .ofs_y = 0},
    {.bitmap_index = 9508, .adv_w = 324, .box_w = 17, .box_h = 18, .ofs_x = 2, .ofs_y = 0},
    {.bitmap_index = 9630, .adv_w = 329, .box_w = 16, .box_h = 24, .ofs_x = 3, .ofs_y = -6},
    {.bitmap_index = 9766, .adv_w = 332, .box_w = 17, .box_h = 24, .ofs_x = 1, .ofs_y = -6},
    {.bitmap_index = 9900, .adv_w = 248, .box_w = 13, .box_h = 18, .ofs_x = 3, .ofs_y = 0},
    {.bitmap_index = 9964, .adv_w = 294, .box_w = 15, .box_h = 18, .ofs_x = 2, .ofs_y = 0},
    {.bitmap_index = 10078, .adv_w = 207, .box_w = 13, .box_h = 25, .ofs_x = 0, .ofs_y = 0},
    {.bitmap_index = 10144, .adv_w = 340, .box_w = 16, .box_h = 18, .ofs_x = 3, .ofs_y = 0},
    {.bitmap_index = 10242, .adv_w = 282, .box_w = 16, .box_h = 18, .ofs_x = 1, .ofs_y = 0},
    {.bitmap_index = 10350, .adv_w = 420, .box_w = 26, .box_h = 18, .ofs_x = 0, .ofs_y = 0},
    {.bitmap_index = 10539, .adv_w = 288, .box_w = 16, .box_h = 18, .ofs_x = 1, .ofs_y = 0},
    {.bitmap_index = 10653, .adv_w = 288, .box_w = 18, .box_h = 24, .ofs_x = 0, .ofs_y = -6},
    {.bitmap_index = 10804, .adv_w = 282, .box_w = 16, .box_h = 18, .ofs_x = 1, .ofs_y = 0},
    {.bitmap_index = 10897, .adv_w = 202, .box_w = 10, .box_h = 35, .ofs_x = 2, .ofs_y = -6},
    {.bitmap_index = 11010, .adv_w = 202, .box_w = 3, .box_h = 26, .ofs_x = 5, .ofs_y = 0},
    {.bitmap_index = 11015, .adv_w = 202, .box_w = 10, .box_h = 35, .ofs_x = 0, .ofs_y = -6},
    {.bitmap_index = 11134, .adv_w = 346, .box_w = 19, .box_h = 5, .ofs_x = 1, .ofs_y = 7},
    {.bitmap_index = 11179, .adv_w = 576, .box_w = 32, .box_h = 5, .ofs_x = 2, .ofs_y = 11},
    {.bitmap_index = 11244, .adv_w = 576, .box_w = 31, .box_h = 33, .ofs_x = 3, .ofs_y = -3},
    {.bitmap_index = 11551, .adv_w = 576, .box_w = 35, .box_h = 34, .ofs_x = 1, .ofs_y = -3},
    {.bitmap_index = 11763, .adv_w = 576, .box_w = 28, .box_h = 35, .ofs_x = 4, .ofs_y = -5},
    {.bitmap_index = 11980, .adv_w = 576, .box_w = 34, .box_h = 31, .ofs_x = 1, .ofs_y = -3},
    {.bitmap_index = 12226, .adv_w = 576, .box_w = 30, .box_h = 32, .ofs_x = 3, .ofs_y = -3},
    {.bitmap_index = 12528, .adv_w = 576, .box_w = 33, .box_h = 32, .ofs_x = 2, .ofs_y = -3},
    {.bitmap_index = 12845, .adv_w = 576, .box_w = 30, .box_h = 33, .ofs_x = 3, .ofs_y = -3},
    {.bitmap_index = 13163, .adv_w = 576, .box_w = 33, .box_h = 33, .ofs_x = 2, .ofs_y = -3},
    {.bitmap_index = 13548, .adv_w = 576, .box_w = 35, .box_h = 33, .ofs_x = 1, .ofs_y = -3},
    {.bitmap_index = 13875, .adv_w = 576, .box_w = 34, .box_h = 32, .ofs_x = 1, .ofs_y = -3},
    {.bitmap_index = 14216, .adv_w = 576, .box_w = 37, .box_h = 32, .ofs_x = 0, .ofs_y = -3},
    {.bitmap_index = 14582, .adv_w = 576, .box_w = 35, .box_h = 31, .ofs_x = 1, .ofs_y = -3},
    {.bitmap_index = 14825, .adv_w = 576, .box_w = 34, .box_h = 31, .ofs_x = 1, .ofs_y = -3},
    {.bitmap_index = 15170, .adv_w = 576, .box_w = 35, .box_h = 32, .ofs_x = 1, .ofs_y = -3},
    {.bitmap_index = 15513, .adv_w = 576, .box_w = 32, .box_h = 33, .ofs_x = 2, .ofs_y = -3},
    {.bitmap_index = 15833, .adv_w = 576, .box_w = 32, .box_h = 32, .ofs_x = 1, .ofs_y = -3},
    {.bitmap_index = 16147, .adv_w = 576, .box_w = 31, .box_h = 32, .ofs_x = 2, .ofs_y = -3},
    {.bitmap_index = 16501, .adv_w = 576, .box_w = 33, .box_h = 32, .ofs_x = 0, .ofs_y = -3},
    {.bitmap_index = 16843, .adv_w = 576, .box_w = 32, .box_h = 32, .ofs_x = 2, .ofs_y = -4},
    {.bitmap_index = 17069, .adv_w = 576, .box_w = 33, .box_h = 33, .ofs_x = 1, .ofs_y = -4},
    {.bitmap_index = 17467, .adv_w = 576, .box_w = 30, .box_h = 34, .ofs_x = 3, .ofs_y = -4},
    {.bitmap_index = 17788, .adv_w = 576, .box_w = 35, .box_h = 34, .ofs_x = 1, .ofs_y = -4},
    {.bitmap_index = 18130, .adv_w = 576, .box_w = 33, .box_h = 29, .ofs_x = 2, .ofs_y = -2},
    {.bitmap_index = 18439, .adv_w = 576, .box_w = 33, .box_h = 32, .ofs_x = 3, .ofs_y = -3},
    {.bitmap_index = 18731, .adv_w = 576, .box_w = 33, .box_h = 33, .ofs_x = 1, .ofs_y = -3},
    {.bitmap_index = 19045, .adv_w = 576, .box_w = 28, .box_h = 31, .ofs_x = 4, .ofs_y = -3},
    {.bitmap_index = 19321, .adv_w = 576, .box_w = 34, .box_h = 30, .ofs_x = 1, .ofs_y = -1},
    {.bitmap_index = 19491, .adv_w = 576, .box_w = 34, .box_h = 33, .ofs_x = 1, .ofs_y = -3},
    {.bitmap_index = 19798, .adv_w = 576, .box_w = 31, .box_h = 33, .ofs_x = 1, .ofs_y = -3},
    {.bitmap_index = 20104, .adv_w = 576, .box_w = 35, .box_h = 31, .ofs_x = 1, .ofs_y = -3},
    {.bitmap_index = 20477, .adv_w = 576, .box_w = 34, .box_h = 32, .ofs_x = 1, .ofs_y = -3},
    {.bitmap_index = 20883, .adv_w = 576, .box_w = 35, .box_h = 32, .ofs_x = 1, .ofs_y = -3},
    {.bitmap_index = 21203, .adv_w = 576, .box_w = 33, .box_h = 32, .ofs_x = 2, .ofs_y = -3},
    {.bitmap_index = 21413, .adv_w = 576, .box_w = 34, .box_h = 32, .ofs_x = 1, .ofs_y = -3},
    {.bitmap_index = 21823, .adv_w = 576, .box_w = 35, .box_h = 31, .ofs_x = 0, .ofs_y = -3},
    {.bitmap_index = 22209, .adv_w = 576, .box_w = 33, .box_h = 31, .ofs_x = 1, .ofs_y = -3},
    {.bitmap_index = 22590, .adv_w = 576, .box_w = 28, .box_h = 32, .ofs_x = 3, .ofs_y = -3},
    {.bitmap_index = 22826, .adv_w = 576, .box_w = 34, .box_h = 24, .ofs_x = 1, .ofs_y = 0},
    {.bitmap_index = 22979, .adv_w = 576, .box_w = 30, .box_h = 29, .ofs_x = 5, .ofs_y = -2},
    {.bitmap_index = 23229, .adv_w = 576, .box_w = 35, .box_h = 34, .ofs_x = 1, .ofs_y = -4},
    {.bitmap_index = 23648, .adv_w = 576, .box_w = 31, .box_h = 33, .ofs_x = 1, .ofs_y = -3},
    {.bitmap_index = 23832, .adv_w = 576, .box_w = 34, .box_h = 33, .ofs_x = 1, .ofs_y = -3},
    {.bitmap_index = 24220, .adv_w = 576, .box_w = 32, .box_h = 30, .ofs_x = 2, .ofs_y = -3},
    {.bitmap_index = 24449, .adv_w = 576, .box_w = 25, .box_h = 32, .ofs_x = 5, .ofs_y = -3},
    {.bitmap_index = 24722, .adv_w = 576, .box_w = 33, .box_h = 32, .ofs_x = 2, .ofs_y = -3},
    {.bitmap_index = 25101, .adv_w = 576, .box_w = 33, .box_h = 31, .ofs_x = 2, .ofs_y = -3},
    {.bitmap_index = 25485, .adv_w = 576, .box_w = 33, .box_h = 33, .ofs_x = 2, .ofs_y = -3},
    {.bitmap_index = 25868, .adv_w = 576, .box_w = 34, .box_h = 32, .ofs_x = 1, .ofs_y = -3},
    {.bitmap_index = 26149, .adv_w = 576, .box_w = 35, .box_h = 32, .ofs_x = 1, .ofs_y = -3},
    {.bitmap_index = 26510, .adv_w = 576, .box_w = 35, .box_h = 33, .ofs_x = 1, .ofs_y = -4},
    {.bitmap_index = 26910, .adv_w = 576, .box_w = 35, .box_h = 32, .ofs_x = 1, .ofs_y = -3},
    {.bitmap_index = 27339, .adv_w = 576, .box_w = 35, .box_h = 32, .ofs_x = 1, .ofs_y = -3},
    {.bitmap_index = 27740, .adv_w = 576, .box_w = 35, .box_h = 33, .ofs_x = 1, .ofs_y = -4},
    {.bitmap_index = 28186, .adv_w = 576, .box_w = 34, .box_h = 32, .ofs_x = 1, .ofs_y = -3},
    {.bitmap_index = 28478, .adv_w = 576, .box_w = 34, .box_h = 32, .ofs_x = 1, .ofs_y = -3},
    {.bitmap_index = 28849, .adv_w = 576, .box_w = 35, .box_h = 31, .ofs_x = 1, .ofs_y = -3},
    {.bitmap_index = 29215, .adv_w = 576, .box_w = 33, .box_h = 30, .ofs_x = 2, .ofs_y = -2},
    {.bitmap_index = 29576, .adv_w = 576, .box_w = 31, .box_h = 33, .ofs_x = 2, .ofs_y = -4},
    {.bitmap_index = 29949, .adv_w = 576, .box_w = 34, .box_h = 33, .ofs_x = 1, .ofs_y = -3},
    {.bitmap_index = 30287, .adv_w = 576, .box_w = 34, .box_h = 34, .ofs_x = 1, .ofs_y = -4},
    {.bitmap_index = 30634, .adv_w = 576, .box_w = 35, .box_h = 32, .ofs_x = 1, .ofs_y = -3},
    {.bitmap_index = 30959, .adv_w = 576, .box_w = 34, .box_h = 32, .ofs_x = 1, .ofs_y = -4},
    {.bitmap_index = 31342, .adv_w = 576, .box_w = 34, .box_h = 28, .ofs_x = 1, .ofs_y = -2},
    {.bitmap_index = 31554, .adv_w = 576, .box_w = 33, .box_h = 33, .ofs_x = 2, .ofs_y = -3},
    {.bitmap_index = 31850, .adv_w = 576, .box_w = 35, .box_h = 33, .ofs_x = 1, .ofs_y = -3},
    {.bitmap_index = 32275, .adv_w = 576, .box_w = 33, .box_h = 31, .ofs_x = 2, .ofs_y = -3},
    {.bitmap_index = 32529, .adv_w = 576, .box_w = 35, .box_h = 31, .ofs_x = 1, .ofs_y = -3},
    {.bitmap_index = 32902, .adv_w = 576, .box_w = 34, .box_h = 32, .ofs_x = 1, .ofs_y = -3},
    {.bitmap_index = 33253, .adv_w = 576, .box_w = 36, .box_h = 32, .ofs_x = 0, .ofs_y = -3},
    {.bitmap_index = 33592, .adv_w = 576, .box_w = 33, .box_h = 31, .ofs_x = 2, .ofs_y = -2},
    {.bitmap_index = 33842, .adv_w = 576, .box_w = 30, .box_h = 33, .ofs_x = 4, .ofs_y = -3},
    {.bitmap_index = 34149, .adv_w = 576, .box_w = 25, .box_h = 33, .ofs_x = 5, .ofs_y = -3},
    {.bitmap_index = 34431, .adv_w = 576, .box_w = 35, .box_h = 33, .ofs_x = 0, .ofs_y = -3},
    {.bitmap_index = 34800, .adv_w = 576, .box_w = 22, .box_h = 30, .ofs_x = 7, .ofs_y = -3},
    {.bitmap_index = 35036, .adv_w = 576, .box_w = 32, .box_h = 30, .ofs_x = 2, .ofs_y = -3},
    {.bitmap_index = 35309, .adv_w = 576, .box_w = 33, .box_h = 34, .ofs_x = 2, .ofs_y = -4},
    {.bitmap_index = 35723, .adv_w = 576, .box_w = 33, .box_h = 31, .ofs_x = 2, .ofs_y = -2},
    {.bitmap_index = 36094, .adv_w = 576, .box_w = 33, .box_h = 32, .ofs_x = 2, .ofs_y = -3},
    {.bitmap_index = 36466, .adv_w = 576, .box_w = 34, .box_h = 32, .ofs_x = 2, .ofs_y = -3},
    {.bitmap_index = 36881, .adv_w = 576, .box_w = 33, .box_h = 32, .ofs_x = 2, .ofs_y = -3},
    {.bitmap_index = 37273, .adv_w = 576, .box_w = 34, .box_h = 32, .ofs_x = 2, .ofs_y = -3},
    {.bitmap_index = 37687, .adv_w = 576, .box_w = 32, .box_h = 33, .ofs_x = 2, .ofs_y = -4},
    {.bitmap_index = 38109, .adv_w = 576, .box_w = 28, .box_h = 30, .ofs_x = 4, .ofs_y = -3},
    {.bitmap_index = 38416, .adv_w = 576, .box_w = 34, .box_h = 31, .ofs_x = 1, .ofs_y = -3},
    {.bitmap_index = 38814, .adv_w = 576, .box_w = 34, .box_h = 33, .ofs_x = 1, .ofs_y = -4},
    {.bitmap_index = 39159, .adv_w = 576, .box_w = 33, .box_h = 33, .ofs_x = 1, .ofs_y = -4},
    {.bitmap_index = 39498, .adv_w = 576, .box_w = 30, .box_h = 33, .ofs_x = 4, .ofs_y = -3},
    {.bitmap_index = 39829, .adv_w = 576, .box_w = 34, .box_h = 33, .ofs_x = 1, .ofs_y = -3},
    {.bitmap_index = 40224, .adv_w = 576, .box_w = 36, .box_h = 32, .ofs_x = 1, .ofs_y = -3},
    {.bitmap_index = 40601, .adv_w = 576, .box_w = 32, .box_h = 32, .ofs_x = 2, .ofs_y = -4},
    {.bitmap_index = 40992, .adv_w = 576, .box_w = 34, .box_h = 29, .ofs_x = 1, .ofs_y = 0},
    {.bitmap_index = 41281, .adv_w = 576, .box_w = 36, .box_h = 32, .ofs_x = 0, .ofs_y = -3},
    {.bitmap_index = 41658, .adv_w = 576, .box_w = 32, .box_h = 33, .ofs_x = 2, .ofs_y = -3},
    {.bitmap_index = 42061, .adv_w = 576, .box_w = 35, .box_h = 33, .ofs_x = 0, .ofs_y = -3},
    {.bitmap_index = 42470, .adv_w = 576, .box_w = 34, .box_h = 32, .ofs_x = 1, .ofs_y = -4},
    {.bitmap_index = 42774, .adv_w = 576, .box_w = 34, .box_h = 31, .ofs_x = 1, .ofs_y = -3},
    {.bitmap_index = 43135, .adv_w = 576, .box_w = 35, .box_h = 32, .ofs_x = 1, .ofs_y = -3},
    {.bitmap_index = 43481, .adv_w = 576, .box_w = 34, .box_h = 30, .ofs_x = 1, .ofs_y = -3},
    {.bitmap_index = 43854, .adv_w = 576, .box_w = 34, .box_h = 33, .ofs_x = 1, .ofs_y = -3},
    {.bitmap_index = 44234, .adv_w = 576, .box_w = 31, .box_h = 34, .ofs_x = 3, .ofs_y = -4},
    {.bitmap_index = 44628, .adv_w = 576, .box_w = 35, .box_h = 33, .ofs_x = 1, .ofs_y = -3},
    {.bitmap_index = 45014, .adv_w = 576, .box_w = 35, .box_h = 34, .ofs_x = 1, .ofs_y = -4},
    {.bitmap_index = 45419, .adv_w = 576, .box_w = 35, .box_h = 34, .ofs_x = 1, .ofs_y = -4},
    {.bitmap_index = 45837, .adv_w = 576, .box_w = 34, .box_h = 32, .ofs_x = 1, .ofs_y = -4},
    {.bitmap_index = 46241, .adv_w = 576, .box_w = 34, .box_h = 33, .ofs_x = 1, .ofs_y = -4},
    {.bitmap_index = 46665, .adv_w = 576, .box_w = 31, .box_h = 32, .ofs_x = 3, .ofs_y = -3},
    {.bitmap_index = 47076, .adv_w = 576, .box_w = 30, .box_h = 32, .ofs_x = 3, .ofs_y = -3},
    {.bitmap_index = 47377, .adv_w = 576, .box_w = 35, .box_h = 33, .ofs_x = 1, .ofs_y = -3},
    {.bitmap_index = 47801, .adv_w = 576, .box_w = 34, .box_h = 33, .ofs_x = 1, .ofs_y = -3},
    {.bitmap_index = 48159, .adv_w = 576, .box_w = 34, .box_h = 33, .ofs_x = 1, .ofs_y = -3},
    {.bitmap_index = 48564, .adv_w = 576, .box_w = 6, .box_h = 8, .ofs_x = 3, .ofs_y = -4}
};

/*---------------------
 *  CHARACTER MAPPING
 *--------------------*/

static const uint16_t unicode_list_1[] = {
    0x0, 0x1c, 0x2a, 0x2d, 0x4b, 0x50, 0xa4, 0xac,
    0xae, 0x153, 0x160, 0x23c, 0x365, 0x377, 0x406, 0x44d,
    0x49f, 0x4a8, 0x4a9, 0x517, 0x59f, 0x5f0, 0x608, 0x627,
    0x62c, 0x68c, 0x8fd, 0x91f, 0x928, 0xaf0, 0xb7d, 0xbcb,
    0xdf9, 0xe0f, 0xe31, 0xe3f, 0xe4f, 0xfde, 0xfe5, 0xff2,
    0x1055, 0x107f, 0x10a6, 0x1100, 0x1153, 0x1155, 0x121d, 0x1411,
    0x144b, 0x14e9, 0x1562, 0x16ad, 0x173e, 0x1770, 0x1787, 0x17b0,
    0x182f, 0x183e, 0x187a, 0x195f, 0x1965, 0x1990, 0x199c, 0x1d63,
    0x1e14, 0x1e27, 0x1e5f, 0x1ef5, 0x1f4e, 0x25e0, 0x271f, 0x2735,
    0x287d, 0x28ae, 0x28ee, 0x2b3a, 0x2d97, 0x30cf, 0x30d3, 0x30dc,
    0x30e7, 0x30ea, 0x30ed, 0x3151, 0x316e, 0x3203, 0x324a, 0x32be,
    0x32fd, 0x3309, 0x38cb, 0x3a40, 0x3bc6, 0x3bc9, 0x3be6, 0x3daf,
    0x3dbe, 0x3ddd, 0x3ded, 0x3df4, 0x3f44, 0x417b, 0x4193, 0x4209,
    0x421a, 0x4253, 0x43cf, 0x47fb, 0x4959, 0x49f3, 0x4a91, 0xb10c
};

/*Collect the unicode lists and glyph_id offsets*/
static const lv_font_fmt_txt_cmap_t cmaps[] =
{
    {
        .range_start = 32, .range_length = 95, .glyph_id_start = 1,
        .unicode_list = NULL, .glyph_id_ofs_list = NULL, .list_length = 0, .type = LV_FONT_FMT_TXT_CMAP_FORMAT0_TINY
    },
    {
        .range_start = 19968, .range_length = 45325, .glyph_id_start = 96,
        .unicode_list = unicode_list_1, .glyph_id_ofs_list = NULL, .list_length = 112, .type = LV_FONT_FMT_TXT_CMAP_SPARSE_TINY
    }
};



/*--------------------
 *  ALL CUSTOM DATA
 *--------------------*/

#if LVGL_VERSION_MAJOR == 8
/*Store all the custom data of the font*/
static  lv_font_fmt_txt_glyph_cache_t cache;
#endif

#if LVGL_VERSION_MAJOR >= 8
static const lv_font_fmt_txt_dsc_t font_dsc = {
#else
static lv_font_fmt_txt_dsc_t font_dsc = {
#endif
    .glyph_bitmap = glyph_bitmap,
    .glyph_dsc = glyph_dsc,
    .cmaps = cmaps,
    .kern_dsc = NULL,
    .kern_scale = 0,
    .cmap_num = 2,
    .bpp = 4,
    .kern_classes = 0,
    .bitmap_format = 1,
#if LVGL_VERSION_MAJOR == 8
    .cache = &cache
#endif
};



/*-----------------
 *  PUBLIC FONT
 *----------------*/

/*Initialize a public general font descriptor*/
#if LVGL_VERSION_MAJOR >= 8
const lv_font_t qd_font_lxgw_36 = {
#else
lv_font_t qd_font_lxgw_36 = {
#endif
    .get_glyph_dsc = lv_font_get_glyph_dsc_fmt_txt,    /*Function pointer to get glyph's data*/
    .get_glyph_bitmap = lv_font_get_bitmap_fmt_txt,    /*Function pointer to get glyph's bitmap*/
    .line_height = 37,          /*The maximum line height required by the font*/
    .base_line = 6,             /*Baseline measured from the bottom of the line*/
#if !(LVGL_VERSION_MAJOR == 6 && LVGL_VERSION_MINOR == 0)
    .subpx = LV_FONT_SUBPX_NONE,
#endif
#if LV_VERSION_CHECK(7, 4, 0) || LVGL_VERSION_MAJOR >= 8
    .underline_position = -6,
    .underline_thickness = 2,
#endif
    .dsc = &font_dsc,          /*The custom font data. Will be accessed by `get_glyph_bitmap/dsc` */
#if LV_VERSION_CHECK(8, 2, 0) || LVGL_VERSION_MAJOR >= 9
    .fallback = NULL,
#endif
    .user_data = NULL,
};



#endif /*#if QD_FONT_LXGW_36*/

